Feature ID	Taxon
AY700248.1	Eukaryota;Chordata;Actinopteri;Tetraodontiformes;Balistidae;Abalistes;Abalistes stellatus;NA;NA;NA
KC894466.1	Eukaryota;Chordata;Actinopteri;Cypriniformes;Leuciscidae;Abramis;Abramis brama;Abramis brama orientalis;NA;NA
NC_085738.1	Eukaryota;Chordata;Actinopteri;NA;Pomacentridae;Abudefduf;Abudefduf saxatilis;NA;NA;NA
FJ616294.1	Eukaryota;Chordata;Actinopteri;NA;Pomacentridae;Abudefduf;Abudefduf septemfasciatus;NA;NA;NA
LC589608.1	Eukaryota;Chordata;Actinopteri;NA;Pomacentridae;Abudefduf;Abudefduf septemfasciatus;NA;NA;NA
AF436879.1	Eukaryota;Chordata;Actinopteri;NA;Pomacentridae;Abudefduf;Abudefduf sordidus;NA;NA;NA
FJ616296.1	Eukaryota;Chordata;Actinopteri;NA;Pomacentridae;Abudefduf;Abudefduf sordidus;NA;NA;NA
NC_067731.1	Eukaryota;Chordata;Actinopteri;Scombriformes;Scombridae;Acanthocybium;Acanthocybium solandri;NA;NA;NA
PP032949.1	Eukaryota;Chordata;Actinopteri;Scombriformes;Scombridae;Acanthocybium;Acanthocybium solandri;NA;NA;NA
JQ746035.1	Eukaryota;Chordata;Actinopteri;Spariformes;Sparidae;Acanthopagrus;Acanthopagrus schlegelii;NA;NA;NA
AY700273.1	Eukaryota;Chordata;Actinopteri;Tetraodontiformes;Ostraciidae;Acanthostracion;Acanthostracion polygonius;NA;NA;NA
KT600930.1	Eukaryota;Chordata;Actinopteri;Tetraodontiformes;Ostraciidae;Acanthostracion;Acanthostracion polygonius;NA;NA;NA
AY700275.1	Eukaryota;Chordata;Actinopteri;Tetraodontiformes;Ostraciidae;Acanthostracion;Acanthostracion quadricornis;NA;NA;NA
OP035106.1	Eukaryota;Chordata;Actinopteri;Acanthuriformes;Acanthuridae;Acanthurus;Acanthurus achilles;NA;NA;NA
OP056937.1	Eukaryota;Chordata;Actinopteri;Acanthuriformes;Acanthuridae;Acanthurus;Acanthurus chirurgus;NA;NA;NA
OP035153.1	Eukaryota;Chordata;Actinopteri;Acanthuriformes;Acanthuridae;Acanthurus;Acanthurus coeruleus;NA;NA;NA
LC834802.1	Eukaryota;Chordata;Actinopteri;Acanthuriformes;Acanthuridae;Acanthurus;Acanthurus dussumieri;NA;NA;NA
PZ253488.1	Eukaryota;Chordata;Actinopteri;Acanthuriformes;Acanthuridae;Acanthurus;Acanthurus mata;NA;NA;NA
OP035282.1	Eukaryota;Chordata;Actinopteri;Acanthuriformes;Acanthuridae;Acanthurus;Acanthurus nigrofuscus;NA;NA;NA
PZ310974.1	Eukaryota;Chordata;Actinopteri;Acanthuriformes;Acanthuridae;Acanthurus;Acanthurus nubilus;NA;NA;NA
PZ310975.1	Eukaryota;Chordata;Actinopteri;Acanthuriformes;Acanthuridae;Acanthurus;Acanthurus nubilus;NA;NA;NA
OP035305.1	Eukaryota;Chordata;Actinopteri;Acanthuriformes;Acanthuridae;Acanthurus;Acanthurus olivaceus;NA;NA;NA
NC_065340.1	Eukaryota;Chordata;Actinopteri;Acanthuriformes;Acanthuridae;Acanthurus;Acanthurus triostegus;NA;NA;NA
AF055607.1	Eukaryota;Chordata;Actinopteri;Acanthuriformes;Acanthuridae;Acanthurus;Acanthurus xanthopterus;NA;NA;NA
AY510085.1	Eukaryota;Chordata;Actinopteri;Acipenseriformes;Acipenseridae;Acipenser;Acipenser dabryanus;NA;NA;NA
AF125595.2	Eukaryota;Chordata;Actinopteri;Acipenseriformes;Acipenseridae;Acipenser;Acipenser fulvescens;NA;NA;NA
AY544136.1	Eukaryota;Chordata;Actinopteri;Acipenseriformes;Acipenseridae;Acipenser;Acipenser gueldenstaedtii;NA;NA;NA
KJ789859.1	Eukaryota;Chordata;Actinopteri;Acipenseriformes;Acipenseridae;Acipenser;Acipenser gueldenstaedtii;NA;NA;NA
AF125598.2	Eukaryota;Chordata;Actinopteri;Acipenseriformes;Acipenseridae;Acipenser;Acipenser medirostris;NA;NA;NA
AY544142.1	Eukaryota;Chordata;Actinopteri;Acipenseriformes;Acipenseridae;Acipenser;Acipenser schrenckii;NA;NA;NA
KC820796.1	Eukaryota;Chordata;Actinopteri;Acipenseriformes;Acipenseridae;Acipenser;Acipenser schrenckii;NA;NA;NA
MK213064.2	Eukaryota;Chordata;Actinopteri;Acipenseriformes;Acipenseridae;Acipenser;Acipenser stellatus;Acipenser stellatus ssp. 'stellatus cyrensis';NA;NA
AF125597.2	Eukaryota;Chordata;Actinopteri;Acipenseriformes;Acipenseridae;Acipenser;Acipenser transmontanus;NA;NA;NA
AP006043.1	Eukaryota;Chordata;Actinopteri;Pleuronectiformes;Soleidae;Aesopia;Aesopia cornuta;NA;NA;NA
NC_035426.1	Eukaryota;Chordata;Mammalia;Artiodactyla;Delphinidae;Aethalodelphis;Aethalodelphis obliquidens;NA;NA;NA
NC_022141.1	Eukaryota;Chordata;Actinopteri;Perciformes;Serranidae;Aethaloperca;Aethaloperca rogaa;NA;NA;NA
BK072016.1	Eukaryota;Chordata;Chondrichthyes;Myliobatiformes;Myliobatidae;Aetobatus;Aetobatus narinari;NA;NA;NA
KX151649.1	Eukaryota;Chordata;Chondrichthyes;Myliobatiformes;Myliobatidae;Aetobatus;Aetobatus narinari;NA;NA;NA
KF374950.1	Eukaryota;Chordata;Actinopteri;Mugiliformes;Mugilidae;Agonostomus;Agonostomus catalai;NA;NA;NA
NC_017876.1	Eukaryota;Chordata;Actinopteri;Mugiliformes;Mugilidae;Agonostomus;Agonostomus monticola;NA;NA;NA
NC_046497.1	Eukaryota;Chordata;Actinopteri;Siluriformes;Ailiidae;Ailia;Ailia coila;NA;NA;NA
PZ405507.1	Eukaryota;Chordata;Actinopteri;Siluriformes;Akysidae;Akysis;Akysis brachybarbatus;NA;NA;NA
NC_083061.1	Eukaryota;Chordata;Actinopteri;Gadiformes;Macrouridae;Albatrossia;Albatrossia pectoralis;NA;NA;NA
NC_082992.1	Eukaryota;Chordata;Actinopteri;Albuliformes;Albulidae;Albula;Albula vulpes;NA;NA;NA
PV916616.1	Eukaryota;Chordata;Mammalia;Artiodactyla;Cervidae;Alces;Alces alces;NA;NA;NA
KP405229.1	Eukaryota;Chordata;Mammalia;Artiodactyla;Cervidae;Alces;Alces alces;Alces alces cameloides;NA;NA
NC_017879.1	Eukaryota;Chordata;Actinopteri;Mugiliformes;Mugilidae;Aldrichetta;Aldrichetta forsteri;NA;NA;NA
NC_025566.1	Eukaryota;Chordata;Actinopteri;Carangiformes;Carangidae;Alectis;Alectis ciliaris;NA;NA;NA
PX429954.1	Eukaryota;Chordata;Actinopteri;Carangiformes;Carangidae;Alectis;Alectis ciliaris;NA;NA;NA
AY274004.1	Eukaryota;Chordata;Aves;Galliformes;Megapodiidae;Alectura;Alectura lathami;NA;NA;NA
NC_001922.1	Eukaryota;Chordata;NA;Crocodylia;Alligatoridae;Alligator;Alligator mississippiensis;NA;NA;NA
AF511507.1	Eukaryota;Chordata;NA;Crocodylia;Alligatoridae;Alligator;Alligator sinensis;NA;NA;NA
DQ283319.1	Eukaryota;Chordata;NA;Crocodylia;Alligatoridae;Alligator;Alligator sinensis;NA;NA;NA
NC_004398.1	Eukaryota;Chordata;Actinopteri;Zeiformes;Oreosomatidae;Allocyttus;Allocyttus niger;NA;NA;NA
NC_022822.1	Eukaryota;Chordata;Chondrichthyes;Lamniformes;Alopiidae;Alopias;Alopias pelagicus;NA;NA;NA
AF447987.1	Eukaryota;Chordata;Chondrichthyes;Lamniformes;Alopiidae;Alopias;Alopias superciliosus;NA;NA;NA
NC_021443.1	Eukaryota;Chordata;Chondrichthyes;Lamniformes;Alopiidae;Alopias;Alopias superciliosus;NA;NA;NA
MF125278.1	Eukaryota;Chordata;Chondrichthyes;Lamniformes;Alopiidae;Alopias;Alopias vulpinus;NA;NA;NA
NC_009575.1	Eukaryota;Chordata;Actinopteri;Clupeiformes;Clupeidae;Alosa;Alosa alosa;NA;NA;NA
PV624612.1	Eukaryota;Chordata;Actinopteri;Clupeiformes;Clupeidae;Alosa;Alosa pseudoharengus;NA;NA;NA
AY313982.1	Eukaryota;Chordata;Actinopteri;Perciformes;Serranidae;Alphestes;Alphestes afer;NA;NA;NA
NC_027268.1	Eukaryota;Chordata;Actinopteri;Tetraodontiformes;Monacanthidae;Aluterus;Aluterus monoceros;NA;NA;NA
KT600932.1	Eukaryota;Chordata;Actinopteri;Tetraodontiformes;Monacanthidae;Aluterus;Aluterus schoepfii;NA;NA;NA
OR582707.1	Eukaryota;Chordata;Actinopteri;Tetraodontiformes;Monacanthidae;Aluterus;Aluterus schoepfii;NA;NA;NA
NC_035659.1	Eukaryota;Chordata;Actinopteri;Centrarchiformes;Centrarchidae;Ambloplites;Ambloplites rupestris;NA;NA;NA
NC_035064.1	Eukaryota;Chordata;Actinopteri;Clupeiformes;Clupeidae;Amblygaster;Amblygaster sirm;NA;NA;NA
NC_043864.1	Eukaryota;Chordata;Actinopteri;Cypriniformes;Danionidae;Amblypharyngodon;Amblypharyngodon mola;NA;NA;NA
NC_000893.1	Eukaryota;Chordata;Chondrichthyes;Rajiformes;Rajidae;Amblyraja;Amblyraja radiata;NA;NA;NA
OR812570.1	Eukaryota;Chordata;Chondrichthyes;Rajiformes;Rajidae;Amblyraja;Amblyraja radiata;NA;NA;NA
OR812669.1	Eukaryota;Chordata;Chondrichthyes;Rajiformes;Rajidae;Amblyraja;Amblyraja radiata;NA;NA;NA
OR812674.1	Eukaryota;Chordata;Chondrichthyes;Rajiformes;Rajidae;Amblyraja;Amblyraja radiata;NA;NA;NA
MG570464.1	Eukaryota;Chordata;Actinopteri;Siluriformes;Ictaluridae;Ameiurus;Ameiurus catus;NA;NA;NA
NC_037012.1	Eukaryota;Chordata;Actinopteri;Siluriformes;Ictaluridae;Ameiurus;Ameiurus catus;NA;NA;NA
DQ421854.1	Eukaryota;Chordata;Actinopteri;Siluriformes;Ictaluridae;Ameiurus;Ameiurus melas;NA;NA;NA
NC_068674.1	Eukaryota;Chordata;Actinopteri;Siluriformes;Ictaluridae;Ameiurus;Ameiurus melas;NA;NA;NA
MG570406.1	Eukaryota;Chordata;Actinopteri;Siluriformes;Ictaluridae;Ameiurus;Ameiurus natalis;NA;NA;NA
NC_036391.1	Eukaryota;Chordata;Actinopteri;Siluriformes;Ictaluridae;Ameiurus;Ameiurus natalis;NA;NA;NA
NC_042499.1	Eukaryota;Chordata;Actinopteri;Siluriformes;Ictaluridae;Ameiurus;Ameiurus nebulosus;NA;NA;NA
NC_004742.1	Eukaryota;Chordata;Actinopteri;Amiiformes;Amiidae;Amia;Amia calva;NA;NA;NA
NC_028530.1	Eukaryota;Chordata;Actinopteri;Uranoscopiformes;Ammodytidae;Ammodytes;Ammodytes americanus;NA;NA;NA
PV423377.1	Eukaryota;Chordata;Actinopteri;Uranoscopiformes;Ammodytidae;Ammodytes;Ammodytes dubius;NA;NA;NA
NC_020461.1	Eukaryota;Chordata;Actinopteri;Uranoscopiformes;Ammodytidae;Ammodytes;Ammodytes hexapterus;NA;NA;NA
NC_023827.1	Eukaryota;Chordata;Actinopteri;Cichliformes;Cichlidae;Amphilophus;Amphilophus citrinellus;NA;NA;NA
AY279571.1	Eukaryota;Chordata;Actinopteri;NA;Embiotocidae;Amphistichus;Amphistichus argenteus;NA;NA;NA
JN125222.1	Eukaryota;Chordata;Actinopteri;NA;Embiotocidae;Amphistichus;Amphistichus argenteus;NA;NA;NA
JN125223.1	Eukaryota;Chordata;Actinopteri;NA;Embiotocidae;Amphistichus;Amphistichus koelzi;NA;NA;NA
AP006832.1	Eukaryota;Chordata;Actinopteri;Anabantiformes;Anabantidae;Anabas;Anabas testudineus;NA;NA;NA
KT001153.1	Eukaryota;Chordata;Actinopteri;Anabantiformes;Anabantidae;Anabas;Anabas testudineus;NA;NA;NA
NC_024752.1	Eukaryota;Chordata;Actinopteri;Anabantiformes;Anabantidae;Anabas;Anabas testudineus;NA;NA;NA
PZ237767.1	Eukaryota;Chordata;Actinopteri;Labriformes;Labridae;Anampses;Anampses caeruleopunctatus;NA;NA;NA
PZ315373.1	Eukaryota;Chordata;Actinopteri;Labriformes;Labridae;Anampses;Anampses caeruleopunctatus;NA;NA;NA
PZ237772.1	Eukaryota;Chordata;Actinopteri;Labriformes;Labridae;Anampses;Anampses geographicus;NA;NA;NA
LC654211.1	Eukaryota;Chordata;Actinopteri;Labriformes;Labridae;Anampses;Anampses melanurus;NA;NA;NA
PZ315374.1	Eukaryota;Chordata;Actinopteri;Labriformes;Labridae;Anampses;Anampses melanurus;NA;NA;NA
KX117921.1	Eukaryota;Chordata;Actinopteri;Perciformes;Anarhichadidae;Anarhichas;Anarhichas lupus;NA;NA;NA
KX117981.1	Eukaryota;Chordata;Actinopteri;Perciformes;Anarhichadidae;Anarhichas;Anarhichas lupus;NA;NA;NA
KX118007.1	Eukaryota;Chordata;Actinopteri;Perciformes;Anarhichadidae;Anarhichas;Anarhichas minor;NA;NA;NA
LC493930.1	Eukaryota;Chordata;Actinopteri;Perciformes;Anarhichadidae;Anarhichas;Anarhichas orientalis;NA;NA;NA
LC672482.1	Eukaryota;Chordata;Actinopteri;Perciformes;Anarhichadidae;Anarhichas;Anarhichas orientalis;NA;NA;NA
NC_044782.1	Eukaryota;Chordata;Actinopteri;Perciformes;Anarhichadidae;Anarrhichthys;Anarrhichthys ocellatus;NA;NA;NA
HM063539.1	Eukaryota;Chordata;Aves;Anseriformes;Anatidae;Anas;Anas carolinensis;NA;NA;NA
HM063540.1	Eukaryota;Chordata;Aves;Anseriformes;Anatidae;Anas;Anas crecca;Anas crecca crecca;NA;NA
L16770.1	Eukaryota;Chordata;Aves;Anseriformes;Anatidae;Anas;Anas platyrhynchos;NA;NA;NA
L22478.1	Eukaryota;Chordata;Aves;Anseriformes;Anatidae;Anas;Anas platyrhynchos;NA;NA;NA
OR242802.1	Eukaryota;Chordata;Aves;Anseriformes;Anatidae;Anas;Anas platyrhynchos;NA;NA;NA
OP056849.1	Eukaryota;Chordata;Actinopteri;Clupeiformes;Engraulidae;Anchoa;Anchoa cayorum;NA;NA;NA
DQ912048.1	Eukaryota;Chordata;Actinopteri;Clupeiformes;Engraulidae;Anchoa;Anchoa choerostoma;NA;NA;NA
DQ912036.1	Eukaryota;Chordata;Actinopteri;Clupeiformes;Engraulidae;Anchoa;Anchoa delicatissima;NA;NA;NA
DQ912040.1	Eukaryota;Chordata;Actinopteri;Clupeiformes;Engraulidae;Anchoa;Anchoa hepsetus;NA;NA;NA
PV642271.1	Eukaryota;Chordata;Actinopteri;Clupeiformes;Engraulidae;Anchoa;Anchoa hepsetus;NA;NA;NA
DQ912049.1	Eukaryota;Chordata;Actinopteri;Clupeiformes;Engraulidae;Anchoa;Anchoa lyolepis;NA;NA;NA
NC_082550.1	Eukaryota;Chordata;Actinopteri;Clupeiformes;Engraulidae;Anchoa;Anchoa mitchilli;NA;NA;NA
PV814431.1	Eukaryota;Chordata;Actinopteri;Clupeiformes;Engraulidae;Anchoa;Anchoa parva;NA;NA;NA
PV814432.1	Eukaryota;Chordata;Actinopteri;Clupeiformes;Engraulidae;Anchoa;Anchoa spinifer;NA;NA;NA
PX415544.1	Eukaryota;Chordata;Actinopteri;Clupeiformes;Engraulidae;Anchoviella;Anchoviella lepidentostole;NA;NA;NA
AP012524.1	Eukaryota;Chordata;Actinopteri;Clupeiformes;Engraulidae;Anchoviella;Anchoviella sp. CBM-ZF-12586;NA;NA;NA
AP011557.1	Eukaryota;Chordata;Actinopteri;Clupeiformes;Engraulidae;Anchoviella;Anchoviella sp. LBP 2297;NA;NA;NA
PZ285005.1	Eukaryota;Chordata;Actinopteri;Pleuronectiformes;Paralichthyidae;Ancylopsetta;Ancylopsetta dilecta;NA;NA;NA
KJ564240.1	Eukaryota;Chordata;Actinopteri;Anguilliformes;Anguillidae;Anguilla;Anguilla anguilla;NA;NA;NA
AB021891.1	Eukaryota;Chordata;Actinopteri;Anguilliformes;Anguillidae;Anguilla;Anguilla australis;Anguilla australis schmidti;NA;NA
NC_006538.1	Eukaryota;Chordata;Actinopteri;Anguilliformes;Anguillidae;Anguilla;Anguilla dieffenbachii;NA;NA;NA
FJ612587.1	Eukaryota;Chordata;Actinopteri;Anguilliformes;Anguillidae;Anguilla;Anguilla japonica;NA;NA;NA
NC_002707.2	Eukaryota;Chordata;Actinopteri;Anguilliformes;Anguillidae;Anguilla;Anguilla japonica;NA;NA;NA
FJ612584.1	Eukaryota;Chordata;Actinopteri;Anguilliformes;Anguillidae;Anguilla;Anguilla rostrata;NA;NA;NA
KJ564181.1	Eukaryota;Chordata;Actinopteri;Anguilliformes;Anguillidae;Anguilla;Anguilla rostrata;NA;NA;NA
NC_087983.1	Eukaryota;Chordata;Actinopteri;Lutjaniformes;Haemulidae;Anisotremus;Anisotremus surinamensis;NA;NA;NA
OP057108.2	Eukaryota;Chordata;Actinopteri;Lutjaniformes;Haemulidae;Anisotremus;Anisotremus virginicus;NA;NA;NA
NC_021446.1	Eukaryota;Chordata;Actinopteri;Clupeiformes;Clupeidae;Anodontostoma;Anodontostoma chacunda;NA;NA;NA
NC_018119.1	Eukaryota;Chordata;Actinopteri;Perciformes;Anoplopomatidae;Anoplopoma;Anoplopoma fimbria;NA;NA;NA
NC_011196.1	Eukaryota;Chordata;Aves;Anseriformes;Anatidae;Anser;Anser anser;NA;NA;NA
NC_003191.1	Eukaryota;Chordata;Actinopteri;Caproiformes;Caproidae;Antigonia;Antigonia capros;NA;NA;NA
NC_082569.1	Eukaryota;Chordata;Actinopteri;Caproiformes;Caproidae;Antigonia;Antigonia combatia;NA;NA;NA
FJ214989.1	Eukaryota;Chordata;Actinopteri;Gadiformes;Moridae;Antimora;Antimora rostrata;NA;NA;NA
AY949379.1	Eukaryota;Chordata;Actinopteri;Perciformes;Serranidae;Anyperodon;Anyperodon leucogrammicus;NA;NA;NA
NC_012709.1	Eukaryota;Chordata;Actinopteri;Perciformes;Serranidae;Anyperodon;Anyperodon leucogrammicus;NA;NA;NA
NC_022506.1	Eukaryota;Chordata;Actinopteri;Scombriformes;Trichiuridae;Aphanopus;Aphanopus carbo;NA;NA;NA
KU680993.1	Eukaryota;Chordata;Actinopteri;Lutjaniformes;Lutjanidae;Aphareus;Aphareus furca;NA;NA;NA
MG599474.1	Eukaryota;Chordata;Actinopteri;NA;Sciaenidae;Aplodinotus;Aplodinotus grunniens;NA;NA;NA
OP035136.1	Eukaryota;Chordata;Actinopteri;Perciformes;Serranidae;Aporops;Aporops bilinearis;NA;NA;NA
PZ315195.1	Eukaryota;Chordata;Actinopteri;Perciformes;Serranidae;Aporops;Aporops bilinearis;NA;NA;NA
PZ697374.1	Eukaryota;Chordata;Actinopteri;Perciformes;Serranidae;Aporops;Aporops bilinearis;NA;NA;NA
OP035220.2	Eukaryota;Chordata;Actinopteri;Lutjaniformes;Lutjanidae;Aprion;Aprion virescens;NA;NA;NA
AB761267.1	Eukaryota;Chordata;Amphibia;Anura;Ranidae;Aquarana;Aquarana catesbeiana;NA;NA;NA
NC_010570.1	Eukaryota;Chordata;Actinopteri;Osteoglossiformes;Osteoglossidae;Arapaima;Arapaima gigas;NA;NA;NA
NC_066917.1	Eukaryota;Chordata;Actinopteri;Centrarchiformes;Centrarchidae;Archoplites;Archoplites interruptus;NA;NA;NA
PZ697360.1	Eukaryota;Chordata;Actinopteri;Spariformes;Sparidae;Archosargus;Archosargus probatocephalus;NA;NA;NA
OP035230.2	Eukaryota;Chordata;Actinopteri;Spariformes;Sparidae;Archosargus;Archosargus rhomboidalis;NA;NA;NA
AF513820.1	Eukaryota;Chordata;Mammalia;Carnivora;Otariidae;Arctocephalus;Arctocephalus forsteri;NA;NA;NA
AM181018.1	Eukaryota;Chordata;Mammalia;Carnivora;Otariidae;Arctocephalus;Arctocephalus pusillus;NA;NA;NA
AM181021.1	Eukaryota;Chordata;Mammalia;Carnivora;Otariidae;Arctocephalus;Arctocephalus townsendi;NA;NA;NA
KP644354.1	Eukaryota;Chordata;Actinopteri;Gadiformes;Gadidae;Arctogadus;Arctogadus glacialis;NA;NA;NA
AP012952.1	Eukaryota;Chordata;Actinopteri;Argentiniformes;Argentinidae;Argentina;Argentina silus;NA;NA;NA
NW_028152263.1	Eukaryota;Chordata;Actinopteri;Argentiniformes;Argentinidae;Argentina;Argentina silus;NA;NA;NA
MT410933.1	Eukaryota;Chordata;Actinopteri;Argentiniformes;Argentinidae;Argentina;Argentina sphyraena;NA;NA;NA
MH248240.1	Eukaryota;Chordata;Actinopteri;Spariformes;Sparidae;Argyrops;Argyrops spinifer;NA;NA;NA
NC_017610.1	Eukaryota;Chordata;Actinopteri;NA;Sciaenidae;Argyrosomus;Argyrosomus japonicus;NA;NA;NA
OP154149.1	Eukaryota;Chordata;Actinopteri;Siluriformes;Ariidae;Ariopsis;Ariopsis felis;NA;NA;NA
DQ645662.1	Eukaryota;Chordata;Actinopteri;Anguilliformes;Congridae;Ariosoma;Ariosoma balearicum;NA;NA;NA
PV460831.1	Eukaryota;Chordata;Actinopteri;Anguilliformes;Congridae;Ariosoma;Ariosoma balearicum;NA;NA;NA
PX429974.1	Eukaryota;Chordata;Actinopteri;Siluriformes;Ariidae;Arius;Arius maculatus;NA;NA;NA
AP019604.1	Eukaryota;Chordata;Actinopteri;Tetraodontiformes;Tetraodontidae;Arothron;Arothron diadematus;NA;NA;NA
AP006742.1	Eukaryota;Chordata;Actinopteri;Tetraodontiformes;Tetraodontidae;Arothron;Arothron firmamentum;NA;NA;NA
AP011930.1	Eukaryota;Chordata;Actinopteri;Tetraodontiformes;Tetraodontidae;Arothron;Arothron hispidus;NA;NA;NA
AP019603.1	Eukaryota;Chordata;Actinopteri;Tetraodontiformes;Tetraodontidae;Arothron;Arothron hispidus;NA;NA;NA
KT600935.1	Eukaryota;Chordata;Actinopteri;Tetraodontiformes;Tetraodontidae;Arothron;Arothron hispidus;NA;NA;NA
LC778713.1	Eukaryota;Chordata;Actinopteri;Tetraodontiformes;Tetraodontidae;Arothron;Arothron hispidus;NA;NA;NA
PZ574373.1	Eukaryota;Chordata;Actinopteri;Tetraodontiformes;Tetraodontidae;Arothron;Arothron hispidus;NA;NA;NA
AP019600.1	Eukaryota;Chordata;Actinopteri;Tetraodontiformes;Tetraodontidae;Arothron;Arothron immaculatus;NA;NA;NA
PZ315496.1	Eukaryota;Chordata;Actinopteri;Tetraodontiformes;Tetraodontidae;Arothron;Arothron immaculatus;NA;NA;NA
AP011929.1	Eukaryota;Chordata;Actinopteri;Tetraodontiformes;Tetraodontidae;Arothron;Arothron manilensis;NA;NA;NA
KT600936.1	Eukaryota;Chordata;Actinopteri;Tetraodontiformes;Tetraodontidae;Arothron;Arothron manilensis;NA;NA;NA
AP011931.1	Eukaryota;Chordata;Actinopteri;Tetraodontiformes;Tetraodontidae;Arothron;Arothron mappa;NA;NA;NA
AP019610.1	Eukaryota;Chordata;Actinopteri;Tetraodontiformes;Tetraodontidae;Arothron;Arothron multilineatus;NA;NA;NA
AP019608.1	Eukaryota;Chordata;Actinopteri;Tetraodontiformes;Tetraodontidae;Arothron;Arothron reticularis;NA;NA;NA
AP019607.1	Eukaryota;Chordata;Actinopteri;Tetraodontiformes;Tetraodontidae;Arothron;Arothron stellatus;NA;NA;NA
NC_015787.1	Eukaryota;Chordata;Actinopteri;Scombriformes;Arripidae;Arripis;Arripis trutta;NA;NA;NA
NC_071940.1	Eukaryota;Chordata;Actinopteri;Pleuronectiformes;Soleidae;Aseraggodes;Aseraggodes kaianus;NA;NA;NA
NC_024285.1	Eukaryota;Chordata;Actinopteri;Pleuronectiformes;Soleidae;Aseraggodes;Aseraggodes kobensis;NA;NA;NA
NC_009058.1	Eukaryota;Chordata;Actinopteri;Cichliformes;Cichlidae;Astronotus;Astronotus ocellatus;NA;NA;NA
NC_083172.1	Eukaryota;Chordata;Actinopteri;Pleuronectiformes;Pleuronectidae;Atheresthes;Atheresthes evermanni;NA;NA;NA
GQ352661.1	Eukaryota;Chordata;Actinopteri;Atheriniformes;Atherinidae;Atherina;Atherina boyeri;NA;NA;NA
NC_066928.1	Eukaryota;Chordata;Actinopteri;Atheriniformes;Atherinopsidae;Atherinops;Atherinops affinis;NA;NA;NA
NC_067733.1	Eukaryota;Chordata;Actinopteri;Atheriniformes;Atherinopsidae;Atherinopsis;Atherinopsis californiensis;NA;NA;NA
JF912038.1	Eukaryota;Chordata;Actinopteri;Semionotiformes;Lepisosteidae;Atractosteus;Atractosteus spatula;NA;NA;NA
NC_035982.1	Eukaryota;Chordata;Actinopteri;NA;Sciaenidae;Atrobucca;Atrobucca nibe;NA;NA;NA
NC_026222.1	Eukaryota;Chordata;Actinopteri;Carangiformes;Carangidae;Atule;Atule mate;NA;NA;NA
OM749733.1	Eukaryota;Chordata;Actinopteri;Perciformes;Serranidae;Aulacocephalus;Aulacocephalus temminckii;NA;NA;NA
OP056837.2	Eukaryota;Chordata;Actinopteri;Syngnathiformes;Aulostomidae;Aulostomus;Aulostomus maculatus;NA;NA;NA
NC_015348.1	Eukaryota;Chordata;Actinopteri;Tetraodontiformes;Tetraodontidae;Auriglobus;Auriglobus modestus;NA;NA;NA
KM055368.1	Eukaryota;Chordata;Actinopteri;Scombriformes;Scombridae;Auxis;Auxis rochei;NA;NA;NA
NC_005313.1	Eukaryota;Chordata;Actinopteri;Scombriformes;Scombridae;Auxis;Auxis rochei;NA;NA;NA
KP828047.1	Eukaryota;Chordata;Actinopteri;Scombriformes;Scombridae;Auxis;Auxis thazard;NA;NA;NA
KP342264.1	Eukaryota;Chordata;Actinopteri;Siluriformes;Sisoridae;Bagarius;Bagarius yarrelli;NA;NA;NA
KT983411.1	Eukaryota;Chordata;Actinopteri;Siluriformes;Sisoridae;Bagarius;Bagarius yarrelli;NA;NA;NA
NC_021606.1	Eukaryota;Chordata;Actinopteri;Siluriformes;Sisoridae;Bagarius;Bagarius yarrelli;NA;NA;NA
JX899751.1	Eukaryota;Chordata;Actinopteri;Siluriformes;Ariidae;Bagre;Bagre marinus;NA;NA;NA
MH377768.1	Eukaryota;Chordata;Actinopteri;NA;Sciaenidae;Bairdiella;Bairdiella chrysoura;NA;NA;NA
PX519993.1	Eukaryota;Chordata;Mammalia;Artiodactyla;Balaenopteridae;Balaenoptera;Balaenoptera bonaerensis;NA;NA;NA
ON675282.1	Eukaryota;Chordata;Mammalia;Artiodactyla;Balaenopteridae;Balaenoptera;Balaenoptera musculus;NA;NA;NA
ON675314.1	Eukaryota;Chordata;Mammalia;Artiodactyla;Balaenopteridae;Balaenoptera;Balaenoptera musculus;NA;NA;NA
ON675352.1	Eukaryota;Chordata;Mammalia;Artiodactyla;Balaenopteridae;Balaenoptera;Balaenoptera musculus;NA;NA;NA
ON675355.1	Eukaryota;Chordata;Mammalia;Artiodactyla;Balaenopteridae;Balaenoptera;Balaenoptera musculus;NA;NA;NA
PQ997938.1	Eukaryota;Chordata;Mammalia;Artiodactyla;Balaenopteridae;Balaenoptera;Balaenoptera ricei;NA;NA;NA
AY700238.1	Eukaryota;Chordata;Actinopteri;Tetraodontiformes;Balistidae;Balistes;Balistes capriscus;NA;NA;NA
KT600938.1	Eukaryota;Chordata;Actinopteri;Tetraodontiformes;Balistidae;Balistes;Balistes capriscus;NA;NA;NA
KT600941.1	Eukaryota;Chordata;Actinopteri;Tetraodontiformes;Balistidae;Balistes;Balistes vetula;NA;NA;NA
NC_011948.1	Eukaryota;Chordata;Actinopteri;Tetraodontiformes;Balistidae;Balistes;Balistes vetula;NA;NA;NA
NC_031521.1	Eukaryota;Chordata;Actinopteri;Cypriniformes;Cyprinidae;Barbonymus;Barbonymus altus;NA;NA;NA
NC_008655.1	Eukaryota;Chordata;Actinopteri;Cypriniformes;Cyprinidae;Barbonymus;Barbonymus gonionotus;NA;NA;NA
PP937076.1	Eukaryota;Chordata;Actinopteri;Cypriniformes;Cyprinidae;Barbonymus;Barbonymus schwanefeldii;NA;NA;NA
NC_083041.1	Eukaryota;Chordata;Actinopteri;Perciformes;Serranidae;Bathyanthias;Bathyanthias cubensis;NA;NA;NA
NC_082809.1	Eukaryota;Chordata;Chondrichthyes;Rajiformes;Arhynchobatidae;Bathyraja;Bathyraja interrupta;NA;NA;NA
NC_082774.1	Eukaryota;Chordata;Chondrichthyes;Rajiformes;Arhynchobatidae;Bathyraja;Bathyraja parmifera;NA;NA;NA
KX929885.1	Eukaryota;Chordata;Chondrichthyes;Rajiformes;Arhynchobatidae;Bathyraja;Bathyraja spinicauda;NA;NA;NA
PP467804.1	Eukaryota;Chordata;Actinopteri;Pleuronectiformes;Soleidae;Bathysolea;Bathysolea profundicola;NA;NA;NA
MH377783.1	Eukaryota;Chordata;Chondrichthyes;Myliobatiformes;Dasyatidae;Bathytoshia;Bathytoshia centroura;NA;NA;NA
NC_059937.1	Eukaryota;Chordata;Chondrichthyes;Myliobatiformes;Dasyatidae;Bathytoshia;Bathytoshia centroura;NA;NA;NA
PZ507589.1	Eukaryota;Chordata;Actinopteri;Perciformes;Serranidae;Belonoperca;Belonoperca chabanaudi;NA;NA;NA
NC_082808.1	Eukaryota;Chordata;Chondrichthyes;Rajiformes;Rajidae;Beringraja;Beringraja binoculata;NA;NA;NA
NC_004393.1	Eukaryota;Chordata;Actinopteri;Beryciformes;Berycidae;Beryx;Beryx decadactylus;NA;NA;NA
DQ996312.1	Eukaryota;Chordata;Actinopteri;Beryciformes;Berycidae;Beryx;Beryx splendens;NA;NA;NA
NC_003188.1	Eukaryota;Chordata;Actinopteri;Beryciformes;Berycidae;Beryx;Beryx splendens;NA;NA;NA
KX451362.1	Eukaryota;Chordata;Mammalia;Artiodactyla;Bovidae;Bison;Bison bison;Bison bison athabascae;NA;NA
KX451352.1	Eukaryota;Chordata;Mammalia;Artiodactyla;Bovidae;Bison;Bison bison;Bison bison bison;NA;NA
PX734720.1	Eukaryota;Chordata;Actinopteri;Siluriformes;Ariidae;Bleekeriella;Bleekeriella leptaspis;NA;NA;NA
OP035132.1	Eukaryota;Chordata;Actinopteri;Labriformes;Labridae;Bodianus;Bodianus albotaeniatus;NA;NA;NA
PZ315378.1	Eukaryota;Chordata;Actinopteri;Labriformes;Labridae;Bodianus;Bodianus anthioides;NA;NA;NA
PZ253520.1	Eukaryota;Chordata;Actinopteri;Labriformes;Labridae;Bodianus;Bodianus axillaris;NA;NA;NA
PX804240.1	Eukaryota;Chordata;Actinopteri;Labriformes;Labridae;Bodianus;Bodianus bilunulatus;NA;NA;NA
PZ237769.1	Eukaryota;Chordata;Actinopteri;Labriformes;Labridae;Bodianus;Bodianus mesothorax;NA;NA;NA
NC_028423.1	Eukaryota;Chordata;Actinopteri;Labriformes;Labridae;Bodianus;Bodianus oxycephalus;NA;NA;NA
PV423371.1	Eukaryota;Chordata;Actinopteri;Labriformes;Labridae;Bodianus;Bodianus parrae;NA;NA;NA
KY815246.1	Eukaryota;Chordata;Actinopteri;Labriformes;Labridae;Bodianus;Bodianus pulchellus;NA;NA;NA
LC815099.1	Eukaryota;Chordata;Actinopteri;Labriformes;Labridae;Bodianus;Bodianus reticulatus;NA;NA;NA
AJ810126.1	Eukaryota;Chordata;Actinopteri;Labriformes;Labridae;Bodianus;Bodianus rufus;NA;NA;NA
LC340201.2	Eukaryota;Chordata;Actinopteri;Labriformes;Labridae;Bodianus;Bodianus tanyokidus;NA;NA;NA
NC_033901.1	Eukaryota;Chordata;Actinopteri;Labriformes;Labridae;Bolbometopon;Bolbometopon muricatum;NA;NA;NA
PP467815.1	Eukaryota;Chordata;Actinopteri;Spariformes;Sparidae;Boops;Boops boops;NA;NA;NA
NC_010121.1	Eukaryota;Chordata;Actinopteri;Gadiformes;Gadidae;Boreogadus;Boreogadus saida;NA;NA;NA
NC_036020.1	Eukaryota;Chordata;Mammalia;Artiodactyla;Bovidae;Bos;Bos frontalis;NA;NA;NA
NC_046055.1	Eukaryota;Chordata;Mammalia;Artiodactyla;Bovidae;Bos;Bos grunniens x Bos taurus;NA;NA;NA
PX126013.1	Eukaryota;Chordata;Mammalia;Artiodactyla;Bovidae;Bos;Bos javanicus;NA;NA;NA
NC_006853.1	Eukaryota;Chordata;Mammalia;Artiodactyla;Bovidae;Bos;Bos taurus;NA;NA;NA
PV423372.1	Eukaryota;Chordata;Actinopteri;Pleuronectiformes;Bothidae;Bothus;Bothus mancus;NA;NA;NA
NC_024947.1	Eukaryota;Chordata;Actinopteri;Pleuronectiformes;Bothidae;Bothus;Bothus pantherinus;NA;NA;NA
MN867911.1	Eukaryota;Chordata;Actinopteri;Cypriniformes;Botiidae;Botia;Botia dario;NA;NA;NA
NC_026078.1	Eukaryota;Chordata;Actinopteri;Pleuronectiformes;Soleidae;Brachirus;Brachirus orientalis;NA;NA;NA
PX644058.1	Eukaryota;Chordata;Actinopteri;Pleuronectiformes;Soleidae;Brachirus;Brachirus sp.;NA;NA;NA
OP056910.2	Eukaryota;Chordata;Actinopteri;Lutjaniformes;Haemulidae;Brachygenys;Brachygenys chrysargyrea;NA;NA;NA
JF898675.1	Eukaryota;Chordata;Actinopteri;Siluriformes;Pimelodidae;Brachyplatystoma;Brachyplatystoma filamentosum;NA;NA;NA
MH409959.1	Eukaryota;Chordata;Actinopteri;Scombriformes;Bramidae;Brama;Brama dussumieri;NA;NA;NA
AP005998.1	Eukaryota;Chordata;Actinopteri;Scombriformes;Bramidae;Brama;Brama japonica;NA;NA;NA
KT908039.1	Eukaryota;Chordata;Actinopteri;Scombriformes;Bramidae;Brama;Brama japonica;NA;NA;NA
LC685937.1	Eukaryota;Chordata;Actinopteri;Scombriformes;Bramidae;Brama;Brama pauciradiata;NA;NA;NA
PZ743040.1	Eukaryota;Chordata;Actinopteri;Scombriformes;Bramidae;Brama;Brama sp.;NA;NA;NA
EU861054.1	Eukaryota;Chordata;Actinopteri;NA;Malacanthidae;Branchiostegus;Branchiostegus argentatus;NA;NA;NA
NC_012904.1	Eukaryota;Chordata;Actinopteri;NA;Malacanthidae;Branchiostegus;Branchiostegus japonicus;NA;NA;NA
PV434813.1	Eukaryota;Chordata;Chondrichthyes;Rajiformes;Rajidae;Breviraja;Breviraja spinosa;NA;NA;NA
DQ912033.1	Eukaryota;Chordata;Actinopteri;Clupeiformes;Clupeidae;Brevoortia;Brevoortia patronus;NA;NA;NA
KX686084.1	Eukaryota;Chordata;Actinopteri;Clupeiformes;Clupeidae;Brevoortia;Brevoortia tyrannus;NA;NA;NA
NC_014266.1	Eukaryota;Chordata;Actinopteri;Clupeiformes;Clupeidae;Brevoortia;Brevoortia tyrannus;NA;NA;NA
PX415853.1	Eukaryota;Chordata;Actinopteri;Siluriformes;Callichthyidae;Brochis;Brochis condiscipulus;NA;NA;NA
NC_063523.1	Eukaryota;Chordata;Actinopteri;Gadiformes;Lotidae;Brosme;Brosme brosme;NA;NA;NA
NC_083010.1	Eukaryota;Chordata;Actinopteri;Ophidiiformes;Ophidiidae;Brotula;Brotula barbata;NA;NA;NA
PV656768.1	Eukaryota;Chordata;Actinopteri;Ophidiiformes;Ophidiidae;Brotula;Brotula barbata;NA;NA;NA
AF231028.1	Eukaryota;Chordata;Mammalia;Artiodactyla;Bovidae;Bubalus;Bubalus bubalis;NA;NA;NA
HM623876.1	Eukaryota;Chordata;Mammalia;Artiodactyla;Bovidae;Bubalus;Bubalus bubalis;NA;NA;NA
MT237623.1	Eukaryota;Chordata;Mammalia;Artiodactyla;Bovidae;Bubalus;Bubalus bubalis;NA;NA;NA
EU760478.1	Eukaryota;Chordata;Mammalia;Artiodactyla;Bovidae;Bubalus;Bubalus bubalis;Bubalus bubalis bubalis;NA;NA
PP467782.1	Eukaryota;Chordata;Actinopteri;Pleuronectiformes;Soleidae;Buglossidium;Buglossidium luteum;NA;NA;NA
PV434816.1	Eukaryota;Chordata;Actinopteri;Perciformes;Serranidae;Bullisichthys;Bullisichthys caribbaeus;NA;NA;NA
PZ213523.1	Eukaryota;Chordata;Actinopteri;Lutjaniformes;Lutjanidae;Caesio;Caesio lunaris;NA;NA;NA
NC_010965.1	Eukaryota;Chordata;Aves;Anseriformes;Anatidae;Cairina;Cairina moschata;NA;NA;NA
NC_021964.1	Eukaryota;Chordata;Chondrichthyes;Rajiformes;Rajidae;Caliraja;Caliraja rhina;NA;NA;NA
NC_082793.1	Eukaryota;Chordata;Chondrichthyes;Rajiformes;Rajidae;Caliraja;Caliraja stellulata;NA;NA;NA
HM114376.1	Eukaryota;Chordata;Actinopteri;Siluriformes;Callichthyidae;Callichthys;Callichthys callichthys;NA;NA;NA
HM114377.1	Eukaryota;Chordata;Actinopteri;Siluriformes;Callichthyidae;Callichthys;Callichthys callichthys;NA;NA;NA
HM114379.1	Eukaryota;Chordata;Actinopteri;Siluriformes;Callichthyidae;Callichthys;Callichthys callichthys;NA;NA;NA
PX415737.1	Eukaryota;Chordata;Actinopteri;Siluriformes;Callichthyidae;Callichthys;Callichthys callichthys;NA;NA;NA
JF773764.1	Eukaryota;Chordata;Chondrichthyes;Chimaeriformes;Callorhinchidae;Callorhinchus;Callorhinchus milii;NA;NA;NA
AM181016.1	Eukaryota;Chordata;Mammalia;Carnivora;Otariidae;Callorhinus;Callorhinus ursinus;NA;NA;NA
EU601179.1	Eukaryota;Chordata;Actinopteri;Labriformes;Labridae;Calotomus;Calotomus carolinus;NA;NA;NA
KY421807.1	Eukaryota;Chordata;Actinopteri;Labriformes;Labridae;Calotomus;Calotomus carolinus;NA;NA;NA
LC774582.1	Eukaryota;Chordata;Actinopteri;Labriformes;Labridae;Calotomus;Calotomus japonicus;NA;NA;NA
PZ311002.1	Eukaryota;Chordata;Actinopteri;Labriformes;Labridae;Calotomus;Calotomus spinidens;NA;NA;NA
NC_009628.2	Eukaryota;Chordata;Mammalia;Artiodactyla;Camelidae;Camelus;Camelus bactrianus;NA;NA;NA
NC_009849.1	Eukaryota;Chordata;Mammalia;Artiodactyla;Camelidae;Camelus;Camelus dromedarius;NA;NA;NA
OM743378.1	Eukaryota;Chordata;Mammalia;Carnivora;Canidae;Canis;Canis lupus;NA;NA;NA
NC_002008.4	Eukaryota;Chordata;Mammalia;Carnivora;Canidae;Canis;Canis lupus;Canis lupus familiaris;NA;NA
OR260561.2	Eukaryota;Chordata;Mammalia;Carnivora;Canidae;Canis;Canis lupus;Canis lupus familiaris;NA;NA
PP454653.1	Eukaryota;Chordata;Mammalia;Carnivora;Canidae;Canis;Canis lupus;Canis lupus familiaris;NA;NA
KT600950.1	Eukaryota;Chordata;Actinopteri;Tetraodontiformes;Balistidae;Canthidermis;Canthidermis maculata;NA;NA;NA
NC_011935.1	Eukaryota;Chordata;Actinopteri;Tetraodontiformes;Balistidae;Canthidermis;Canthidermis maculata;NA;NA;NA
AY700286.1	Eukaryota;Chordata;Actinopteri;Tetraodontiformes;Tetraodontidae;Canthigaster;Canthigaster amboinensis;NA;NA;NA
AY700288.1	Eukaryota;Chordata;Actinopteri;Tetraodontiformes;Tetraodontidae;Canthigaster;Canthigaster bennetti;NA;NA;NA
AP006743.1	Eukaryota;Chordata;Actinopteri;Tetraodontiformes;Tetraodontidae;Canthigaster;Canthigaster coronata;NA;NA;NA
LC771075.1	Eukaryota;Chordata;Actinopteri;Tetraodontiformes;Tetraodontidae;Canthigaster;Canthigaster inframacula;NA;NA;NA
AY700280.1	Eukaryota;Chordata;Actinopteri;Tetraodontiformes;Tetraodontidae;Canthigaster;Canthigaster jactator;NA;NA;NA
OP056904.1	Eukaryota;Chordata;Actinopteri;Tetraodontiformes;Tetraodontidae;Canthigaster;Canthigaster jamestyleri;NA;NA;NA
PZ319398.1	Eukaryota;Chordata;Actinopteri;Tetraodontiformes;Tetraodontidae;Canthigaster;Canthigaster janthinoptera;NA;NA;NA
AP006744.1	Eukaryota;Chordata;Actinopteri;Tetraodontiformes;Tetraodontidae;Canthigaster;Canthigaster rivulata;NA;NA;NA
AY700281.1	Eukaryota;Chordata;Actinopteri;Tetraodontiformes;Tetraodontidae;Canthigaster;Canthigaster rostrata;NA;NA;NA
AY700282.1	Eukaryota;Chordata;Actinopteri;Tetraodontiformes;Tetraodontidae;Canthigaster;Canthigaster valentini;NA;NA;NA
AP011289.1	Eukaryota;Chordata;Actinopteri;Cypriniformes;Cobitidae;Canthophrys;Canthophrys gongota;NA;NA;NA
MK234705.1	Eukaryota;Chordata;Mammalia;Artiodactyla;Bovidae;Capra;Capra hircus;NA;NA;NA
NC_005044.2	Eukaryota;Chordata;Mammalia;Artiodactyla;Bovidae;Capra;Capra hircus;NA;NA;NA
AJ885202.1	Eukaryota;Chordata;Mammalia;Artiodactyla;Cervidae;Capreolus;Capreolus capreolus;NA;NA;NA
AJ972679.1	Eukaryota;Chordata;Mammalia;Artiodactyla;Cervidae;Capreolus;Capreolus capreolus;NA;NA;NA
AJ972681.1	Eukaryota;Chordata;Mammalia;Artiodactyla;Cervidae;Capreolus;Capreolus capreolus;NA;NA;NA
AJ972683.1	Eukaryota;Chordata;Mammalia;Artiodactyla;Cervidae;Capreolus;Capreolus capreolus;NA;NA;NA
AY184439.1	Eukaryota;Chordata;Mammalia;Artiodactyla;Cervidae;Capreolus;Capreolus capreolus;NA;NA;NA
EF027243.1	Eukaryota;Chordata;Mammalia;Artiodactyla;Cervidae;Capreolus;Capreolus capreolus;NA;NA;NA
LC669544.1	Eukaryota;Chordata;Actinopteri;Perciformes;Anthiadidae;Caprodon;Caprodon schlegelii;NA;NA;NA
NC_087985.1	Eukaryota;Chordata;Actinopteri;Carangiformes;Carangidae;Carangoides;Carangoides bartholomaei;NA;NA;NA
NC_057648.1	Eukaryota;Chordata;Actinopteri;Carangiformes;Carangidae;Caranx;Caranx crysos;NA;NA;NA
PX022895.1	Eukaryota;Chordata;Actinopteri;Carangiformes;Carangidae;Caranx;Caranx crysos;NA;NA;NA
OR482497.1	Eukaryota;Chordata;Actinopteri;Carangiformes;Carangidae;Caranx;Caranx hippos;NA;NA;NA
PX022896.1	Eukaryota;Chordata;Actinopteri;Carangiformes;Carangidae;Caranx;Caranx hippos;NA;NA;NA
LC630797.1	Eukaryota;Chordata;Actinopteri;Carangiformes;Carangidae;Caranx;Caranx ignobilis;NA;NA;NA
NC_022932.1	Eukaryota;Chordata;Actinopteri;Carangiformes;Carangidae;Caranx;Caranx ignobilis;NA;NA;NA
PX430009.1	Eukaryota;Chordata;Actinopteri;Carangiformes;Carangidae;Caranx;Caranx ignobilis;NA;NA;NA
AF055590.1	Eukaryota;Chordata;Actinopteri;Carangiformes;Carangidae;Caranx;Caranx latus;NA;NA;NA
NC_082556.1	Eukaryota;Chordata;Actinopteri;Carangiformes;Carangidae;Caranx;Caranx latus;NA;NA;NA
KF649843.1	Eukaryota;Chordata;Actinopteri;Carangiformes;Carangidae;Caranx;Caranx melampygus;NA;NA;NA
PV814454.1	Eukaryota;Chordata;Actinopteri;Carangiformes;Carangidae;Caranx;Caranx vinctus;NA;NA;NA
JQ911695.1	Eukaryota;Chordata;Actinopteri;Cypriniformes;Cyprinidae;Carassius;Carassius carassius;NA;NA;NA
NC_006291.1	Eukaryota;Chordata;Actinopteri;Cypriniformes;Cyprinidae;Carassius;Carassius carassius;NA;NA;NA
NC_024055.1	Eukaryota;Chordata;Chondrichthyes;Carcharhiniformes;Carcharhinidae;Carcharhinus;Carcharhinus acronotus;NA;NA;NA
NC_047239.1	Eukaryota;Chordata;Chondrichthyes;Carcharhiniformes;Carcharhinidae;Carcharhinus;Carcharhinus albimarginatus;NA;NA;NA
NC_047238.1	Eukaryota;Chordata;Chondrichthyes;Carcharhiniformes;Carcharhinidae;Carcharhinus;Carcharhinus amblyrhynchos;NA;NA;NA
PX741121.1	Eukaryota;Chordata;Chondrichthyes;Carcharhiniformes;Carcharhinidae;Carcharhinus;Carcharhinus brachyurus;NA;NA;NA
NC_027081.1	Eukaryota;Chordata;Chondrichthyes;Carcharhiniformes;Carcharhinidae;Carcharhinus;Carcharhinus brevipinna;NA;NA;NA
MN943498.1	Eukaryota;Chordata;Chondrichthyes;Carcharhiniformes;Carcharhinidae;Carcharhinus;Carcharhinus falciformis;NA;NA;NA
NC_042256.1	Eukaryota;Chordata;Chondrichthyes;Carcharhiniformes;Carcharhinidae;Carcharhinus;Carcharhinus falciformis;NA;NA;NA
NC_023522.1	Eukaryota;Chordata;Chondrichthyes;Carcharhiniformes;Carcharhinidae;Carcharhinus;Carcharhinus leucas;NA;NA;NA
OP006884.1	Eukaryota;Chordata;Chondrichthyes;Carcharhiniformes;Carcharhinidae;Carcharhinus;Carcharhinus leucas;NA;NA;NA
NC_057057.1	Eukaryota;Chordata;Chondrichthyes;Carcharhiniformes;Carcharhinidae;Carcharhinus;Carcharhinus limbatus;NA;NA;NA
PX741116.1	Eukaryota;Chordata;Chondrichthyes;Carcharhiniformes;Carcharhinidae;Carcharhinus;Carcharhinus limbatus;NA;NA;NA
NC_025520.1	Eukaryota;Chordata;Chondrichthyes;Carcharhiniformes;Carcharhinidae;Carcharhinus;Carcharhinus longimanus;NA;NA;NA
NC_020611.1	Eukaryota;Chordata;Chondrichthyes;Carcharhiniformes;Carcharhinidae;Carcharhinus;Carcharhinus obscurus;NA;NA;NA
PZ282803.1	Eukaryota;Chordata;Chondrichthyes;Carcharhiniformes;Carcharhinidae;Carcharhinus;Carcharhinus obscurus;NA;NA;NA
MW528216.1	Eukaryota;Chordata;Chondrichthyes;Carcharhiniformes;Carcharhinidae;Carcharhinus;Carcharhinus perezii;NA;NA;NA
NC_024596.1	Eukaryota;Chordata;Chondrichthyes;Carcharhiniformes;Carcharhinidae;Carcharhinus;Carcharhinus plumbeus;NA;NA;NA
AF447989.1	Eukaryota;Chordata;Chondrichthyes;Lamniformes;Lamnidae;Carcharodon;Carcharodon carcharias;NA;NA;NA
NC_022415.1	Eukaryota;Chordata;Chondrichthyes;Lamniformes;Lamnidae;Carcharodon;Carcharodon carcharias;NA;NA;NA
NC_015350.1	Eukaryota;Chordata;Actinopteri;Tetraodontiformes;Tetraodontidae;Carinotetraodon;Carinotetraodon lorteti;NA;NA;NA
NC_015352.1	Eukaryota;Chordata;Actinopteri;Tetraodontiformes;Tetraodontidae;Carinotetraodon;Carinotetraodon salivator;NA;NA;NA
MG817403.1	Eukaryota;Chordata;Actinopteri;Tetraodontiformes;Tetraodontidae;Carinotetraodon;Carinotetraodon travancoricus;NA;NA;NA
MH631014.1	Eukaryota;Chordata;Actinopteri;Tetraodontiformes;Tetraodontidae;Carinotetraodon;Carinotetraodon travancoricus;NA;NA;NA
NC_005257.1	Eukaryota;Chordata;Actinopteri;Cypriniformes;Catostomidae;Carpiodes;Carpiodes carpio;NA;NA;NA
OL878366.1	Eukaryota;Chordata;Actinopteri;Cypriniformes;Catostomidae;Carpiodes;Carpiodes cyprinus;NA;NA;NA
PX683761.1	Eukaryota;Chordata;Actinopteri;Siluriformes;Ariidae;Cathorops;Cathorops melanopus;NA;NA;NA
NC_031523.1	Eukaryota;Chordata;Actinopteri;Cypriniformes;Cyprinidae;Catlocarpio;Catlocarpio siamensis;NA;NA;NA
AF333596.1	Eukaryota;Chordata;Actinopteri;Cypriniformes;Catostomidae;Catostomus;Catostomus commersonii;NA;NA;NA
KP013114.1	Eukaryota;Chordata;Actinopteri;Cypriniformes;Catostomidae;Catostomus;Catostomus commersonii;NA;NA;NA
NC_008647.1	Eukaryota;Chordata;Actinopteri;Cypriniformes;Catostomidae;Catostomus;Catostomus commersonii;NA;NA;NA
NC_066945.1	Eukaryota;Chordata;Actinopteri;Cypriniformes;Catostomidae;Catostomus;Catostomus macrocheilus;NA;NA;NA
NC_083163.1	Eukaryota;Chordata;Actinopteri;NA;Malacanthidae;Caulolatilus;Caulolatilus cyanops;NA;NA;NA
OP056920.1	Eukaryota;Chordata;Actinopteri;NA;Malacanthidae;Caulolatilus;Caulolatilus microps;NA;NA;NA
AF433909.1	Eukaryota;Chordata;Mammalia;Rodentia;Caviidae;Cavia;Cavia porcellus;NA;NA;NA
NC_000884.1	Eukaryota;Chordata;Mammalia;Rodentia;Caviidae;Cavia;Cavia porcellus;NA;NA;NA
GU130628.1	Eukaryota;Chordata;Chondrichthyes;Squaliformes;Centrophoridae;Centrophorus;Centrophorus squamosus;NA;NA;NA
LC193178.2	Eukaryota;Chordata;Chondrichthyes;Squaliformes;Centrophoridae;Centrophorus;Centrophorus squamosus;NA;NA;NA
PV814465.1	Eukaryota;Chordata;Actinopteri;NA;Centropomidae;Centropomus;Centropomus ensiferus;NA;NA;NA
PV699391.1	Eukaryota;Chordata;Actinopteri;NA;Centropomidae;Centropomus;Centropomus medius;NA;NA;NA
PV814468.1	Eukaryota;Chordata;Actinopteri;NA;Centropomidae;Centropomus;Centropomus nigrescens;NA;NA;NA
PV814471.1	Eukaryota;Chordata;Actinopteri;NA;Centropomidae;Centropomus;Centropomus parallelus;NA;NA;NA
PV814473.1	Eukaryota;Chordata;Actinopteri;NA;Centropomidae;Centropomus;Centropomus pectinatus;NA;NA;NA
PV814481.1	Eukaryota;Chordata;Actinopteri;NA;Centropomidae;Centropomus;Centropomus robalito;NA;NA;NA
OR582667.1	Eukaryota;Chordata;Actinopteri;NA;Centropomidae;Centropomus;Centropomus undecimalis;NA;NA;NA
PV699392.1	Eukaryota;Chordata;Actinopteri;NA;Centropomidae;Centropomus;Centropomus unionensis;NA;NA;NA
PV814489.1	Eukaryota;Chordata;Actinopteri;NA;Centropomidae;Centropomus;Centropomus unionensis;NA;NA;NA
OR068388.1	Eukaryota;Chordata;Actinopteri;NA;Centropomidae;Centropomus;Centropomus viridis;NA;NA;NA
PV710306.1	Eukaryota;Chordata;Actinopteri;Perciformes;Serranidae;Centropristis;Centropristis philadelphica;NA;NA;NA
NC_083055.1	Eukaryota;Chordata;Actinopteri;Perciformes;Serranidae;Centropristis;Centropristis striata;NA;NA;NA
OR102585.1	Eukaryota;Chordata;Aves;Cuculiformes;Centropidae;Centropus;Centropus sinensis;NA;NA;NA
KX929890.1	Eukaryota;Chordata;Chondrichthyes;Squaliformes;Etmopteridae;Centroscyllium;Centroscyllium fabricii;NA;NA;NA
AY949357.1	Eukaryota;Chordata;Actinopteri;Perciformes;Serranidae;Cephalopholis;Cephalopholis argus;NA;NA;NA
NC_022142.1	Eukaryota;Chordata;Actinopteri;Perciformes;Serranidae;Cephalopholis;Cephalopholis argus;NA;NA;NA
PZ507583.1	Eukaryota;Chordata;Actinopteri;Perciformes;Serranidae;Cephalopholis;Cephalopholis aurantia;NA;NA;NA
AY949325.1	Eukaryota;Chordata;Actinopteri;Perciformes;Serranidae;Cephalopholis;Cephalopholis boenak;NA;NA;NA
NC_021134.1	Eukaryota;Chordata;Actinopteri;Perciformes;Serranidae;Cephalopholis;Cephalopholis boenak;NA;NA;NA
AY949385.1	Eukaryota;Chordata;Actinopteri;Perciformes;Serranidae;Cephalopholis;Cephalopholis cruentata;NA;NA;NA
PX987545.1	Eukaryota;Chordata;Actinopteri;Perciformes;Serranidae;Cephalopholis;Cephalopholis cruentata;NA;NA;NA
NC_087987.1	Eukaryota;Chordata;Actinopteri;Perciformes;Serranidae;Cephalopholis;Cephalopholis fulva;NA;NA;NA
MH248173.1	Eukaryota;Chordata;Actinopteri;Perciformes;Serranidae;Cephalopholis;Cephalopholis hemistiktos;NA;NA;NA
NC_065827.1	Eukaryota;Chordata;Actinopteri;Perciformes;Serranidae;Cephalopholis;Cephalopholis leopardus;NA;NA;NA
PZ253495.1	Eukaryota;Chordata;Actinopteri;Perciformes;Serranidae;Cephalopholis;Cephalopholis microprion;NA;NA;NA
AY949400.1	Eukaryota;Chordata;Actinopteri;Perciformes;Serranidae;Cephalopholis;Cephalopholis miniata;NA;NA;NA
NC_060350.1	Eukaryota;Chordata;Actinopteri;Perciformes;Serranidae;Cephalopholis;Cephalopholis miniata;NA;NA;NA
PQ628738.1	Eukaryota;Chordata;Actinopteri;Perciformes;Serranidae;Cephalopholis;Cephalopholis nigri;NA;NA;NA
PX987547.1	Eukaryota;Chordata;Actinopteri;Perciformes;Serranidae;Cephalopholis;Cephalopholis panamensis;NA;NA;NA
NC_024100.1	Eukaryota;Chordata;Actinopteri;Perciformes;Serranidae;Cephalopholis;Cephalopholis sexmaculata;NA;NA;NA
KU681001.1	Eukaryota;Chordata;Actinopteri;Perciformes;Serranidae;Cephalopholis;Cephalopholis sonnerati;NA;NA;NA
KX298707.1	Eukaryota;Chordata;Actinopteri;Perciformes;Serranidae;Cephalopholis;Cephalopholis sonnerati;NA;NA;NA
NC_022143.1	Eukaryota;Chordata;Actinopteri;Perciformes;Serranidae;Cephalopholis;Cephalopholis sonnerati;NA;NA;NA
AY949387.1	Eukaryota;Chordata;Actinopteri;Perciformes;Serranidae;Cephalopholis;Cephalopholis taeniops;NA;NA;NA
NC_086959.1	Eukaryota;Chordata;Actinopteri;Perciformes;Serranidae;Cephalopholis;Cephalopholis taeniops;NA;NA;NA
NC_020690.1	Eukaryota;Chordata;Mammalia;Artiodactyla;Bovidae;Cephalophorus;Cephalophorus natalensis;NA;NA;NA
NC_020696.1	Eukaryota;Chordata;Mammalia;Artiodactyla;Delphinidae;Cephalorhynchus;Cephalorhynchus heavisidii;NA;NA;NA
PX597782.1	Eukaryota;Chordata;Aves;Anseriformes;Anatidae;Cereopsis;Cereopsis novaehollandiae;NA;NA;NA
NC_007704.2	Eukaryota;Chordata;Mammalia;Artiodactyla;Cervidae;Cervus;Cervus elaphus;NA;NA;NA
NC_013836.1	Eukaryota;Chordata;Mammalia;Artiodactyla;Cervidae;Cervus;Cervus elaphus;Cervus elaphus xanthopygus;NA;NA
KF374952.1	Eukaryota;Chordata;Actinopteri;Mugiliformes;Mugilidae;Cestraeus;Cestraeus goldiei;NA;NA;NA
JF911704.1	Eukaryota;Chordata;Actinopteri;Mugiliformes;Mugilidae;Cestraeus;Cestraeus oxyrhyncus;NA;NA;NA
PX415748.1	Eukaryota;Chordata;Actinopteri;Siluriformes;Cetopsidae;Cetopsidium;Cetopsidium orientale;NA;NA;NA
PX415750.1	Eukaryota;Chordata;Actinopteri;Siluriformes;Cetopsidae;Cetopsidium;Cetopsidium orientale;NA;NA;NA
EU601181.1	Eukaryota;Chordata;Actinopteri;Labriformes;Labridae;Cetoscarus;Cetoscarus bicolor;NA;NA;NA
PX394296.1	Eukaryota;Chordata;Actinopteri;Siluriformes;Chacidae;Chaca;Chaca chaca;NA;NA;NA
JF911705.1	Eukaryota;Chordata;Actinopteri;Mugiliformes;Mugilidae;Chaenomugil;Chaenomugil proboscideus;NA;NA;NA
NC_087988.1	Eukaryota;Chordata;Actinopteri;Ephippiformes;Ephippidae;Chaetodipterus;Chaetodipterus faber;NA;NA;NA
PX070019.1	Eukaryota;Chordata;Actinopteri;Ephippiformes;Ephippidae;Chaetodipterus;Chaetodipterus faber;NA;NA;NA
EF616850.1	Eukaryota;Chordata;Actinopteri;Chaetodontiformes;Chaetodontidae;Chaetodon;Chaetodon ocellatus;NA;NA;NA
AF055592.1	Eukaryota;Chordata;Actinopteri;Chaetodontiformes;Chaetodontidae;Chaetodon;Chaetodon striatus;NA;NA;NA
NC_018340.1	Eukaryota;Chordata;Actinopteri;Perciformes;Channichthyidae;Champsocephalus;Champsocephalus gunnari;NA;NA;NA
NC_071938.1	Eukaryota;Chordata;Actinopteri;Anabantiformes;Channidae;Channa;Channa andrao;NA;NA;NA
AP006041.1	Eukaryota;Chordata;Actinopteri;Anabantiformes;Channidae;Channa;Channa argus;NA;NA;NA
GU937112.1	Eukaryota;Chordata;Actinopteri;Anabantiformes;Channidae;Channa;Channa argus;NA;NA;NA
KJ930190.1	Eukaryota;Chordata;Actinopteri;Anabantiformes;Channidae;Channa;Channa asiatica;NA;NA;NA
NC_072726.1	Eukaryota;Chordata;Actinopteri;Anabantiformes;Channidae;Channa;Channa aurantimaculata;NA;NA;NA
NC_082225.1	Eukaryota;Chordata;Actinopteri;Anabantiformes;Channidae;Channa;Channa bleheri;NA;NA;NA
NC_072609.1	Eukaryota;Chordata;Actinopteri;Anabantiformes;Channidae;Channa;Channa burmanica;NA;NA;NA
MG986721.1	Eukaryota;Chordata;Actinopteri;Anabantiformes;Channidae;Channa;Channa diplogramma;NA;NA;NA
KU821708.1	Eukaryota;Chordata;Actinopteri;Anabantiformes;Channidae;Channa;Channa gachua;NA;NA;NA
KT358951.1	Eukaryota;Chordata;Actinopteri;Anabantiformes;Channidae;Channa;Channa lucius;NA;NA;NA
MF804538.1	Eukaryota;Chordata;Actinopteri;Anabantiformes;Channidae;Channa;Channa lucius;NA;NA;NA
AB968638.1	Eukaryota;Chordata;Actinopteri;Anabantiformes;Channidae;Channa;Channa marulius;NA;NA;NA
NC_030542.1	Eukaryota;Chordata;Actinopteri;Anabantiformes;Channidae;Channa;Channa micropeltes;NA;NA;NA
AF508081.1	Eukaryota;Chordata;Actinopteri;Anabantiformes;Channidae;Channa;Channa orientalis;NA;NA;NA
NC_071894.1	Eukaryota;Chordata;Actinopteri;Anabantiformes;Channidae;Channa;Channa ornatipinnis;NA;NA;NA
PZ405506.1	Eukaryota;Chordata;Actinopteri;Anabantiformes;Channidae;Channa;Channa shingon;NA;NA;NA
PX764270.1	Eukaryota;Chordata;Actinopteri;Anabantiformes;Channidae;Channa;Channa sp. Tenasserim;NA;NA;NA
KU852423.1	Eukaryota;Chordata;Actinopteri;Anabantiformes;Channidae;Channa;Channa striata;NA;NA;NA
NC_032037.1	Eukaryota;Chordata;Actinopteri;Anabantiformes;Channidae;Channa;Channa striata;NA;NA;NA
PZ319400.1	Eukaryota;Chordata;Actinopteri;Anguilliformes;Muraenidae;Channomuraena;Channomuraena vittata;NA;NA;NA
AF417345.1	Eukaryota;Chordata;Actinopteri;Gonorynchiformes;Chanidae;Chanos;Chanos chanos;NA;NA;NA
PX644056.1	Eukaryota;Chordata;Actinopteri;Gonorynchiformes;Chanidae;Chanos;Chanos chanos;NA;NA;NA
PX415787.1	Eukaryota;Chordata;Actinopteri;Siluriformes;Heptapteridae;Chasmocranus;Chasmocranus brevior;NA;NA;NA
PX415788.1	Eukaryota;Chordata;Actinopteri;Siluriformes;Heptapteridae;Chasmocranus;Chasmocranus brevior;NA;NA;NA
PX415789.1	Eukaryota;Chordata;Actinopteri;Siluriformes;Heptapteridae;Chasmocranus;Chasmocranus brevior;NA;NA;NA
PX415790.1	Eukaryota;Chordata;Actinopteri;Siluriformes;Heptapteridae;Chasmocranus;Chasmocranus longior;NA;NA;NA
PX415791.1	Eukaryota;Chordata;Actinopteri;Siluriformes;Heptapteridae;Chasmocranus;Chasmocranus longior;NA;NA;NA
PX415793.1	Eukaryota;Chordata;Actinopteri;Siluriformes;Heptapteridae;Chasmocranus;Chasmocranus longior;NA;NA;NA
PX415798.1	Eukaryota;Chordata;Actinopteri;Siluriformes;Heptapteridae;Chasmocranus;Chasmocranus longior;NA;NA;NA
PZ133641.1	Eukaryota;Chordata;Actinopteri;Labriformes;Labridae;Cheilinus;Cheilinus chlorourus;NA;NA;NA
NC_037707.1	Eukaryota;Chordata;Actinopteri;Labriformes;Labridae;Cheilinus;Cheilinus fasciatus;NA;NA;NA
MN399860.1	Eukaryota;Chordata;Actinopteri;Labriformes;Labridae;Cheilinus;Cheilinus oxycephalus;NA;NA;NA
NC_065150.1	Eukaryota;Chordata;Actinopteri;Labriformes;Labridae;Cheilinus;Cheilinus trilobatus;NA;NA;NA
NC_013842.1	Eukaryota;Chordata;Actinopteri;Labriformes;Labridae;Cheilinus;Cheilinus undulatus;NA;NA;NA
LC780166.1	Eukaryota;Chordata;Actinopteri;Labriformes;Labridae;Cheilio;Cheilio inermis;NA;NA;NA
AP017897.1	Eukaryota;Chordata;Actinopteri;Beloniformes;Exocoetidae;Cheilopogon;Cheilopogon doederleinii;NA;NA;NA
BK063455.1	Eukaryota;Chordata;Actinopteri;Beloniformes;Exocoetidae;Cheilopogon;Cheilopogon papilio;NA;NA;NA
LC104440.2	Eukaryota;Chordata;Actinopteri;Beloniformes;Exocoetidae;Cheilopogon;Cheilopogon pinnatibarbatus;Cheilopogon pinnatibarbatus japonicus;NA;NA
BK063456.1	Eukaryota;Chordata;Actinopteri;Beloniformes;Exocoetidae;Cheilopogon;Cheilopogon xenopterus;NA;NA;NA
NC_035059.1	Eukaryota;Chordata;Actinopteri;Perciformes;Triglidae;Chelidonichthys;Chelidonichthys kumu;NA;NA;NA
OM891516.1	Eukaryota;Chordata;Actinopteri;Perciformes;Serranidae;Chelidoperca;Chelidoperca hirundinacea;NA;NA;NA
ON598399.1	Eukaryota;Chordata;Actinopteri;Perciformes;Serranidae;Chelidoperca;Chelidoperca sp.;NA;NA;NA
ON598396.1	Eukaryota;Chordata;Actinopteri;Perciformes;Serranidae;Chelidoperca;Chelidoperca stella;NA;NA;NA
EU715446.1	Eukaryota;Chordata;Actinopteri;Mugiliformes;Mugilidae;Chelon;Chelon auratus;NA;NA;NA
KF374958.1	Eukaryota;Chordata;Actinopteri;Mugiliformes;Mugilidae;Chelon;Chelon bandialensis;NA;NA;NA
KF374959.1	Eukaryota;Chordata;Actinopteri;Mugiliformes;Mugilidae;Chelon;Chelon dumerili;NA;NA;NA
PQ628743.1	Eukaryota;Chordata;Actinopteri;Mugiliformes;Mugilidae;Chelon;Chelon dumerili;NA;NA;NA
JF911706.1	Eukaryota;Chordata;Actinopteri;Mugiliformes;Mugilidae;Chelon;Chelon labrosus;NA;NA;NA
PZ236375.1	Eukaryota;Chordata;Actinopteri;Mugiliformes;Mugilidae;Chelon;Chelon labrosus;NA;NA;NA
KF375001.1	Eukaryota;Chordata;Actinopteri;Mugiliformes;Mugilidae;Chelon;Chelon planiceps;NA;NA;NA
EU715448.1	Eukaryota;Chordata;Actinopteri;Mugiliformes;Mugilidae;Chelon;Chelon ramada;NA;NA;NA
EU715449.1	Eukaryota;Chordata;Actinopteri;Mugiliformes;Mugilidae;Chelon;Chelon saliens;NA;NA;NA
AY770536.1	Eukaryota;Chordata;NA;Testudines;Cheloniidae;Chelonia;Chelonia mydas;NA;NA;NA
NC_000886.1	Eukaryota;Chordata;NA;Testudines;Cheloniidae;Chelonia;Chelonia mydas;NA;NA;NA
AP009541.1	Eukaryota;Chordata;Actinopteri;Tetraodontiformes;Tetraodontidae;Chelonodontops;Chelonodontops patoca;NA;NA;NA
AP011928.1	Eukaryota;Chordata;Actinopteri;Tetraodontiformes;Tetraodontidae;Chelonodontops;Chelonodontops pleurospilus;NA;NA;NA
PV591957.1	Eukaryota;Chordata;Actinopteri;Siluriformes;Sisoridae;Chimarrichthys;Chimarrichthys kishinouyei;NA;NA;NA
AP018763.1	Eukaryota;Chordata;Actinopteri;Clupeiformes;Chirocentridae;Chirocentrus;Chirocentrus dorab;NA;NA;NA
PX430014.1	Eukaryota;Chordata;Actinopteri;Clupeiformes;Chirocentridae;Chirocentrus;Chirocentrus dorab;NA;NA;NA
PX904198.1	Eukaryota;Chordata;Actinopteri;Clupeiformes;Chirocentridae;Chirocentrus;Chirocentrus dorab;NA;NA;NA
NC_012711.1	Eukaryota;Chordata;Actinopteri;Osteoglossiformes;Notopteridae;Chitala;Chitala lopis;NA;NA;NA
LC661307.1	Eukaryota;Chordata;Actinopteri;Aulopiformes;Chlorophthalmidae;Chlorophthalmus;Chlorophthalmus albatrossis;NA;NA;NA
LC669503.1	Eukaryota;Chordata;Actinopteri;Aulopiformes;Chlorophthalmidae;Chlorophthalmus;Chlorophthalmus albatrossis;NA;NA;NA
NC_087990.1	Eukaryota;Chordata;Actinopteri;Carangiformes;Carangidae;Chloroscombrus;Chloroscombrus chrysurus;NA;NA;NA
PZ234021.1	Eukaryota;Chordata;Actinopteri;Labriformes;Labridae;Chlorurus;Chlorurus bowersi;NA;NA;NA
PZ234031.1	Eukaryota;Chordata;Actinopteri;Labriformes;Labridae;Chlorurus;Chlorurus frontalis;NA;NA;NA
PV743143.1	Eukaryota;Chordata;Actinopteri;Labriformes;Labridae;Chlorurus;Chlorurus japanensis;NA;NA;NA
PX644059.1	Eukaryota;Chordata;Actinopteri;Labriformes;Labridae;Chlorurus;Chlorurus sp.;NA;NA;NA
OP035255.2	Eukaryota;Chordata;Actinopteri;Labriformes;Labridae;Chlorurus;Chlorurus spilurus;NA;NA;NA
PZ244817.1	Eukaryota;Chordata;Actinopteri;Labriformes;Labridae;Choerodon;Choerodon anchorago;NA;NA;NA
LC700334.1	Eukaryota;Chordata;Actinopteri;Labriformes;Labridae;Choerodon;Choerodon azurio;NA;NA;NA
LC771074.1	Eukaryota;Chordata;Actinopteri;Labriformes;Labridae;Choerodon;Choerodon japonicus;NA;NA;NA
PZ760159.1	Eukaryota;Chordata;Actinopteri;Labriformes;Labridae;Choerodon;Choerodon rubescens;NA;NA;NA
NC_025771.1	Eukaryota;Chordata;Actinopteri;Labriformes;Labridae;Choerodon;Choerodon schoenleinii;NA;NA;NA
PZ237784.1	Eukaryota;Chordata;Actinopteri;Labriformes;Labridae;Choerodon;Choerodon zosterophorus;NA;NA;NA
NC_042721.1	Eukaryota;Chordata;Actinopteri;Siluriformes;Claroteidae;Chrysichthys;Chrysichthys nigrodigitatus;NA;NA;NA
PQ628745.1	Eukaryota;Chordata;Actinopteri;Siluriformes;Claroteidae;Chrysichthys;Chrysichthys nigrodigitatus;NA;NA;NA
LC814891.1	Eukaryota;Chordata;Actinopteri;NA;Pomacentridae;Chrysiptera;Chrysiptera glauca;NA;NA;NA
PZ315327.1	Eukaryota;Chordata;Actinopteri;NA;Pomacentridae;Chrysiptera;Chrysiptera glauca;NA;NA;NA
NC_030272.1	Eukaryota;Chordata;Actinopteri;Cichliformes;Cichlidae;Cichla;Cichla ocellaris;NA;NA;NA
PV814497.1	Eukaryota;Chordata;Actinopteri;Cichliformes;Cichlidae;Cichla;Cichla ocellaris;NA;NA;NA
FJ215012.1	Eukaryota;Chordata;Actinopteri;Gadiformes;Lotidae;Ciliata;Ciliata mustela;NA;NA;NA
PX741123.1	Eukaryota;Chordata;Chondrichthyes;Squaliformes;Squalidae;Cirrhigaleus;Cirrhigaleus asper;NA;NA;NA
AB938108.2	Eukaryota;Chordata;Chondrichthyes;Squaliformes;Squalidae;Cirrhigaleus;Cirrhigaleus barbifer;NA;NA;NA
NC_064113.1	Eukaryota;Chordata;Actinopteri;Labriformes;Labridae;Cirrhilabrus;Cirrhilabrus exquisitus;NA;NA;NA
LC717546.1	Eukaryota;Chordata;Actinopteri;Labriformes;Labridae;Cirrhilabrus;Cirrhilabrus lanceolatus;NA;NA;NA
PZ315381.1	Eukaryota;Chordata;Actinopteri;Labriformes;Labridae;Cirrhilabrus;Cirrhilabrus scottorum;NA;NA;NA
MW649087.1	Eukaryota;Chordata;Actinopteri;Cypriniformes;Cyprinidae;Cirrhinus;Cirrhinus cirrhosus;NA;NA;NA
NC_031608.1	Eukaryota;Chordata;Actinopteri;Cypriniformes;Cyprinidae;Cirrhinus;Cirrhinus microlepis;NA;NA;NA
MN660327.1	Eukaryota;Chordata;Actinopteri;Cypriniformes;Cyprinidae;Cirrhinus;Cirrhinus molitorella;NA;NA;NA
NC_022182.1	Eukaryota;Chordata;Actinopteri;Cypriniformes;Cyprinidae;Cirrhinus;Cirrhinus molitorella;NA;NA;NA
JQ231112.1	Eukaryota;Chordata;Actinopteri;Cypriniformes;Cyprinidae;Cirrhinus;Cirrhinus mrigala;NA;NA;NA
NC_025930.1	Eukaryota;Chordata;Actinopteri;Cypriniformes;NA;NA;Cirrhinus mrigala x Labeo rohita;NA;NA;NA
NC_029445.1	Eukaryota;Chordata;Actinopteri;Cypriniformes;Cyprinidae;Cirrhinus;Cirrhinus reba;NA;NA;NA
OP035254.1	Eukaryota;Chordata;Actinopteri;Centrarchiformes;Cirrhitidae;Cirrhitus;Cirrhitus pinnulatus;NA;NA;NA
PZ574713.1	Eukaryota;Chordata;Actinopteri;Centrarchiformes;Cirrhitidae;Cirrhitus;Cirrhitus pinnulatus;NA;NA;NA
NC_083038.1	Eukaryota;Chordata;Actinopteri;Pleuronectiformes;Cyclopsettidae;Citharichthys;Citharichthys arctifrons;NA;NA;NA
NC_083014.1	Eukaryota;Chordata;Actinopteri;Pleuronectiformes;Cyclopsettidae;Citharichthys;Citharichthys cornutus;NA;NA;NA
PV442279.1	Eukaryota;Chordata;Actinopteri;Pleuronectiformes;Cyclopsettidae;Citharichthys;Citharichthys dinoceros;NA;NA;NA
OP056883.1	Eukaryota;Chordata;Actinopteri;Pleuronectiformes;Cyclopsettidae;Citharichthys;Citharichthys macrops;NA;NA;NA
OP056922.1	Eukaryota;Chordata;Actinopteri;Pleuronectiformes;Cyclopsettidae;Citharichthys;Citharichthys spilopterus;NA;NA;NA
NC_083050.1	Eukaryota;Chordata;Actinopteri;Pleuronectiformes;Cyclopsettidae;Citharichthys;Citharichthys stigmaeus;NA;NA;NA
NC_023923.1	Eukaryota;Chordata;Actinopteri;Siluriformes;Clariidae;Clarias;Clarias batrachus;NA;NA;NA
NC_027661.1	Eukaryota;Chordata;Actinopteri;Siluriformes;Clariidae;Clarias;Clarias gariepinus;NA;NA;NA
PQ385614.1	Eukaryota;Chordata;Actinopteri;Siluriformes;Clariidae;Clarias;Clarias intermedius;NA;NA;NA
MK210570.1	Eukaryota;Chordata;Actinopteri;Pleuronectiformes;Pleuronectidae;Clidoderma;Clidoderma asperrimum;NA;NA;NA
NC_009577.1	Eukaryota;Chordata;Actinopteri;Clupeiformes;Clupeidae;Clupea;Clupea harengus;NA;NA;NA
NC_016702.1	Eukaryota;Chordata;Actinopteri;Clupeiformes;Clupeidae;Clupeichthys;Clupeichthys aesarnensis;NA;NA;NA
NC_016721.1	Eukaryota;Chordata;Actinopteri;Clupeiformes;Clupeidae;Clupeichthys;Clupeichthys goniognathus;NA;NA;NA
NC_016705.1	Eukaryota;Chordata;Actinopteri;Clupeiformes;Clupeidae;Clupeichthys;Clupeichthys perakensis;NA;NA;NA
NC_016709.1	Eukaryota;Chordata;Actinopteri;Clupeiformes;Clupeidae;Clupeoides;Clupeoides borneensis;NA;NA;NA
NC_016714.1	Eukaryota;Chordata;Actinopteri;Clupeiformes;Clupeidae;Clupeoides;Clupeoides sp. Chao Phraya;NA;NA;NA
NC_015109.1	Eukaryota;Chordata;Actinopteri;Clupeiformes;Clupeidae;Clupeonella;Clupeonella cultriventris;NA;NA;NA
PV749019.1	Eukaryota;Chordata;Actinopteri;Clupeiformes;Clupeidae;Clupeonella;Clupeonella cultriventris;NA;NA;NA
FJ215004.1	Eukaryota;Chordata;Actinopteri;Gadiformes;Macrouridae;Coelorinchus;Coelorinchus fasciatus;NA;NA;NA
FJ215004.1_1	Eukaryota;Chordata;Actinopteri;Gadiformes;Macrouridae;Coelorinchus;Coelorinchus fasciatus;NA;NA;NA
MH380814.1	Eukaryota;Chordata;Actinopteri;Clupeiformes;Engraulidae;Coilia;Coilia dussumieri;NA;NA;NA
MH380818.1	Eukaryota;Chordata;Actinopteri;Clupeiformes;Engraulidae;Coilia;Coilia macrognathos;NA;NA;NA
DQ912057.1	Eukaryota;Chordata;Actinopteri;Clupeiformes;Engraulidae;Coilia;Coilia mystus;NA;NA;NA
EF422314.1	Eukaryota;Chordata;Actinopteri;Clupeiformes;Engraulidae;Coilia;Coilia mystus;NA;NA;NA
EF422315.1	Eukaryota;Chordata;Actinopteri;Clupeiformes;Engraulidae;Coilia;Coilia mystus;NA;NA;NA
EF422316.1	Eukaryota;Chordata;Actinopteri;Clupeiformes;Engraulidae;Coilia;Coilia mystus;NA;NA;NA
EF422317.1	Eukaryota;Chordata;Actinopteri;Clupeiformes;Engraulidae;Coilia;Coilia mystus;NA;NA;NA
EF422318.1	Eukaryota;Chordata;Actinopteri;Clupeiformes;Engraulidae;Coilia;Coilia mystus;NA;NA;NA
AP009135.1	Eukaryota;Chordata;Actinopteri;Clupeiformes;Engraulidae;Coilia;Coilia nasus;NA;NA;NA
MH380816.1	Eukaryota;Chordata;Actinopteri;Clupeiformes;Engraulidae;Coilia;Coilia rebentischii;NA;NA;NA
AP011559.1	Eukaryota;Chordata;Actinopteri;Clupeiformes;Engraulidae;Coilia;Coilia reynaldi;NA;NA;NA
GU382852.1	Eukaryota;Chordata;Actinopteri;Clupeiformes;Engraulidae;Coilia;Coilia sp. JKK-2010;NA;NA;NA
NC_023447.1	Eukaryota;Chordata;Actinopteri;Pleuronectiformes;Rhombosoleidae;Colistium;Colistium nudipinnis;NA;NA;NA
NC_003183.1	Eukaryota;Chordata;Actinopteri;Beloniformes;Belonidae;Cololabis;Cololabis saira;NA;NA;NA
NC_015368.1	Eukaryota;Chordata;Actinopteri;Tetraodontiformes;Tetraodontidae;Colomesus;Colomesus asellus;NA;NA;NA
NC_015370.1	Eukaryota;Chordata;Actinopteri;Tetraodontiformes;Tetraodontidae;Colomesus;Colomesus psittacus;NA;NA;NA
KP188830.1	Eukaryota;Chordata;Actinopteri;Characiformes;Serrasalmidae;Colossoma;Colossoma macropomum;NA;NA;NA
AF173585.1	Eukaryota;Chordata;Aves;Columbiformes;Columbidae;Columba;Columba livia;NA;NA;NA
KF926376.1	Eukaryota;Chordata;Aves;Columbiformes;Columbidae;Columba;Columba livia;NA;NA;NA
KP258178.1	Eukaryota;Chordata;Aves;Columbiformes;Columbidae;Columba;Columba livia;NA;NA;NA
KP319029.1	Eukaryota;Chordata;Aves;Columbiformes;Columbidae;Columba;Columba livia;NA;NA;NA
NC_013978.1	Eukaryota;Chordata;Aves;Columbiformes;Columbidae;Columba;Columba livia;NA;NA;NA
OR757049.1	Eukaryota;Chordata;Aves;Columbiformes;Columbidae;Columba;Columba livia;NA;NA;NA
MH248174.1	Eukaryota;Chordata;Actinopteri;Anguilliformes;Congridae;Conger;Conger cinereus;NA;NA;NA
PP467778.1	Eukaryota;Chordata;Actinopteri;Anguilliformes;Congridae;Conger;Conger conger;NA;NA;NA
NC_002761.2	Eukaryota;Chordata;Actinopteri;Anguilliformes;Congridae;Conger;Conger myriaster;NA;NA;NA
NC_083079.1	Eukaryota;Chordata;Actinopteri;Anguilliformes;Congridae;Conger;Conger oceanicus;NA;NA;NA
PV370328.1	Eukaryota;Chordata;Actinopteri;Anguilliformes;Congridae;Conger;Conger triporiceps;NA;NA;NA
NC_087991.1	Eukaryota;Chordata;Actinopteri;Lutjaniformes;Haemulidae;Conodon;Conodon nobilis;NA;NA;NA
JQ661479.1	Eukaryota;Chordata;Actinopteri;Salmoniformes;Salmonidae;Coregonus;Coregonus lavaretus;NA;NA;NA
LC850854.1	Eukaryota;Chordata;Actinopteri;Salmoniformes;Salmonidae;Coregonus;Coregonus maraena;NA;NA;NA
JQ661401.1	Eukaryota;Chordata;Actinopteri;Salmoniformes;Salmonidae;Coregonus;Coregonus oxyrinchus;NA;NA;NA
LC672480.1	Eukaryota;Chordata;Actinopteri;Labriformes;Labridae;Coris;Coris aygula;NA;NA;NA
LC858679.1	Eukaryota;Chordata;Actinopteri;Labriformes;Labridae;Coris;Coris batuensis;NA;NA;NA
LC654188.1	Eukaryota;Chordata;Actinopteri;Labriformes;Labridae;Coris;Coris dorsomacula;NA;NA;NA
LC654189.1	Eukaryota;Chordata;Actinopteri;Labriformes;Labridae;Coris;Coris gaimard;NA;NA;NA
PZ253503.1	Eukaryota;Chordata;Actinopteri;Labriformes;Labridae;Coris;Coris pictoides;NA;NA;NA
PZ310799.1	Eukaryota;Chordata;Actinopteri;Holocentriformes;Holocentridae;Corniger;Corniger spinosus;NA;NA;NA
PX415846.1	Eukaryota;Chordata;Actinopteri;Siluriformes;Callichthyidae;Corydoras;Corydoras aff. amapaensis;NA;NA;NA
PX415854.1	Eukaryota;Chordata;Actinopteri;Siluriformes;Callichthyidae;Corydoras;Corydoras geoffroy;NA;NA;NA
PX415871.1	Eukaryota;Chordata;Actinopteri;Siluriformes;Callichthyidae;Corydoras;Corydoras solox;NA;NA;NA
PX415858.1	Eukaryota;Chordata;Actinopteri;Siluriformes;Callichthyidae;Corydoras;Corydoras sp. 2 Comte;NA;NA;NA
PX415874.1	Eukaryota;Chordata;Actinopteri;Siluriformes;Callichthyidae;Corydoras;Corydoras spilurus;NA;NA;NA
AB355907.1	Eukaryota;Chordata;Actinopteri;Carangiformes;Coryphaenidae;Coryphaena;Coryphaena equiselis;NA;NA;NA
FJ374797.1	Eukaryota;Chordata;Actinopteri;Carangiformes;Coryphaenidae;Coryphaena;Coryphaena equiselis;NA;NA;NA
PZ285093.1	Eukaryota;Chordata;Actinopteri;Carangiformes;Coryphaenidae;Coryphaena;Coryphaena equiselis;NA;NA;NA
AB355908.1	Eukaryota;Chordata;Actinopteri;Carangiformes;Coryphaenidae;Coryphaena;Coryphaena hippurus;NA;NA;NA
AY161233.1	Eukaryota;Chordata;Actinopteri;Gadiformes;Macrouridae;Coryphaenoides;Coryphaenoides rupestris;NA;NA;NA
FJ215021.1	Eukaryota;Chordata;Actinopteri;Gadiformes;Macrouridae;Coryphaenoides;Coryphaenoides rupestris;NA;NA;NA
KX929892.1	Eukaryota;Chordata;Actinopteri;Gadiformes;Macrouridae;Coryphaenoides;Coryphaenoides rupestris;NA;NA;NA
NC_003408.1	Eukaryota;Chordata;Aves;Galliformes;Phasianidae;Coturnix;Coturnix japonica;NA;NA;NA
KF374966.1	Eukaryota;Chordata;Actinopteri;Mugiliformes;Mugilidae;Crenimugil;Crenimugil buchanani;NA;NA;NA
OR859449.1	Eukaryota;Chordata;Actinopteri;Mugiliformes;Mugilidae;Crenimugil;Crenimugil sp. C JDD-2024;NA;NA;NA
OR859450.1	Eukaryota;Chordata;Actinopteri;Mugiliformes;Mugilidae;Crenimugil;Crenimugil sp. E JDD-2024;NA;NA;NA
JF502244.1	Eukaryota;Chordata;NA;Crocodylia;Crocodylidae;Crocodylus;Crocodylus niloticus;NA;NA;NA
NC_008142.1	Eukaryota;Chordata;NA;Crocodylia;Crocodylidae;Crocodylus;Crocodylus niloticus;NA;NA;NA
PZ253399.1	Eukaryota;Chordata;NA;Crocodylia;Crocodylidae;Crocodylus;Crocodylus niloticus;NA;NA;NA
NC_021614.1	Eukaryota;Chordata;Actinopteri;Perciformes;Serranidae;Cromileptes;Cromileptes altivelis;NA;NA;NA
OP057016.1	Eukaryota;Chordata;Actinopteri;Labriformes;Labridae;Cryptotomus;Cryptotomus roseus;NA;NA;NA
PX416095.1	Eukaryota;Chordata;Actinopteri;Siluriformes;Loricariidae;Cteniloricaria;Cteniloricaria fowleri;NA;NA;NA
PX415898.1	Eukaryota;Chordata;Actinopteri;Siluriformes;Loricariidae;Cteniloricaria;Cteniloricaria platystoma;NA;NA;NA
LC579326.2	Eukaryota;Chordata;Actinopteri;Acanthuriformes;Acanthuridae;Ctenochaetus;Ctenochaetus hawaiiensis;NA;NA;NA
OP035160.1	Eukaryota;Chordata;Actinopteri;Acanthuriformes;Acanthuridae;Ctenochaetus;Ctenochaetus strigosus;NA;NA;NA
PZ226909.1	Eukaryota;Chordata;Actinopteri;Acanthuriformes;Acanthuridae;Ctenochaetus;Ctenochaetus strigosus;NA;NA;NA
LC545442.1	Eukaryota;Chordata;Actinopteri;Labriformes;Labridae;Ctenolabrus;Ctenolabrus rupestris;NA;NA;NA
AY897013.1	Eukaryota;Chordata;Actinopteri;Cypriniformes;Xenocyprididae;Ctenopharyngodon;Ctenopharyngodon idella;NA;NA;NA
AF433905.1	Eukaryota;Chordata;Mammalia;Rodentia;Cuniculidae;Cuniculus;Cuniculus paca;NA;NA;NA
AF433906.1	Eukaryota;Chordata;Mammalia;Rodentia;Cuniculidae;Cuniculus;Cuniculus paca;NA;NA;NA
AY093664.1	Eukaryota;Chordata;Mammalia;Rodentia;Cuniculidae;Cuniculus;Cuniculus paca;NA;NA;NA
NC_079967.1	Eukaryota;Chordata;Mammalia;Rodentia;Cuniculidae;Cuniculus;Cuniculus paca;NA;NA;NA
PX415899.1	Eukaryota;Chordata;Actinopteri;Siluriformes;Loricariidae;Curculionichthys;Curculionichthys cf. karipuna;NA;NA;NA
PX415902.1	Eukaryota;Chordata;Actinopteri;Siluriformes;Loricariidae;Curculionichthys;Curculionichthys monolechis;NA;NA;NA
NC_008645.1	Eukaryota;Chordata;Actinopteri;Cypriniformes;Catostomidae;Cycleptus;Cycleptus elongatus;NA;NA;NA
NC_069208.1	Eukaryota;Chordata;Actinopteri;Perciformes;Cyclopteridae;Cyclopterus;Cyclopterus lumpus;NA;NA;NA
NC_009059.1	Eukaryota;Chordata;Actinopteri;NA;Embiotocidae;Cymatogaster;Cymatogaster aggregata;NA;NA;NA
OR582716.1	Eukaryota;Chordata;Actinopteri;Labriformes;Labridae;Cymolutes;Cymolutes torquatus;NA;NA;NA
PV814500.1	Eukaryota;Chordata;Actinopteri;NA;Sciaenidae;Cynoscion;Cynoscion albus;NA;NA;NA
AF128401.1	Eukaryota;Chordata;Actinopteri;NA;Sciaenidae;Cynoscion;Cynoscion arenarius;NA;NA;NA
NC_087993.1	Eukaryota;Chordata;Actinopteri;NA;Sciaenidae;Cynoscion;Cynoscion jamaicensis;NA;NA;NA
AF128402.1	Eukaryota;Chordata;Actinopteri;NA;Sciaenidae;Cynoscion;Cynoscion nebulosus;NA;NA;NA
OP057009.1	Eukaryota;Chordata;Actinopteri;NA;Sciaenidae;Cynoscion;Cynoscion nebulosus;NA;NA;NA
OP154135.1	Eukaryota;Chordata;Actinopteri;NA;Sciaenidae;Cynoscion;Cynoscion nothus;NA;NA;NA
MH377810.1	Eukaryota;Chordata;Actinopteri;NA;Sciaenidae;Cynoscion;Cynoscion regalis;NA;NA;NA
PV814505.1	Eukaryota;Chordata;Actinopteri;NA;Sciaenidae;Cynoscion;Cynoscion reticulatus;NA;NA;NA
NC_087995.1	Eukaryota;Chordata;Actinopteri;NA;Sciaenidae;Cynoscion;Cynoscion striatus;NA;NA;NA
AP009047.1	Eukaryota;Chordata;Actinopteri;Cypriniformes;Cyprinidae;Cyprinus;Cyprinus carpio;NA;NA;NA
AP017363.1	Eukaryota;Chordata;Actinopteri;Cypriniformes;Cyprinidae;Cyprinus;Cyprinus carpio;NA;NA;NA
KU681006.1	Eukaryota;Chordata;Actinopteri;Cypriniformes;Cyprinidae;Cyprinus;Cyprinus carpio;NA;NA;NA
AM181028.1	Eukaryota;Chordata;Mammalia;Carnivora;Phocidae;Cystophora;Cystophora cristata;NA;NA;NA
PX904184.1	Eukaryota;Chordata;Actinopteri;Pleuronectiformes;Soleidae;Dagetichthys;Dagetichthys commersonnii;NA;NA;NA
NC_020700.1	Eukaryota;Chordata;Mammalia;Artiodactyla;Cervidae;Dama;Dama dama;NA;NA;NA
OR232307.1	Eukaryota;Chordata;Mammalia;Artiodactyla;Cervidae;Dama;Dama dama;NA;NA;NA
NC_030278.1	Eukaryota;Chordata;Actinopteri;Lobotiformes;Datnioididae;Datnioides;Datnioides microlepis;NA;NA;NA
MW927704.1	Eukaryota;Chordata;Actinopteri;Lobotiformes;Datnioididae;Datnioides;Datnioides polota;NA;NA;NA
MZ930122.1	Eukaryota;Chordata;Actinopteri;Lobotiformes;Datnioididae;Datnioides;Datnioides polota;NA;NA;NA
LC645286.1	Eukaryota;Chordata;Actinopteri;Carangiformes;Carangidae;Decapterus;Decapterus macrosoma;NA;NA;NA
NC_023458.1	Eukaryota;Chordata;Actinopteri;Carangiformes;Carangidae;Decapterus;Decapterus macrosoma;NA;NA;NA
PX804224.1	Eukaryota;Chordata;Actinopteri;Carangiformes;Carangidae;Decapterus;Decapterus macrosoma;NA;NA;NA
LC618831.1	Eukaryota;Chordata;Actinopteri;Carangiformes;Carangidae;Decapterus;Decapterus maruadsi;NA;NA;NA
LC649155.1	Eukaryota;Chordata;Actinopteri;Carangiformes;Carangidae;Decapterus;Decapterus muroadsi;NA;NA;NA
OP035108.1	Eukaryota;Chordata;Actinopteri;Carangiformes;Carangidae;Decapterus;Decapterus punctatus;NA;NA;NA
PZ091030.1	Eukaryota;Chordata;Actinopteri;Carangiformes;Carangidae;Decapterus;Decapterus punctatus;NA;NA;NA
LC834788.1	Eukaryota;Chordata;Actinopteri;Carangiformes;Carangidae;Decapterus;Decapterus russelli;NA;NA;NA
MN711693.1	Eukaryota;Chordata;Actinopteri;Carangiformes;Carangidae;Decapterus;Decapterus russelli;NA;NA;NA
LC681795.1	Eukaryota;Chordata;Actinopteri;Carangiformes;Carangidae;Decapterus;Decapterus tabl;NA;NA;NA
NC_044650.1	Eukaryota;Chordata;Actinopteri;Carangiformes;Carangidae;Decapterus;Decapterus tabl;NA;NA;NA
PV454009.1	Eukaryota;Chordata;Actinopteri;Labriformes;Labridae;Decodon;Decodon melasma;NA;NA;NA
NC_012061.1	Eukaryota;Chordata;Mammalia;Artiodactyla;Delphinidae;Delphinus;Delphinus capensis;NA;NA;NA
PP727284.1	Eukaryota;Chordata;Mammalia;Artiodactyla;Delphinidae;Delphinus;Delphinus delphis;NA;NA;NA
NC_037755.1	Eukaryota;Chordata;Actinopteri;Spariformes;Sparidae;Dentex;Dentex dentex;NA;NA;NA
NC_037731.1	Eukaryota;Chordata;Actinopteri;Spariformes;Sparidae;Dentex;Dentex gibbosus;NA;NA;NA
AY313979.1	Eukaryota;Chordata;Actinopteri;Perciformes;Serranidae;Dermatolepis;Dermatolepis inermis;NA;NA;NA
NC_087996.1	Eukaryota;Chordata;Actinopteri;Perciformes;Serranidae;Dermatolepis;Dermatolepis inermis;NA;NA;NA
AB355914.1	Eukaryota;Chordata;Actinopteri;Lutjaniformes;Haemulidae;Diagramma;Diagramma pictum;NA;NA;NA
KJ468671.1	Eukaryota;Chordata;Actinopteri;Gerreiformes;Gerreidae;Diapterus;Diapterus auratus;NA;NA;NA
NC_026074.1	Eukaryota;Chordata;Actinopteri;NA;Moronidae;Dicentrarchus;Dicentrarchus labrax;NA;NA;NA
PP467784.1	Eukaryota;Chordata;Actinopteri;NA;Moronidae;Dicentrarchus;Dicentrarchus labrax;NA;NA;NA
NC_026075.1	Eukaryota;Chordata;Actinopteri;NA;Moronidae;Dicentrarchus;Dicentrarchus punctatus;NA;NA;NA
AY700285.1	Eukaryota;Chordata;Actinopteri;Tetraodontiformes;Tetraodontidae;Dichotomyctere;Dichotomyctere fluviatilis;NA;NA;NA
LC499546.2	Eukaryota;Chordata;Actinopteri;Tetraodontiformes;Diodontidae;Diodon;Diodon eydouxii;NA;NA;NA
AY700255.1	Eukaryota;Chordata;Actinopteri;Tetraodontiformes;Diodontidae;Diodon;Diodon holocanthus;NA;NA;NA
KT600952.1	Eukaryota;Chordata;Actinopteri;Tetraodontiformes;Diodontidae;Diodon;Diodon holocanthus;NA;NA;NA
NC_009866.1	Eukaryota;Chordata;Actinopteri;Tetraodontiformes;Diodontidae;Diodon;Diodon holocanthus;NA;NA;NA
AY700257.1	Eukaryota;Chordata;Actinopteri;Tetraodontiformes;Diodontidae;Diodon;Diodon liturosus;NA;NA;NA
PV423379.1	Eukaryota;Chordata;Actinopteri;Perciformes;Serranidae;Diplectrum;Diplectrum formosum;NA;NA;NA
MT319027.1	Eukaryota;Chordata;Actinopteri;Spariformes;Sparidae;Diplodus;Diplodus puntazzo;NA;NA;NA
LC649162.1	Eukaryota;Chordata;Actinopteri;Perciformes;Serranidae;Diploprion;Diploprion bifasciatus;NA;NA;NA
PZ024020.1	Eukaryota;Chordata;Chondrichthyes;Rajiformes;Rajidae;Dipturus;Dipturus intermedius;NA;NA;NA
MH377802.1	Eukaryota;Chordata;Chondrichthyes;Rajiformes;Rajidae;Dipturus;Dipturus laevis;NA;NA;NA
NC_018135.1	Eukaryota;Chordata;Actinopteri;Perciformes;Nototheniidae;Dissostichus;Dissostichus eleginoides;NA;NA;NA
LC138011.1	Eukaryota;Chordata;Actinopteri;Perciformes;Nototheniidae;Dissostichus;Dissostichus mawsoni;NA;NA;NA
NC_009867.1	Eukaryota;Chordata;Actinopteri;Acropomatiformes;Acropomatidae;Doederleinia;Doederleinia berycoides;NA;NA;NA
PX415956.1	Eukaryota;Chordata;Actinopteri;Siluriformes;Doradidae;Doras;Doras carinatus;NA;NA;NA
PX415957.1	Eukaryota;Chordata;Actinopteri;Siluriformes;Doradidae;Doras;Doras carinatus;NA;NA;NA
BK075999.1	Eukaryota;Chordata;Actinopteri;Siluriformes;Doradidae;Doras;Doras micropoeus;NA;NA;NA
OP056839.1	Eukaryota;Chordata;Actinopteri;Labriformes;Labridae;Doratonotus;Doratonotus megalepis;NA;NA;NA
NC_008107.1	Eukaryota;Chordata;Actinopteri;Clupeiformes;Clupeidae;Dorosoma;Dorosoma cepedianum;NA;NA;NA
NC_009580.1	Eukaryota;Chordata;Actinopteri;Clupeiformes;Clupeidae;Dorosoma;Dorosoma petenense;NA;NA;NA
NC_002784.1	Eukaryota;Chordata;Aves;Casuariiformes;Dromaiidae;Dromaius;Dromaius novaehollandiae;NA;NA;NA
FJ374790.1	Eukaryota;Chordata;Actinopteri;Carangiformes;Echeneidae;Echeneis;Echeneis neucratoides;NA;NA;NA
PP467847.1	Eukaryota;Chordata;Actinopteri;Perciformes;Trachinidae;Echiichthys;Echiichthys vipera;NA;NA;NA
NC_029880.1	Eukaryota;Chordata;Actinopteri;Carangiformes;Carangidae;Elagatis;Elagatis bipinnulata;NA;NA;NA
MH061062.1	Eukaryota;Chordata;Actinopteri;Gadiformes;Gadidae;Eleginus;Eleginus gracilis;NA;NA;NA
MH061068.1	Eukaryota;Chordata;Actinopteri;Gadiformes;Gadidae;Eleginus;Eleginus gracilis;NA;NA;NA
MH061084.1	Eukaryota;Chordata;Actinopteri;Gadiformes;Gadidae;Eleginus;Eleginus gracilis;NA;NA;NA
NC_021620.1	Eukaryota;Chordata;Actinopteri;NA;Polynemidae;Eleutheronema;Eleutheronema tetradactylum;NA;NA;NA
PV077896.1	Eukaryota;Chordata;Actinopteri;NA;Polynemidae;Eleutheronema;Eleutheronema tetradactylum;NA;NA;NA
KF374968.1	Eukaryota;Chordata;Actinopteri;Mugiliformes;Mugilidae;Ellochelon;Ellochelon vaigiensis;NA;NA;NA
NC_005798.1	Eukaryota;Chordata;Actinopteri;Elopiformes;Elopidae;Elops;Elops hawaiensis;NA;NA;NA
PX718986.1	Eukaryota;Chordata;Actinopteri;Elopiformes;Elopidae;Elops;Elops saurus;NA;NA;NA
AF488490.1	Eukaryota;Chordata;Actinopteri;Pleuronectiformes;Pleuronectidae;Embassichthys;Embassichthys bathybius;NA;NA;NA
NC_029362.1	Eukaryota;Chordata;Actinopteri;NA;Embiotocidae;Embiotoca;Embiotoca jacksoni;NA;NA;NA
NC_066926.1	Eukaryota;Chordata;Actinopteri;NA;Embiotocidae;Embiotoca;Embiotoca lateralis;NA;NA;NA
NC_088577.1	Eukaryota;Chordata;Actinopteri;NA;Emmelichthyidae;Emmelichthys;Emmelichthys nitidus;NA;NA;NA
EU921687.1	Eukaryota;Chordata;Actinopteri;Anguilliformes;Muraenidae;Enchelycore;Enchelycore anatina;NA;NA;NA
FJ215025.1	Eukaryota;Chordata;Actinopteri;Gadiformes;Gaidropsaridae;Enchelyopus;Enchelyopus cimbrius;NA;NA;NA
AP017952.1	Eukaryota;Chordata;Actinopteri;Clupeiformes;Engraulidae;Encrasicholina;Encrasicholina heteroloba;NA;NA;NA
AP017954.1	Eukaryota;Chordata;Actinopteri;Clupeiformes;Engraulidae;Encrasicholina;Encrasicholina pseudoheteroloba;NA;NA;NA
AP017951.1	Eukaryota;Chordata;Actinopteri;Clupeiformes;Engraulidae;Encrasicholina;Encrasicholina punctifer;NA;NA;NA
AP017956.1	Eukaryota;Chordata;Actinopteri;Clupeiformes;Engraulidae;Encrasicholina;Encrasicholina punctifer;NA;NA;NA
DQ912031.1	Eukaryota;Chordata;Actinopteri;Clupeiformes;Engraulidae;Engraulis;Engraulis encrasicolus;NA;NA;NA
NC_009581.1	Eukaryota;Chordata;Actinopteri;Clupeiformes;Engraulidae;Engraulis;Engraulis encrasicolus;NA;NA;NA
DQ912037.1	Eukaryota;Chordata;Actinopteri;Clupeiformes;Engraulidae;Engraulis;Engraulis mordax;NA;NA;NA
NC_041097.1	Eukaryota;Chordata;Actinopteri;Clupeiformes;Engraulidae;Engraulis;Engraulis mordax;NA;NA;NA
NC_042728.1	Eukaryota;Chordata;Actinopteri;Clupeiformes;Engraulidae;Engraulis;Engraulis ringens;NA;NA;NA
NC_083049.1	Eukaryota;Chordata;Actinopteri;Pleuronectiformes;Pleuronectidae;Eopsetta;Eopsetta jordani;NA;NA;NA
OK545541.1	Eukaryota;Chordata;Actinopteri;Pleuronectiformes;Pleuronectidae;Eopsetta;Eopsetta jordani;NA;NA;NA
PQ628758.1	Eukaryota;Chordata;Actinopteri;Tetraodontiformes;Tetraodontidae;Ephippion;Ephippion guttifer;NA;NA;NA
LC925641.1	Eukaryota;Chordata;Actinopteri;Labriformes;Labridae;Epibulus;Epibulus insidiator;NA;NA;NA
NC_087997.1	Eukaryota;Chordata;Actinopteri;Perciformes;Serranidae;Epinephelus;Epinephelus adscensionis;NA;NA;NA
PQ628761.1	Eukaryota;Chordata;Actinopteri;Perciformes;Serranidae;Epinephelus;Epinephelus aeneus;NA;NA;NA
AB974679.2	Eukaryota;Chordata;Actinopteri;Perciformes;Serranidae;Epinephelus;Epinephelus akaara;NA;NA;NA
NC_072595.1	Eukaryota;Chordata;Actinopteri;Perciformes;Serranidae;Epinephelus;Epinephelus amblycephalus;NA;NA;NA
KU877246.1	Eukaryota;Chordata;Actinopteri;Perciformes;Serranidae;Epinephelus;Epinephelus areolatus;NA;NA;NA
NC_020785.1	Eukaryota;Chordata;Actinopteri;Perciformes;Serranidae;Epinephelus;Epinephelus areolatus;NA;NA;NA
NC_069198.1	Eukaryota;Chordata;Actinopteri;Perciformes;Serranidae;Epinephelus;Epinephelus bilobatus;NA;NA;NA
NC_022848.1	Eukaryota;Chordata;Actinopteri;Perciformes;Serranidae;Epinephelus;Epinephelus bleekeri;NA;NA;NA
JQ518289.1	Eukaryota;Chordata;Actinopteri;Perciformes;Serranidae;Epinephelus;Epinephelus bruneus;NA;NA;NA
NC_013820.1	Eukaryota;Chordata;Actinopteri;Perciformes;Serranidae;Epinephelus;Epinephelus bruneus;NA;NA;NA
PZ210656.1	Eukaryota;Chordata;Actinopteri;Perciformes;Serranidae;Epinephelus;Epinephelus coeruleopunctatus;NA;NA;NA
AY949333.1	Eukaryota;Chordata;Actinopteri;Perciformes;Serranidae;Epinephelus;Epinephelus coioides;NA;NA;NA
MW752082.1	Eukaryota;Chordata;Actinopteri;Perciformes;Serranidae;Epinephelus;Epinephelus coioides;NA;NA;NA
NC_026731.1	Eukaryota;Chordata;Actinopteri;Perciformes;Serranidae;Epinephelus;Epinephelus corallicola;NA;NA;NA
AY949368.1	Eukaryota;Chordata;Actinopteri;Perciformes;Serranidae;Epinephelus;Epinephelus costae;NA;NA;NA
AY949335.1	Eukaryota;Chordata;Actinopteri;Perciformes;Serranidae;Epinephelus;Epinephelus cyanopodus;NA;NA;NA
AY313985.1	Eukaryota;Chordata;Actinopteri;Perciformes;Serranidae;Epinephelus;Epinephelus drummondhayi;NA;NA;NA
NC_021462.1	Eukaryota;Chordata;Actinopteri;Perciformes;Serranidae;Epinephelus;Epinephelus epistictus;NA;NA;NA
NC_020782.1	Eukaryota;Chordata;Actinopteri;Perciformes;Serranidae;Epinephelus;Epinephelus fasciatomaculosus;NA;NA;NA
AY949401.1	Eukaryota;Chordata;Actinopteri;Perciformes;Serranidae;Epinephelus;Epinephelus fasciatus;NA;NA;NA
LC940206.1	Eukaryota;Chordata;Actinopteri;Perciformes;Serranidae;Epinephelus;Epinephelus fasciatus;NA;NA;NA
PZ315196.1	Eukaryota;Chordata;Actinopteri;Perciformes;Serranidae;Epinephelus;Epinephelus fasciatus;NA;NA;NA
AY949415.1	Eukaryota;Chordata;Actinopteri;Perciformes;Serranidae;Epinephelus;Epinephelus fuscoguttatus;NA;NA;NA
NC_020046.1	Eukaryota;Chordata;Actinopteri;Perciformes;Serranidae;Epinephelus;Epinephelus fuscoguttatus;NA;NA;NA
NC_028055.1	Eukaryota;Chordata;Actinopteri;Perciformes;Serranidae;Epinephelus;Epinephelus fuscoguttatus x Epinephelus lanceolatus;NA;NA;NA
AY949437.1	Eukaryota;Chordata;Actinopteri;Perciformes;Serranidae;Epinephelus;Epinephelus guttatus;NA;NA;NA
NC_065829.1	Eukaryota;Chordata;Actinopteri;Perciformes;Serranidae;Epinephelus;Epinephelus hexagonatus;NA;NA;NA
AY949337.1	Eukaryota;Chordata;Actinopteri;Perciformes;Serranidae;Epinephelus;Epinephelus itajara;NA;NA;NA
NC_011715.1	Eukaryota;Chordata;Actinopteri;Perciformes;Serranidae;Epinephelus;Epinephelus lanceolatus;NA;NA;NA
NC_020784.1	Eukaryota;Chordata;Actinopteri;Perciformes;Serranidae;Epinephelus;Epinephelus latifasciatus;NA;NA;NA
AY949338.1	Eukaryota;Chordata;Actinopteri;Perciformes;Serranidae;Epinephelus;Epinephelus maculatus;NA;NA;NA
NC_067042.1	Eukaryota;Chordata;Actinopteri;Perciformes;Serranidae;Epinephelus;Epinephelus maculatus;NA;NA;NA
AY949390.1	Eukaryota;Chordata;Actinopteri;Perciformes;Serranidae;Epinephelus;Epinephelus malabaricus;NA;NA;NA
KU877247.1	Eukaryota;Chordata;Actinopteri;Perciformes;Serranidae;Epinephelus;Epinephelus malabaricus;NA;NA;NA
AM931025.1	Eukaryota;Chordata;Actinopteri;Perciformes;Serranidae;Epinephelus;Epinephelus marginatus;NA;NA;NA
AY949369.1	Eukaryota;Chordata;Actinopteri;Perciformes;Serranidae;Epinephelus;Epinephelus marginatus;NA;NA;NA
NC_087998.1	Eukaryota;Chordata;Actinopteri;Perciformes;Serranidae;Epinephelus;Epinephelus marginatus;NA;NA;NA
PZ507564.1	Eukaryota;Chordata;Actinopteri;Perciformes;Serranidae;Epinephelus;Epinephelus melanostigma;NA;NA;NA
AY949418.1	Eukaryota;Chordata;Actinopteri;Perciformes;Serranidae;Epinephelus;Epinephelus miliaris;NA;NA;NA
AY949425.1	Eukaryota;Chordata;Actinopteri;Perciformes;Serranidae;Epinephelus;Epinephelus morio;NA;NA;NA
NC_087999.1	Eukaryota;Chordata;Actinopteri;Perciformes;Serranidae;Epinephelus;Epinephelus morio;NA;NA;NA
PZ315198.1	Eukaryota;Chordata;Actinopteri;Perciformes;Serranidae;Epinephelus;Epinephelus morrhua;NA;NA;NA
PZ210644.1	Eukaryota;Chordata;Actinopteri;Perciformes;Serranidae;Epinephelus;Epinephelus ongus;NA;NA;NA
KU680999.1	Eukaryota;Chordata;Actinopteri;Perciformes;Serranidae;Epinephelus;Epinephelus polyphekadion;NA;NA;NA
NC_072956.1	Eukaryota;Chordata;Actinopteri;Perciformes;Serranidae;Epinephelus;Epinephelus polyphekadion;NA;NA;NA
AY949430.1	Eukaryota;Chordata;Actinopteri;Perciformes;Serranidae;Epinephelus;Epinephelus radiatus;NA;NA;NA
KU877251.1	Eukaryota;Chordata;Actinopteri;Perciformes;Serranidae;Epinephelus;Epinephelus radiatus;NA;NA;NA
PZ507588.1	Eukaryota;Chordata;Actinopteri;Perciformes;Serranidae;Epinephelus;Epinephelus retouti;NA;NA;NA
AY949410.1	Eukaryota;Chordata;Actinopteri;Perciformes;Serranidae;Epinephelus;Epinephelus rivulatus;NA;NA;NA
NC_021765.1	Eukaryota;Chordata;Actinopteri;Perciformes;Serranidae;Epinephelus;Epinephelus sexfasciatus;NA;NA;NA
NC_021133.1	Eukaryota;Chordata;Actinopteri;Perciformes;Serranidae;Epinephelus;Epinephelus stictus;NA;NA;NA
AY949433.1	Eukaryota;Chordata;Actinopteri;Perciformes;Serranidae;Epinephelus;Epinephelus striatus;NA;NA;NA
AY949347.1	Eukaryota;Chordata;Actinopteri;Perciformes;Serranidae;Epinephelus;Epinephelus tauvina;NA;NA;NA
KU877248.1	Eukaryota;Chordata;Actinopteri;Perciformes;Serranidae;Epinephelus;Epinephelus tauvina;NA;NA;NA
NC_056898.1	Eukaryota;Chordata;Actinopteri;Perciformes;Serranidae;Epinephelus;Epinephelus tauvina;NA;NA;NA
NC_021612.1	Eukaryota;Chordata;Actinopteri;Perciformes;Serranidae;Epinephelus;Epinephelus trimaculatus;NA;NA;NA
NC_024039.1	Eukaryota;Chordata;Actinopteri;Perciformes;Serranidae;Epinephelus;Epinephelus tukula;NA;NA;NA
NC_071920.1	Eukaryota;Chordata;Actinopteri;Perciformes;Serranidae;Epinephelus;Epinephelus undulosus;NA;NA;NA
NC_022505.1	Eukaryota;Chordata;Actinopteri;Scombriformes;Gempylidae;Epinnula;Epinnula magistralis;NA;NA;NA
OP056961.1	Eukaryota;Chordata;Actinopteri;NA;Sciaenidae;Eques;Eques punctatus;NA;NA;NA
KX669267.1	Eukaryota;Chordata;Mammalia;Perissodactyla;Equidae;Equus;Equus asinus;Equus asinus africanus;NA;NA
KT221831.1	Eukaryota;Chordata;Mammalia;Perissodactyla;Equidae;Equus;Equus caballus;NA;NA;NA
KT221836.1	Eukaryota;Chordata;Mammalia;Perissodactyla;Equidae;Equus;Equus caballus;NA;NA;NA
KT596764.1	Eukaryota;Chordata;Mammalia;Perissodactyla;Equidae;Equus;Equus caballus;NA;NA;NA
MK100122.1	Eukaryota;Chordata;Mammalia;Perissodactyla;Equidae;Equus;Equus caballus;NA;NA;NA
MN187576.1	Eukaryota;Chordata;Mammalia;Perissodactyla;Equidae;Equus;Equus caballus;NA;NA;NA
NC_091244.1	Eukaryota;Chordata;Mammalia;Perissodactyla;Equidae;Equus;Equus caballus;NA;NA;NA
AM181027.1	Eukaryota;Chordata;Mammalia;Carnivora;Phocidae;Erignathus;Erignathus barbatus;NA;NA;NA
NC_026889.1	Eukaryota;Chordata;Actinopteri;Perciformes;Anoplopomatidae;Erilepis;Erilepis zonifer;NA;NA;NA
NC_016706.1	Eukaryota;Chordata;Actinopteri;Clupeiformes;Clupeidae;Escualosa;Escualosa thoracata;NA;NA;NA
PV748012.1	Eukaryota;Chordata;Actinopteri;Esociformes;Esocidae;Esox;Esox americanus;Esox americanus americanus;NA;NA
MT667237.1	Eukaryota;Chordata;Actinopteri;Esociformes;Esocidae;Esox;Esox americanus;Esox americanus vermiculatus;NA;NA
NC_004593.1	Eukaryota;Chordata;Actinopteri;Esociformes;Esocidae;Esox;Esox lucius;NA;NA;NA
MW856881.1	Eukaryota;Chordata;Actinopteri;Esociformes;Esocidae;Esox;Esox masquinongy;NA;NA;NA
NC_023269.1	Eukaryota;Chordata;Actinopteri;Esociformes;Esocidae;Esox;Esox reichertii;NA;NA;NA
OP035103.1	Eukaryota;Chordata;Actinopteri;Lutjaniformes;Lutjanidae;Etelis;Etelis carbunculus;NA;NA;NA
PV170590.1	Eukaryota;Chordata;Actinopteri;Lutjaniformes;Lutjanidae;Etelis;Etelis carbunculus;NA;NA;NA
NC_082564.1	Eukaryota;Chordata;Actinopteri;Lutjaniformes;Lutjanidae;Etelis;Etelis oculatus;NA;NA;NA
NC_009582.1	Eukaryota;Chordata;Actinopteri;Clupeiformes;Clupeidae;Ethmalosa;Ethmalosa fimbriata;NA;NA;NA
NC_016710.1	Eukaryota;Chordata;Actinopteri;Clupeiformes;Clupeidae;Ethmidium;Ethmidium maculatum;NA;NA;NA
NC_029832.1	Eukaryota;Chordata;Actinopteri;Cichliformes;Cichlidae;Etroplus;Etroplus suratensis;NA;NA;NA
DQ912038.1	Eukaryota;Chordata;Actinopteri;Clupeiformes;Dussumieriidae;Etrumeus;Etrumeus teres;NA;NA;NA
PX430084.1	Eukaryota;Chordata;Actinopteri;Clupeiformes;Dussumieriidae;Etrumeus;Etrumeus teres;NA;NA;NA
PX430085.1	Eukaryota;Chordata;Actinopteri;Clupeiformes;Dussumieriidae;Etrumeus;Etrumeus teres;NA;NA;NA
OP205167.1	Eukaryota;Chordata;Mammalia;Artiodactyla;Balaenidae;Eubalaena;Eubalaena australis;NA;NA;NA
OP205177.1	Eukaryota;Chordata;Mammalia;Artiodactyla;Balaenidae;Eubalaena;Eubalaena australis;NA;NA;NA
OP205182.1	Eukaryota;Chordata;Mammalia;Artiodactyla;Balaenidae;Eubalaena;Eubalaena glacialis;NA;NA;NA
OP205195.1	Eukaryota;Chordata;Mammalia;Artiodactyla;Balaenidae;Eubalaena;Eubalaena japonica;NA;NA;NA
PQ845995.1	Eukaryota;Chordata;Hyperoartia;Petromyzontiformes;Petromyzontidae;Eudontomyzon;Eudontomyzon graecus;NA;NA;NA
KT067847.1	Eukaryota;Chordata;Actinopteri;Gerreiformes;Gerreidae;Eugerres;Eugerres plumieri;NA;NA;NA
AP012497.1	Eukaryota;Chordata;Actinopteri;Scombriformes;Bramidae;Eumegistus;Eumegistus illustris;NA;NA;NA
AJ428578.2	Eukaryota;Chordata;Mammalia;Carnivora;Otariidae;Eumetopias;Eumetopias jubatus;NA;NA;NA
KM055370.1	Eukaryota;Chordata;Actinopteri;Scombriformes;Scombridae;Euthynnus;Euthynnus affinis;NA;NA;NA
KP793738.1	Eukaryota;Chordata;Actinopteri;Scombriformes;Scombridae;Euthynnus;Euthynnus affinis;NA;NA;NA
NC_004530.1	Eukaryota;Chordata;Actinopteri;Scombriformes;Scombridae;Euthynnus;Euthynnus alletteratus;NA;NA;NA
PQ628766.1	Eukaryota;Chordata;Actinopteri;Scombriformes;Scombridae;Euthynnus;Euthynnus alletteratus;NA;NA;NA
AB919123.1	Eukaryota;Chordata;Actinopteri;Siluriformes;Schilbidae;Eutropiichthys;Eutropiichthys vacha;NA;NA;NA
PX430093.1	Eukaryota;Chordata;Actinopteri;Spariformes;Sparidae;Evynnis;Evynnis cardinalis;NA;NA;NA
NC_029479.1	Eukaryota;Chordata;Actinopteri;Spariformes;Sparidae;Evynnis;Evynnis tumifrons;NA;NA;NA
OP057046.2	Eukaryota;Chordata;Actinopteri;Beloniformes;Exocoetidae;Exocoetus;Exocoetus monocirrhus;NA;NA;NA
PX416004.1	Eukaryota;Chordata;Actinopteri;Siluriformes;Loricariidae;Farlowella;Farlowella reticulata;NA;NA;NA
AY012149.1	Eukaryota;Chordata;Mammalia;Carnivora;Felidae;Felis;Felis catus;NA;NA;NA
MN447121.1	Eukaryota;Chordata;Mammalia;Carnivora;Felidae;Felis;Felis catus;NA;NA;NA
NC_001700.1	Eukaryota;Chordata;Mammalia;Carnivora;Felidae;Felis;Felis catus;NA;NA;NA
PP070532.1	Eukaryota;Chordata;Mammalia;Carnivora;Felidae;Felis;Felis catus;NA;NA;NA
NC_010274.1	Eukaryota;Chordata;Actinopteri;Syngnathiformes;Fistulariidae;Fistularia;Fistularia commersonii;NA;NA;NA
BK063458.1	Eukaryota;Chordata;Actinopteri;Beloniformes;Exocoetidae;Fodiator;Fodiator rostratus;NA;NA;NA
OP035105.1	Eukaryota;Chordata;Actinopteri;Cyprinodontiformes;Fundulidae;Fundulus;Fundulus confluentus;NA;NA;NA
FJ445403.1	Eukaryota;Chordata;Actinopteri;Cyprinodontiformes;Fundulidae;Fundulus;Fundulus heteroclitus;NA;NA;NA
NC_012312.1	Eukaryota;Chordata;Actinopteri;Cyprinodontiformes;Fundulidae;Fundulus;Fundulus heteroclitus;NA;NA;NA
KX686099.1	Eukaryota;Chordata;Actinopteri;Cyprinodontiformes;Fundulidae;Fundulus;Fundulus majalis;NA;NA;NA
OR582709.1	Eukaryota;Chordata;Actinopteri;Cyprinodontiformes;Fundulidae;Fundulus;Fundulus majalis;NA;NA;NA
MH035590.1	Eukaryota;Chordata;Actinopteri;Gadiformes;Gadidae;Gadus;Gadus chalcogrammus;NA;NA;NA
MH035598.1	Eukaryota;Chordata;Actinopteri;Gadiformes;Gadidae;Gadus;Gadus chalcogrammus;NA;NA;NA
AM489718.1	Eukaryota;Chordata;Actinopteri;Gadiformes;Gadidae;Gadus;Gadus finnmarchicus;NA;NA;NA
AM489716.1	Eukaryota;Chordata;Actinopteri;Gadiformes;Gadidae;Gadus;Gadus morhua;NA;NA;NA
KX267019.1	Eukaryota;Chordata;Actinopteri;Gadiformes;Gadidae;Gadus;Gadus morhua;NA;NA;NA
KX267072.1	Eukaryota;Chordata;Actinopteri;Gadiformes;Gadidae;Gadus;Gadus morhua;NA;NA;NA
OQ210110.1	Eukaryota;Chordata;Actinopteri;Gadiformes;Gadidae;Gadus;Gadus morhua;NA;NA;NA
PX683763.1	Eukaryota;Chordata;Actinopteri;Siluriformes;Ariidae;Galeichthys;Galeichthys feliceps;NA;NA;NA
NC_022193.1	Eukaryota;Chordata;Chondrichthyes;Carcharhiniformes;Carcharhinidae;Galeocerdo;Galeocerdo cuvier;NA;NA;NA
NC_084376.1	Eukaryota;Chordata;Chondrichthyes;Carcharhiniformes;Triakidae;Galeorhinus;Galeorhinus galeus;NA;NA;NA
AP003319.1	Eukaryota;Chordata;Aves;Galliformes;Phasianidae;Gallus;Gallus gallus;NA;NA;NA
KM886936.1	Eukaryota;Chordata;Aves;Galliformes;Phasianidae;Gallus;Gallus gallus;NA;NA;NA
KY039434.1	Eukaryota;Chordata;Aves;Galliformes;Phasianidae;Gallus;Gallus gallus;NA;NA;NA
LC627430.1	Eukaryota;Chordata;Aves;Galliformes;Phasianidae;Gallus;Gallus gallus;NA;NA;NA
HQ425781.1	Eukaryota;Chordata;Actinopteri;Scombriformes;Scombridae;Gasterochisma;Gasterochisma melampus;NA;NA;NA
PX415848.1	Eukaryota;Chordata;Actinopteri;Siluriformes;Callichthyidae;Gastrodermus;Gastrodermus aff. elegans;NA;NA;NA
PZ393777.1	Eukaryota;Chordata;Actinopteri;NA;Sciaenidae;Genyonemus;Genyonemus lineatus;NA;NA;NA
KT185629.1	Eukaryota;Chordata;Hyperoartia;Petromyzontiformes;Geotriidae;Geotria;Geotria australis;NA;NA;NA
PX416032.1	Eukaryota;Chordata;Actinopteri;Siluriformes;Auchenipteridae;Gephyromochlus;Gephyromochlus leopardus;NA;NA;NA
KC136546.1	Eukaryota;Chordata;Actinopteri;Centrarchiformes;Girellidae;Girella;Girella nigricans;NA;NA;NA
JF339972.1	Eukaryota;Chordata;Mammalia;Artiodactyla;Delphinidae;Globicephala;Globicephala melas;NA;NA;NA
LC672454.1	Eukaryota;Chordata;Actinopteri;Argentiniformes;Argentinidae;Glossanodon;Glossanodon semifasciatus;NA;NA;NA
NC_036674.1	Eukaryota;Chordata;Actinopteri;Gobiiformes;Gobiidae;Glossogobius;Glossogobius giuris;NA;NA;NA
PZ091037.1	Eukaryota;Chordata;Actinopteri;Pleuronectiformes;Pleuronectidae;Glyptocephalus;Glyptocephalus cynoglossus;NA;NA;NA
OR499736.1	Eukaryota;Chordata;Actinopteri;Pleuronectiformes;Pleuronectidae;Glyptocephalus;Glyptocephalus zachirus;NA;NA;NA
MH248181.1	Eukaryota;Chordata;Actinopteri;Carangiformes;Carangidae;Gnathanodon;Gnathanodon speciosus;NA;NA;NA
NC_054367.1	Eukaryota;Chordata;Actinopteri;Carangiformes;Carangidae;Gnathanodon;Gnathanodon speciosus;NA;NA;NA
OP035097.1	Eukaryota;Chordata;Actinopteri;Labriformes;Labridae;Gomphosus;Gomphosus varius;NA;NA;NA
PZ507567.1	Eukaryota;Chordata;Actinopteri;Perciformes;Serranidae;Gonioplectrus;Gonioplectrus hispanus;NA;NA;NA
PZ315200.1	Eukaryota;Chordata;Actinopteri;Perciformes;Serranidae;Gracila;Gracila albomarginata;NA;NA;NA
KF374969.1	Eukaryota;Chordata;Actinopteri;Mugiliformes;Mugilidae;Gracilimugil;Gracilimugil argenteus;NA;NA;NA
NC_051931.1	Eukaryota;Chordata;Actinopteri;Scombriformes;Scombridae;Grammatorcynus;Grammatorcynus bilineatus;NA;NA;NA
PZ507586.1	Eukaryota;Chordata;Actinopteri;Perciformes;Serranidae;Grammistops;Grammistops ocellatus;NA;NA;NA
NC_012062.1	Eukaryota;Chordata;Mammalia;Artiodactyla;Delphinidae;Grampus;Grampus griseus;NA;NA;NA
NC_016715.1	Eukaryota;Chordata;Actinopteri;Clupeiformes;Clupeidae;Gudusia;Gudusia chapra;NA;NA;NA
PX416053.1	Eukaryota;Chordata;Actinopteri;Siluriformes;Loricariidae;Guyanancistrus;Guyanancistrus brevispinis;NA;NA;NA
PX416060.1	Eukaryota;Chordata;Actinopteri;Siluriformes;Loricariidae;Guyanancistrus;Guyanancistrus longispinis;NA;NA;NA
PX416064.1	Eukaryota;Chordata;Actinopteri;Siluriformes;Loricariidae;Guyanancistrus;Guyanancistrus niger;NA;NA;NA
PZ310934.1	Eukaryota;Chordata;Actinopteri;Spariformes;Lethrinidae;Gymnocranius;Gymnocranius grandoculis;NA;NA;NA
NC_022496.1	Eukaryota;Chordata;Actinopteri;Scombriformes;Scombridae;Gymnosarda;Gymnosarda unicolor;NA;NA;NA
OP056864.2	Eukaryota;Chordata;Actinopteri;Anguilliformes;Muraenidae;Gymnothorax;Gymnothorax funebris;NA;NA;NA
MW145336.1	Eukaryota;Chordata;Actinopteri;Anguilliformes;Muraenidae;Gymnothorax;Gymnothorax javanicus;NA;NA;NA
NC_083015.1	Eukaryota;Chordata;Actinopteri;Anguilliformes;Muraenidae;Gymnothorax;Gymnothorax kolpos;NA;NA;NA
EU921684.1	Eukaryota;Chordata;Actinopteri;Anguilliformes;Muraenidae;Gymnothorax;Gymnothorax miliaris;NA;NA;NA
EU921685.1	Eukaryota;Chordata;Actinopteri;Anguilliformes;Muraenidae;Gymnothorax;Gymnothorax miliaris;NA;NA;NA
MZ593775.1	Eukaryota;Chordata;Actinopteri;Anguilliformes;Muraenidae;Gymnothorax;Gymnothorax miliaris;NA;NA;NA
MZ593777.1	Eukaryota;Chordata;Actinopteri;Anguilliformes;Muraenidae;Gymnothorax;Gymnothorax miliaris;NA;NA;NA
NC_073551.1	Eukaryota;Chordata;Actinopteri;Anguilliformes;Muraenidae;Gymnothorax;Gymnothorax miliaris;NA;NA;NA
EU921696.1	Eukaryota;Chordata;Actinopteri;Anguilliformes;Muraenidae;Gymnothorax;Gymnothorax unicolor;NA;NA;NA
PZ310907.1	Eukaryota;Chordata;Actinopteri;Lutjaniformes;Haemulidae;Haemulon;Haemulon album;NA;NA;NA
OP056814.1	Eukaryota;Chordata;Actinopteri;Lutjaniformes;Haemulidae;Haemulon;Haemulon aurolineatum;NA;NA;NA
OP056956.1	Eukaryota;Chordata;Actinopteri;Lutjaniformes;Haemulidae;Haemulon;Haemulon carbonarium;NA;NA;NA
OP056941.2	Eukaryota;Chordata;Actinopteri;Lutjaniformes;Haemulidae;Haemulon;Haemulon flavolineatum;NA;NA;NA
OP056928.2	Eukaryota;Chordata;Actinopteri;Lutjaniformes;Haemulidae;Haemulon;Haemulon macrostomum;NA;NA;NA
NC_088001.1	Eukaryota;Chordata;Actinopteri;Lutjaniformes;Haemulidae;Haemulon;Haemulon parra;NA;NA;NA
OP056946.1	Eukaryota;Chordata;Actinopteri;Lutjaniformes;Haemulidae;Haemulon;Haemulon plumierii;NA;NA;NA
PV742865.1	Eukaryota;Chordata;Actinopteri;Lutjaniformes;Haemulidae;Haemulon;Haemulon striatum;NA;NA;NA
PZ237755.1	Eukaryota;Chordata;Actinopteri;Labriformes;Labridae;Halichoeres;Halichoeres argus;NA;NA;NA
PZ315387.1	Eukaryota;Chordata;Actinopteri;Labriformes;Labridae;Halichoeres;Halichoeres bathyphilus;NA;NA;NA
PZ253521.1	Eukaryota;Chordata;Actinopteri;Labriformes;Labridae;Halichoeres;Halichoeres biocellatus;NA;NA;NA
OP056819.1	Eukaryota;Chordata;Actinopteri;Labriformes;Labridae;Halichoeres;Halichoeres bivittatus;NA;NA;NA
PZ253499.1	Eukaryota;Chordata;Actinopteri;Labriformes;Labridae;Halichoeres;Halichoeres chloropterus;NA;NA;NA
PZ253512.1	Eukaryota;Chordata;Actinopteri;Labriformes;Labridae;Halichoeres;Halichoeres chrysus;NA;NA;NA
PZ253486.1	Eukaryota;Chordata;Actinopteri;Labriformes;Labridae;Halichoeres;Halichoeres claudia;NA;NA;NA
LC421705.2	Eukaryota;Chordata;Actinopteri;Labriformes;Labridae;Halichoeres;Halichoeres hartzfeldii;NA;NA;NA
PZ237761.1	Eukaryota;Chordata;Actinopteri;Labriformes;Labridae;Halichoeres;Halichoeres hortulanus;NA;NA;NA
PZ237776.1	Eukaryota;Chordata;Actinopteri;Labriformes;Labridae;Halichoeres;Halichoeres leucurus;NA;NA;NA
OP056986.1	Eukaryota;Chordata;Actinopteri;Labriformes;Labridae;Halichoeres;Halichoeres maculipinna;NA;NA;NA
PQ738625.1	Eukaryota;Chordata;Actinopteri;Labriformes;Labridae;Halichoeres;Halichoeres margaritaceus;NA;NA;NA
OP035272.2	Eukaryota;Chordata;Actinopteri;Labriformes;Labridae;Halichoeres;Halichoeres marginatus;NA;NA;NA
PZ237763.1	Eukaryota;Chordata;Actinopteri;Labriformes;Labridae;Halichoeres;Halichoeres marginatus;NA;NA;NA
PZ237752.1	Eukaryota;Chordata;Actinopteri;Labriformes;Labridae;Halichoeres;Halichoeres melanochir;NA;NA;NA
NC_009066.1	Eukaryota;Chordata;Actinopteri;Labriformes;Labridae;Halichoeres;Halichoeres melanurus;NA;NA;NA
PZ237781.1	Eukaryota;Chordata;Actinopteri;Labriformes;Labridae;Halichoeres;Halichoeres nebulosus;NA;NA;NA
NC_041194.1	Eukaryota;Chordata;Actinopteri;Labriformes;Labridae;Halichoeres;Halichoeres nigrescens;NA;NA;NA
OP035150.2	Eukaryota;Chordata;Actinopteri;Labriformes;Labridae;Halichoeres;Halichoeres ornatissimus;NA;NA;NA
PZ237759.1	Eukaryota;Chordata;Actinopteri;Labriformes;Labridae;Halichoeres;Halichoeres papilionaceus;NA;NA;NA
PZ315395.1	Eukaryota;Chordata;Actinopteri;Labriformes;Labridae;Halichoeres;Halichoeres pictus;NA;NA;NA
OP056965.1	Eukaryota;Chordata;Actinopteri;Labriformes;Labridae;Halichoeres;Halichoeres poeyi;NA;NA;NA
PZ315396.1	Eukaryota;Chordata;Actinopteri;Labriformes;Labridae;Halichoeres;Halichoeres prosopeion;NA;NA;NA
PZ237753.1	Eukaryota;Chordata;Actinopteri;Labriformes;Labridae;Halichoeres;Halichoeres scapularis;NA;NA;NA
LC669497.1	Eukaryota;Chordata;Actinopteri;Labriformes;Labridae;Halichoeres;Halichoeres tenuispinis;NA;NA;NA
NC_011191.1	Eukaryota;Chordata;Actinopteri;Labriformes;Labridae;Halichoeres;Halichoeres tenuispinis;NA;NA;NA
NC_011199.1	Eukaryota;Chordata;Actinopteri;Labriformes;Labridae;Halichoeres;Halichoeres trimaculatus;NA;NA;NA
OP056914.2	Eukaryota;Chordata;Actinopteri;Clupeiformes;Clupeidae;Harengula;Harengula humeralis;NA;NA;NA
NC_016667.1	Eukaryota;Chordata;Actinopteri;Clupeiformes;Clupeidae;Harengula;Harengula jaguana;NA;NA;NA
PZ377779.1	Eukaryota;Chordata;Actinopteri;Clupeiformes;Clupeidae;Harengula;Harengula jaguana;NA;NA;NA
JX534239.1	Eukaryota;Chordata;Actinopteri;Aulopiformes;Synodontidae;Harpadon;Harpadon nehereus;NA;NA;NA
MH204885.1	Eukaryota;Chordata;Actinopteri;Aulopiformes;Synodontidae;Harpadon;Harpadon nehereus;NA;NA;NA
PX430108.1	Eukaryota;Chordata;Actinopteri;Aulopiformes;Synodontidae;Harpadon;Harpadon nehereus;NA;NA;NA
NC_014292.1	Eukaryota;Chordata;Chondrichthyes;Chimaeriformes;Rhinochimaeridae;Harriotta;Harriotta raleighana;NA;NA;NA
PX070021.1	Eukaryota;Chordata;Chondrichthyes;Chimaeriformes;Rhinochimaeridae;Harriotta;Harriotta raleighana;NA;NA;NA
PX416098.1	Eukaryota;Chordata;Actinopteri;Siluriformes;Loricariidae;Harttia;Harttia guianensis;NA;NA;NA
PX416101.1	Eukaryota;Chordata;Actinopteri;Siluriformes;Loricariidae;Harttiella;Harttiella intermedia;NA;NA;NA
PX416102.1	Eukaryota;Chordata;Actinopteri;Siluriformes;Loricariidae;Harttiella;Harttiella janmoli;NA;NA;NA
PX416105.1	Eukaryota;Chordata;Actinopteri;Siluriformes;Loricariidae;Harttiella;Harttiella lucifer;NA;NA;NA
PX416112.1	Eukaryota;Chordata;Actinopteri;Siluriformes;Loricariidae;Harttiella;Harttiella parva;NA;NA;NA
PX416111.1	Eukaryota;Chordata;Actinopteri;Siluriformes;Loricariidae;Harttiella;Harttiella sp. Makwali;NA;NA;NA
PP467732.1	Eukaryota;Chordata;Actinopteri;Perciformes;Sebastidae;Helicolenus;Helicolenus dactylopterus;NA;NA;NA
PV357918.1	Eukaryota;Chordata;Actinopteri;Perciformes;Sebastidae;Helicolenus;Helicolenus dactylopterus;NA;NA;NA
PX416114.1	Eukaryota;Chordata;Actinopteri;Siluriformes;Cetopsidae;Helogenes;Helogenes marmoratus;NA;NA;NA
PX416115.1	Eukaryota;Chordata;Actinopteri;Siluriformes;Cetopsidae;Helogenes;Helogenes marmoratus;NA;NA;NA
PX416116.1	Eukaryota;Chordata;Actinopteri;Siluriformes;Cetopsidae;Helogenes;Helogenes marmoratus;NA;NA;NA
AY949392.1	Eukaryota;Chordata;Actinopteri;Perciformes;Anthiadidae;Hemanthias;Hemanthias leptus;NA;NA;NA
AY949393.1	Eukaryota;Chordata;Actinopteri;Perciformes;Anthiadidae;Hemanthias;Hemanthias peruanus;NA;NA;NA
PX416124.1	Eukaryota;Chordata;Actinopteri;Siluriformes;Loricariidae;Hemiancistrus;Hemiancistrus medians;NA;NA;NA
PX734721.1	Eukaryota;Chordata;Actinopteri;Siluriformes;Ariidae;Hemiarius;Hemiarius dioctes;NA;NA;NA
NC_023222.1	Eukaryota;Chordata;Actinopteri;Siluriformes;Bagridae;Hemibagrus;Hemibagrus spilopterus;NA;NA;NA
PP922174.1	Eukaryota;Chordata;Actinopteri;Siluriformes;Bagridae;Hemibagrus;Hemibagrus velox;NA;NA;NA
MN807278.1	Eukaryota;Chordata;Actinopteri;Siluriformes;Bagridae;Hemibagrus;Hemibagrus wyckioides;NA;NA;NA
NC_024278.1	Eukaryota;Chordata;Actinopteri;Siluriformes;Bagridae;Hemibagrus;Hemibagrus wyckioides;NA;NA;NA
LC708243.1	Eukaryota;Chordata;Actinopteri;Labriformes;Labridae;Hemigymnus;Hemigymnus fasciatus;NA;NA;NA
NC_082782.1	Eukaryota;Chordata;Actinopteri;Perciformes;Cottidae;Hemilepidotus;Hemilepidotus jordani;NA;NA;NA
PX416173.1	Eukaryota;Chordata;Actinopteri;Siluriformes;Loricariidae;Hemiodontichthys;Hemiodontichthys acipenserinus;NA;NA;NA
PX416198.1	Eukaryota;Chordata;Actinopteri;Siluriformes;Pimelodidae;Hemisorubim;Hemisorubim platyrhynchos;NA;NA;NA
KM057961.1	Eukaryota;Chordata;Actinopteri;Perciformes;Agonidae;Hemitripterus;Hemitripterus americanus;NA;NA;NA
PX416200.1	Eukaryota;Chordata;Actinopteri;Siluriformes;Heptapteridae;Heptapterus;Heptapterus bleekeri;NA;NA;NA
PX416201.1	Eukaryota;Chordata;Actinopteri;Siluriformes;Heptapteridae;Heptapterus;Heptapterus bleekeri;NA;NA;NA
PX416202.1	Eukaryota;Chordata;Actinopteri;Siluriformes;Heptapteridae;Heptapterus;Heptapterus bleekeri;NA;NA;NA
PX416205.1	Eukaryota;Chordata;Actinopteri;Siluriformes;Heptapteridae;Heptapterus;Heptapterus tapanahoniensis;NA;NA;NA
OR582673.1	Eukaryota;Chordata;Actinopteri;Clupeiformes;Clupeidae;Herklotsichthys;Herklotsichthys quadrimaculatus;NA;NA;NA
JQ639060.1	Eukaryota;Chordata;Actinopteri;Pleuronectiformes;Soleidae;Heteromycteris;Heteromycteris japonicus;NA;NA;NA
LC635097.1	Eukaryota;Chordata;Actinopteri;Pleuronectiformes;Soleidae;Heteromycteris;Heteromycteris japonicus;NA;NA;NA
NC_015827.1	Eukaryota;Chordata;Actinopteri;Siluriformes;Heteropneustidae;Heteropneustes;Heteropneustes fossilis;NA;NA;NA
NC_082811.1	Eukaryota;Chordata;Actinopteri;Perciformes;Hexagrammidae;Hexagrammos;Hexagrammos decagrammus;NA;NA;NA
NC_026888.1	Eukaryota;Chordata;Actinopteri;Perciformes;Hexagrammidae;Hexagrammos;Hexagrammos lagocephalus;NA;NA;NA
NC_022732.1	Eukaryota;Chordata;Chondrichthyes;Hexanchiformes;Hexanchidae;Hexanchus;Hexanchus griseus;NA;NA;NA
PX430112.1	Eukaryota;Chordata;Actinopteri;Clupeiformes;Clupeidae;Hilsa;Hilsa kelee;NA;NA;NA
NC_005145.1	Eukaryota;Chordata;Actinopteri;Hiodontiformes;Hiodontidae;Hiodon;Hiodon alosoides;NA;NA;NA
NC_015082.1	Eukaryota;Chordata;Actinopteri;Hiodontiformes;Hiodontidae;Hiodon;Hiodon tergisus;NA;NA;NA
NC_020336.1	Eukaryota;Chordata;Actinopteri;Syngnathiformes;Syngnathidae;Hippocampus;Hippocampus comes;NA;NA;NA
MH377823.1	Eukaryota;Chordata;Actinopteri;Pleuronectiformes;Paralichthyidae;Hippoglossina;Hippoglossina oblonga;NA;NA;NA
MH377824.1	Eukaryota;Chordata;Actinopteri;Pleuronectiformes;Paralichthyidae;Hippoglossina;Hippoglossina oblonga;NA;NA;NA
AF488477.1	Eukaryota;Chordata;Actinopteri;Pleuronectiformes;Pleuronectidae;Hippoglossoides;Hippoglossoides platessoides;NA;NA;NA
AM931024.1	Eukaryota;Chordata;Actinopteri;Pleuronectiformes;Pleuronectidae;Hippoglossus;Hippoglossus hippoglossus;NA;NA;NA
NC_009709.1	Eukaryota;Chordata;Actinopteri;Pleuronectiformes;Pleuronectidae;Hippoglossus;Hippoglossus hippoglossus;NA;NA;NA
PZ234013.1	Eukaryota;Chordata;Actinopteri;Labriformes;Labridae;Hipposcarus;Hipposcarus longiceps;NA;NA;NA
EF616902.1	Eukaryota;Chordata;Actinopteri;NA;Pomacanthidae;Holacanthus;Holacanthus bermudensis;NA;NA;NA
NC_027586.1	Eukaryota;Chordata;Actinopteri;NA;Pomacanthidae;Holacanthus;Holacanthus tricolor;NA;NA;NA
PZ310801.1	Eukaryota;Chordata;Actinopteri;Holocentriformes;Holocentridae;Holocentrus;Holocentrus adscensionis;NA;NA;NA
LC654216.1	Eukaryota;Chordata;Actinopteri;Labriformes;Labridae;Hologymnosus;Hologymnosus annulatus;NA;NA;NA
AC012365.6	Eukaryota;Chordata;Mammalia;Primates;Hominidae;Homo;Homo sapiens;NA;NA;NA
AC013437.8	Eukaryota;Chordata;Mammalia;Primates;Hominidae;Homo;Homo sapiens;NA;NA;NA
AC021451.8	Eukaryota;Chordata;Mammalia;Primates;Hominidae;Homo;Homo sapiens;NA;NA;NA
AC024248.7	Eukaryota;Chordata;Mammalia;Primates;Hominidae;Homo;Homo sapiens;NA;NA;NA
AC025627.13	Eukaryota;Chordata;Mammalia;Primates;Hominidae;Homo;Homo sapiens;NA;NA;NA
AC090204.11	Eukaryota;Chordata;Mammalia;Primates;Hominidae;Homo;Homo sapiens;NA;NA;NA
AC092107.5	Eukaryota;Chordata;Mammalia;Primates;Hominidae;Homo;Homo sapiens;NA;NA;NA
AC092156.2	Eukaryota;Chordata;Mammalia;Primates;Hominidae;Homo;Homo sapiens;NA;NA;NA
AC097526.3	Eukaryota;Chordata;Mammalia;Primates;Hominidae;Homo;Homo sapiens;NA;NA;NA
AC104629.10	Eukaryota;Chordata;Mammalia;Primates;Hominidae;Homo;Homo sapiens;NA;NA;NA
AC104629.10_1	Eukaryota;Chordata;Mammalia;Primates;Hominidae;Homo;Homo sapiens;NA;NA;NA
AC132822.3	Eukaryota;Chordata;Mammalia;Primates;Hominidae;Homo;Homo sapiens;NA;NA;NA
AC138772.4	Eukaryota;Chordata;Mammalia;Primates;Hominidae;Homo;Homo sapiens;NA;NA;NA
AC140113.3	Eukaryota;Chordata;Mammalia;Primates;Hominidae;Homo;Homo sapiens;NA;NA;NA
AC237676.1	Eukaryota;Chordata;Mammalia;Primates;Hominidae;Homo;Homo sapiens;NA;NA;NA
AC239395.3	Eukaryota;Chordata;Mammalia;Primates;Hominidae;Homo;Homo sapiens;NA;NA;NA
AC241530.2	Eukaryota;Chordata;Mammalia;Primates;Hominidae;Homo;Homo sapiens;NA;NA;NA
AC241530.2_1	Eukaryota;Chordata;Mammalia;Primates;Hominidae;Homo;Homo sapiens;NA;NA;NA
AC255431.1	Eukaryota;Chordata;Mammalia;Primates;Hominidae;Homo;Homo sapiens;NA;NA;NA
AC256229.1	Eukaryota;Chordata;Mammalia;Primates;Hominidae;Homo;Homo sapiens;NA;NA;NA
AC256229.1_1	Eukaryota;Chordata;Mammalia;Primates;Hominidae;Homo;Homo sapiens;NA;NA;NA
AC270106.1	Eukaryota;Chordata;Mammalia;Primates;Hominidae;Homo;Homo sapiens;NA;NA;NA
AC279708.1	Eukaryota;Chordata;Mammalia;Primates;Hominidae;Homo;Homo sapiens;NA;NA;NA
AF227907.1	Eukaryota;Chordata;Mammalia;Primates;Hominidae;Homo;Homo sapiens;NA;NA;NA
AF363578.1	Eukaryota;Chordata;Mammalia;Primates;Hominidae;Homo;Homo sapiens;NA;NA;NA
AL158819.14	Eukaryota;Chordata;Mammalia;Primates;Hominidae;Homo;Homo sapiens;NA;NA;NA
AL355887.4	Eukaryota;Chordata;Mammalia;Primates;Hominidae;Homo;Homo sapiens;NA;NA;NA
AL590396.13	Eukaryota;Chordata;Mammalia;Primates;Hominidae;Homo;Homo sapiens;NA;NA;NA
AL590407.8	Eukaryota;Chordata;Mammalia;Primates;Hominidae;Homo;Homo sapiens;NA;NA;NA
AP002829.3	Eukaryota;Chordata;Mammalia;Primates;Hominidae;Homo;Homo sapiens;NA;NA;NA
AP008432.1	Eukaryota;Chordata;Mammalia;Primates;Hominidae;Homo;Homo sapiens;NA;NA;NA
AY255166.1	Eukaryota;Chordata;Mammalia;Primates;Hominidae;Homo;Homo sapiens;NA;NA;NA
DQ246813.1	Eukaryota;Chordata;Mammalia;Primates;Hominidae;Homo;Homo sapiens;NA;NA;NA
EU007893.1	Eukaryota;Chordata;Mammalia;Primates;Hominidae;Homo;Homo sapiens;NA;NA;NA
EU600365.1	Eukaryota;Chordata;Mammalia;Primates;Hominidae;Homo;Homo sapiens;NA;NA;NA
FJ383331.1	Eukaryota;Chordata;Mammalia;Primates;Hominidae;Homo;Homo sapiens;NA;NA;NA
FN673842.1	Eukaryota;Chordata;Mammalia;Primates;Hominidae;Homo;Homo sapiens;NA;NA;NA
FN673842.1_1	Eukaryota;Chordata;Mammalia;Primates;Hominidae;Homo;Homo sapiens;NA;NA;NA
FN673994.1	Eukaryota;Chordata;Mammalia;Primates;Hominidae;Homo;Homo sapiens;NA;NA;NA
FN674059.1	Eukaryota;Chordata;Mammalia;Primates;Hominidae;Homo;Homo sapiens;NA;NA;NA
FR846971.1	Eukaryota;Chordata;Mammalia;Primates;Hominidae;Homo;Homo sapiens;NA;NA;NA
HM041971.1	Eukaryota;Chordata;Mammalia;Primates;Hominidae;Homo;Homo sapiens;NA;NA;NA
KC733251.1	Eukaryota;Chordata;Mammalia;Primates;Hominidae;Homo;Homo sapiens;NA;NA;NA
KC763409.1	Eukaryota;Chordata;Mammalia;Primates;Hominidae;Homo;Homo sapiens;NA;NA;NA
KF849968.1	Eukaryota;Chordata;Mammalia;Primates;Hominidae;Homo;Homo sapiens;NA;NA;NA
KM656458.1	Eukaryota;Chordata;Mammalia;Primates;Hominidae;Homo;Homo sapiens;NA;NA;NA
KP702293.1	Eukaryota;Chordata;Mammalia;Primates;Hominidae;Homo;Homo sapiens;NA;NA;NA
KU131353.1	Eukaryota;Chordata;Mammalia;Primates;Hominidae;Homo;Homo sapiens;NA;NA;NA
KY409489.1	Eukaryota;Chordata;Mammalia;Primates;Hominidae;Homo;Homo sapiens;NA;NA;NA
KY410162.1	Eukaryota;Chordata;Mammalia;Primates;Hominidae;Homo;Homo sapiens;NA;NA;NA
KY595617.1	Eukaryota;Chordata;Mammalia;Primates;Hominidae;Homo;Homo sapiens;NA;NA;NA
KY595659.1	Eukaryota;Chordata;Mammalia;Primates;Hominidae;Homo;Homo sapiens;NA;NA;NA
KY645551.1	Eukaryota;Chordata;Mammalia;Primates;Hominidae;Homo;Homo sapiens;NA;NA;NA
KY824919.1	Eukaryota;Chordata;Mammalia;Primates;Hominidae;Homo;Homo sapiens;NA;NA;NA
MF056632.1	Eukaryota;Chordata;Mammalia;Primates;Hominidae;Homo;Homo sapiens;NA;NA;NA
MF058580.1	Eukaryota;Chordata;Mammalia;Primates;Hominidae;Homo;Homo sapiens;NA;NA;NA
MG272997.1	Eukaryota;Chordata;Mammalia;Primates;Hominidae;Homo;Homo sapiens;NA;NA;NA
MH763841.1	Eukaryota;Chordata;Mammalia;Primates;Hominidae;Homo;Homo sapiens;NA;NA;NA
MK280465.1	Eukaryota;Chordata;Mammalia;Primates;Hominidae;Homo;Homo sapiens;NA;NA;NA
MN203706.1	Eukaryota;Chordata;Mammalia;Primates;Hominidae;Homo;Homo sapiens;NA;NA;NA
MW524395.1	Eukaryota;Chordata;Mammalia;Primates;Hominidae;Homo;Homo sapiens;NA;NA;NA
MW524676.1	Eukaryota;Chordata;Mammalia;Primates;Hominidae;Homo;Homo sapiens;NA;NA;NA
MW524740.1	Eukaryota;Chordata;Mammalia;Primates;Hominidae;Homo;Homo sapiens;NA;NA;NA
MW698531.2	Eukaryota;Chordata;Mammalia;Primates;Hominidae;Homo;Homo sapiens;NA;NA;NA
MW698655.2	Eukaryota;Chordata;Mammalia;Primates;Hominidae;Homo;Homo sapiens;NA;NA;NA
MZ386896.1	Eukaryota;Chordata;Mammalia;Primates;Hominidae;Homo;Homo sapiens;NA;NA;NA
MZ387081.1	Eukaryota;Chordata;Mammalia;Primates;Hominidae;Homo;Homo sapiens;NA;NA;NA
MZ387384.1	Eukaryota;Chordata;Mammalia;Primates;Hominidae;Homo;Homo sapiens;NA;NA;NA
MZ387642.1	Eukaryota;Chordata;Mammalia;Primates;Hominidae;Homo;Homo sapiens;NA;NA;NA
NC_012920.1	Eukaryota;Chordata;Mammalia;Primates;Hominidae;Homo;Homo sapiens;NA;NA;NA
NG_009191.3	Eukaryota;Chordata;Mammalia;Primates;Hominidae;Homo;Homo sapiens;NA;NA;NA
NG_011805.2	Eukaryota;Chordata;Mammalia;Primates;Hominidae;Homo;Homo sapiens;NA;NA;NA
NG_016423.2	Eukaryota;Chordata;Mammalia;Primates;Hominidae;Homo;Homo sapiens;NA;NA;NA
NG_047090.1	Eukaryota;Chordata;Mammalia;Primates;Hominidae;Homo;Homo sapiens;NA;NA;NA
NG_079282.1	Eukaryota;Chordata;Mammalia;Primates;Hominidae;Homo;Homo sapiens;NA;NA;NA
NG_079282.1_1	Eukaryota;Chordata;Mammalia;Primates;Hominidae;Homo;Homo sapiens;NA;NA;NA
ON127808.1	Eukaryota;Chordata;Mammalia;Primates;Hominidae;Homo;Homo sapiens;NA;NA;NA
OP682464.1	Eukaryota;Chordata;Mammalia;Primates;Hominidae;Homo;Homo sapiens;NA;NA;NA
PP273041.1	Eukaryota;Chordata;Mammalia;Primates;Hominidae;Homo;Homo sapiens;NA;NA;NA
PP930246.1	Eukaryota;Chordata;Mammalia;Primates;Hominidae;Homo;Homo sapiens;NA;NA;NA
PV559850.1	Eukaryota;Chordata;Mammalia;Primates;Hominidae;Homo;Homo sapiens;NA;NA;NA
PV560029.1	Eukaryota;Chordata;Mammalia;Primates;Hominidae;Homo;Homo sapiens;NA;NA;NA
PV740897.1	Eukaryota;Chordata;Mammalia;Primates;Hominidae;Homo;Homo sapiens;NA;NA;NA
PX366870.1	Eukaryota;Chordata;Mammalia;Primates;Hominidae;Homo;Homo sapiens;NA;NA;NA
PX402574.1	Eukaryota;Chordata;Mammalia;Primates;Hominidae;Homo;Homo sapiens;NA;NA;NA
PX402632.1	Eukaryota;Chordata;Mammalia;Primates;Hominidae;Homo;Homo sapiens;NA;NA;NA
PX402767.1	Eukaryota;Chordata;Mammalia;Primates;Hominidae;Homo;Homo sapiens;NA;NA;NA
PX402949.1	Eukaryota;Chordata;Mammalia;Primates;Hominidae;Homo;Homo sapiens;NA;NA;NA
Z80107.2	Eukaryota;Chordata;Mammalia;Primates;Hominidae;Homo;Homo sapiens;NA;NA;NA
MG755554.1	Eukaryota;Chordata;Actinopteri;Characiformes;Erythrinidae;Hoplias;Hoplias malabaricus;NA;NA;NA
NC_057531.1	Eukaryota;Chordata;Actinopteri;Characiformes;Erythrinidae;Hoplias;Hoplias malabaricus;NA;NA;NA
PV814545.1	Eukaryota;Chordata;Actinopteri;Characiformes;Erythrinidae;Hoplias;Hoplias malabaricus;NA;NA;NA
PX416226.1	Eukaryota;Chordata;Actinopteri;Characiformes;Erythrinidae;Hoplias;Hoplias malabaricus;NA;NA;NA
PX416228.1	Eukaryota;Chordata;Actinopteri;Characiformes;Erythrinidae;Hoplias;Hoplias malabaricus;NA;NA;NA
PX415847.1	Eukaryota;Chordata;Actinopteri;Siluriformes;Callichthyidae;Hoplisoma;Hoplisoma aff. brevirostris;NA;NA;NA
PX415849.1	Eukaryota;Chordata;Actinopteri;Siluriformes;Callichthyidae;Hoplisoma;Hoplisoma aff. guianensis;NA;NA;NA
PX415852.1	Eukaryota;Chordata;Actinopteri;Siluriformes;Callichthyidae;Hoplisoma;Hoplisoma baderi;NA;NA;NA
PX415868.1	Eukaryota;Chordata;Actinopteri;Siluriformes;Callichthyidae;Hoplisoma;Hoplisoma punctatum;NA;NA;NA
PX415870.1	Eukaryota;Chordata;Actinopteri;Siluriformes;Callichthyidae;Hoplisoma;Hoplisoma sipaliwini;NA;NA;NA
AB273159.1	Eukaryota;Chordata;Amphibia;Anura;Dicroglossidae;Hoplobatrachus;Hoplobatrachus rugulosus;NA;NA;NA
AB273160.1	Eukaryota;Chordata;Amphibia;Anura;Dicroglossidae;Hoplobatrachus;Hoplobatrachus rugulosus;NA;NA;NA
AB273161.1	Eukaryota;Chordata;Amphibia;Anura;Dicroglossidae;Hoplobatrachus;Hoplobatrachus rugulosus;NA;NA;NA
AB290431.1	Eukaryota;Chordata;Amphibia;Anura;Dicroglossidae;Hoplobatrachus;Hoplobatrachus rugulosus;NA;NA;NA
KC196066.1	Eukaryota;Chordata;Amphibia;Anura;Dicroglossidae;Hoplobatrachus;Hoplobatrachus rugulosus;NA;NA;NA
NC_019615.1	Eukaryota;Chordata;Amphibia;Anura;Dicroglossidae;Hoplobatrachus;Hoplobatrachus rugulosus;NA;NA;NA
AB273156.1	Eukaryota;Chordata;Amphibia;Anura;Dicroglossidae;Hoplobatrachus;Hoplobatrachus tigerinus;NA;NA;NA
NC_014581.1	Eukaryota;Chordata;Amphibia;Anura;Dicroglossidae;Hoplobatrachus;Hoplobatrachus tigerinus;NA;NA;NA
AP012490.1	Eukaryota;Chordata;Actinopteri;NA;Malacanthidae;Hoplolatilus;Hoplolatilus cuniculus;NA;NA;NA
LC499265.2	Eukaryota;Chordata;Actinopteri;NA;Malacanthidae;Hoplolatilus;Hoplolatilus marcosi;NA;NA;NA
LC499267.2	Eukaryota;Chordata;Actinopteri;NA;Malacanthidae;Hoplolatilus;Hoplolatilus purpureus;NA;NA;NA
LC499264.2	Eukaryota;Chordata;Actinopteri;NA;Malacanthidae;Hoplolatilus;Hoplolatilus starcki;NA;NA;NA
HM114382.1	Eukaryota;Chordata;Actinopteri;Siluriformes;Callichthyidae;Hoplosternum;Hoplosternum littorale;NA;NA;NA
HM114383.1	Eukaryota;Chordata;Actinopteri;Siluriformes;Callichthyidae;Hoplosternum;Hoplosternum littorale;NA;NA;NA
HM114384.1	Eukaryota;Chordata;Actinopteri;Siluriformes;Callichthyidae;Hoplosternum;Hoplosternum littorale;NA;NA;NA
HM114385.1	Eukaryota;Chordata;Actinopteri;Siluriformes;Callichthyidae;Hoplosternum;Hoplosternum littorale;NA;NA;NA
MG755556.1	Eukaryota;Chordata;Actinopteri;Siluriformes;Callichthyidae;Hoplosternum;Hoplosternum littorale;NA;NA;NA
NC_082748.1	Eukaryota;Chordata;Actinopteri;Anguilliformes;Nettastomatidae;Hoplunnis;Hoplunnis tenuis;NA;NA;NA
NC_025589.1	Eukaryota;Chordata;Actinopteri;Salmoniformes;Salmonidae;Hucho;Hucho hucho;NA;NA;NA
AY544147.1	Eukaryota;Chordata;Actinopteri;Acipenseriformes;Acipenseridae;Huso;Huso dauricus;NA;NA;NA
AF433924.1	Eukaryota;Chordata;Mammalia;Rodentia;Hydrochaeridae;Hydrochoerus;Hydrochoerus hydrochaeris;NA;NA;NA
U12454.1	Eukaryota;Chordata;Mammalia;Rodentia;Hydrochaeridae;Hydrochoerus;Hydrochoerus hydrochaeris;NA;NA;NA
U61081.1	Eukaryota;Chordata;Mammalia;Rodentia;Hydrochaeridae;Hydrochoerus;Hydrochoerus hydrochaeris;NA;NA;NA
AM181026.1	Eukaryota;Chordata;Mammalia;Carnivora;Phocidae;Hydrurga;Hydrurga leptonyx;NA;NA;NA
AY377288.1	Eukaryota;Chordata;Mammalia;Carnivora;Phocidae;Hydrurga;Hydrurga leptonyx;NA;NA;NA
MT326596.2	Eukaryota;Chordata;Chondrichthyes;Myliobatiformes;Dasyatidae;Hypanus;Hypanus americanus;NA;NA;NA
NC_016671.1	Eukaryota;Chordata;Actinopteri;Clupeiformes;Clupeidae;Hyperlophus;Hyperlophus vittatus;NA;NA;NA
KC136576.1	Eukaryota;Chordata;Actinopteri;Scombriformes;Centrolophidae;Hyperoglyphe;Hyperoglyphe antarctica;NA;NA;NA
PP467779.1	Eukaryota;Chordata;Actinopteri;Uranoscopiformes;Ammodytidae;Hyperoplus;Hyperoplus immaculatus;NA;NA;NA
OR209138.1	Eukaryota;Chordata;Actinopteri;Uranoscopiformes;Ammodytidae;Hyperoplus;Hyperoplus lanceolatus;NA;NA;NA
HM106489.1	Eukaryota;Chordata;Actinopteri;Osmeriformes;Osmeridae;Hypomesus;Hypomesus nipponensis;NA;NA;NA
NC_066905.1	Eukaryota;Chordata;Actinopteri;Osmeriformes;Osmeridae;Hypomesus;Hypomesus pretiosus;NA;NA;NA
NC_072210.1	Eukaryota;Chordata;Actinopteri;Osmeriformes;Osmeridae;Hypomesus;Hypomesus transpacificus;NA;NA;NA
MW344880.1	Eukaryota;Chordata;Actinopteri;Cypriniformes;Xenocyprididae;Hypophthalmichthys;Hypophthalmichthys molitrix;NA;NA;NA
NC_010156.1	Eukaryota;Chordata;Actinopteri;Cypriniformes;Xenocyprididae;Hypophthalmichthys;Hypophthalmichthys molitrix;NA;NA;NA
AP011217.1	Eukaryota;Chordata;Actinopteri;Cypriniformes;Xenocyprididae;Hypophthalmichthys;Hypophthalmichthys nobilis;NA;NA;NA
EU343733.1	Eukaryota;Chordata;Actinopteri;Cypriniformes;Xenocyprididae;Hypophthalmichthys;Hypophthalmichthys nobilis;NA;NA;NA
AY264066.1	Eukaryota;Chordata;Actinopteri;Siluriformes;Pimelodidae;Hypophthalmus;Hypophthalmus edentatus;NA;NA;NA
PX987557.1	Eukaryota;Chordata;Actinopteri;Perciformes;Serranidae;Hypoplectrus;Hypoplectrus affinis;NA;NA;NA
NC_013832.1	Eukaryota;Chordata;Actinopteri;Perciformes;Serranidae;Hypoplectrus;Hypoplectrus gemma;NA;NA;NA
NC_083074.1	Eukaryota;Chordata;Actinopteri;Perciformes;Serranidae;Hypoplectrus;Hypoplectrus unicolor;NA;NA;NA
AY949376.1	Eukaryota;Chordata;Actinopteri;Perciformes;Serranidae;Hyporthodus;Hyporthodus acanthistius;NA;NA;NA
AY949336.1	Eukaryota;Chordata;Actinopteri;Perciformes;Serranidae;Hyporthodus;Hyporthodus flavolimbatus;NA;NA;NA
PZ315204.1	Eukaryota;Chordata;Actinopteri;Perciformes;Serranidae;Hyporthodus;Hyporthodus flavolimbatus;NA;NA;NA
AY949405.1	Eukaryota;Chordata;Actinopteri;Perciformes;Serranidae;Hyporthodus;Hyporthodus nigritus;NA;NA;NA
AY949342.1	Eukaryota;Chordata;Actinopteri;Perciformes;Serranidae;Hyporthodus;Hyporthodus niphobles;NA;NA;NA
PZ315205.1	Eukaryota;Chordata;Actinopteri;Perciformes;Serranidae;Hyporthodus;Hyporthodus niphobles;NA;NA;NA
AY949343.1	Eukaryota;Chordata;Actinopteri;Perciformes;Serranidae;Hyporthodus;Hyporthodus niveatus;NA;NA;NA
PV742860.1	Eukaryota;Chordata;Actinopteri;Perciformes;Serranidae;Hyporthodus;Hyporthodus niveatus;NA;NA;NA
LC774593.1	Eukaryota;Chordata;Actinopteri;Perciformes;Serranidae;Hyporthodus;Hyporthodus octofasciatus;NA;NA;NA
AY949429.1	Eukaryota;Chordata;Actinopteri;Perciformes;Serranidae;Hyporthodus;Hyporthodus quernus;NA;NA;NA
LC864469.1	Eukaryota;Chordata;Actinopteri;Perciformes;Serranidae;Hyporthodus;Hyporthodus septemfasciatus;NA;NA;NA
PX416290.1	Eukaryota;Chordata;Actinopteri;Siluriformes;Loricariidae;Hypostomus;Hypostomus gymnorhynchus;NA;NA;NA
PX416292.1	Eukaryota;Chordata;Actinopteri;Siluriformes;Loricariidae;Hypostomus;Hypostomus gymnorhynchus;NA;NA;NA
PX416293.1	Eukaryota;Chordata;Actinopteri;Siluriformes;Loricariidae;Hypostomus;Hypostomus gymnorhynchus;NA;NA;NA
PX416295.1	Eukaryota;Chordata;Actinopteri;Siluriformes;Loricariidae;Hypostomus;Hypostomus gymnorhynchus;NA;NA;NA
PX416298.1	Eukaryota;Chordata;Actinopteri;Siluriformes;Loricariidae;Hypostomus;Hypostomus gymnorhynchus;NA;NA;NA
PX416307.1	Eukaryota;Chordata;Actinopteri;Siluriformes;Loricariidae;Hypostomus;Hypostomus nematopterus;NA;NA;NA
AF488487.1	Eukaryota;Chordata;Actinopteri;Pleuronectiformes;Pleuronectidae;Hypsopsetta;Hypsopsetta guttulata;NA;NA;NA
KY056640.1	Eukaryota;Chordata;Hyperoartia;Petromyzontiformes;Petromyzontidae;Ichthyomyzon;Ichthyomyzon gagei;NA;NA;NA
DQ889860.1	Eukaryota;Chordata;Hyperoartia;Petromyzontiformes;Petromyzontidae;Ichthyomyzon;Ichthyomyzon unicuspis;NA;NA;NA
EF491721.1	Eukaryota;Chordata;Actinopteri;Siluriformes;Ictaluridae;Ictalurus;Ictalurus furcatus;NA;NA;NA
NC_028151.1	Eukaryota;Chordata;Actinopteri;Siluriformes;Ictaluridae;Ictalurus;Ictalurus furcatus;NA;NA;NA
EF491719.1	Eukaryota;Chordata;Actinopteri;Siluriformes;Ictaluridae;Ictalurus;Ictalurus pricei;NA;NA;NA
BE574241.1	Eukaryota;Chordata;Actinopteri;Siluriformes;Ictaluridae;Ictalurus;Ictalurus punctatus;NA;NA;NA
NC_003489.1	Eukaryota;Chordata;Actinopteri;Siluriformes;Ictaluridae;Ictalurus;Ictalurus punctatus;NA;NA;NA
NC_013071.1	Eukaryota;Chordata;Actinopteri;Cypriniformes;Catostomidae;Ictiobus;Ictiobus bubalus;NA;NA;NA
NC_009584.1	Eukaryota;Chordata;Actinopteri;Clupeiformes;Pristigasteridae;Ilisha;Ilisha africana;NA;NA;NA
DQ912055.1	Eukaryota;Chordata;Actinopteri;Clupeiformes;Pristigasteridae;Ilisha;Ilisha elongata;NA;NA;NA
MH325565.1	Eukaryota;Chordata;Actinopteri;Clupeiformes;Pristigasteridae;Ilisha;Ilisha elongata;NA;NA;NA
MH325568.1	Eukaryota;Chordata;Actinopteri;Clupeiformes;Pristigasteridae;Ilisha;Ilisha melastoma;NA;NA;NA
MH325578.1	Eukaryota;Chordata;Actinopteri;Clupeiformes;Pristigasteridae;Ilisha;Ilisha pristigastroides;NA;NA;NA
PX416314.1	Eukaryota;Chordata;Actinopteri;Siluriformes;Heptapteridae;Imparfinis;Imparfinis sp.;NA;NA;NA
AF334517.1	Eukaryota;Chordata;Mammalia;Artiodactyla;Iniidae;Inia;Inia boliviensis;NA;NA;NA
AJ554059.1	Eukaryota;Chordata;Mammalia;Artiodactyla;Iniidae;Inia;Inia geoffrensis;NA;NA;NA
AF334515.1	Eukaryota;Chordata;Mammalia;Artiodactyla;Iniidae;Inia;Inia geoffrensis;Inia geoffrensis geoffrensis;NA;NA
AF334516.1	Eukaryota;Chordata;Mammalia;Artiodactyla;Iniidae;Inia;Inia geoffrensis;Inia geoffrensis geoffrensis;NA;NA
LC654213.1	Eukaryota;Chordata;Actinopteri;Labriformes;Labridae;Iniistius;Iniistius celebicus;NA;NA;NA
PZ133642.1	Eukaryota;Chordata;Actinopteri;Labriformes;Labridae;Iniistius;Iniistius evides;NA;NA;NA
PZ315401.1	Eukaryota;Chordata;Actinopteri;Labriformes;Labridae;Iniistius;Iniistius melanopus;NA;NA;NA
OP035102.1	Eukaryota;Chordata;Actinopteri;Labriformes;Labridae;Iniistius;Iniistius pavo;NA;NA;NA
PZ697364.1	Eukaryota;Chordata;Actinopteri;Labriformes;Labridae;Iniistius;Iniistius pentadactylus;NA;NA;NA
PZ133645.1	Eukaryota;Chordata;Actinopteri;Labriformes;Labridae;Iniistius;Iniistius trivittatus;NA;NA;NA
PZ574836.1	Eukaryota;Chordata;Actinopteri;Labriformes;Labridae;Iniistius;Iniistius verrens;NA;NA;NA
PZ574839.1	Eukaryota;Chordata;Actinopteri;Labriformes;Labridae;Iniistius;Iniistius verrens;NA;NA;NA
NC_088004.1	Eukaryota;Chordata;Actinopteri;NA;Sciaenidae;Isopisthus;Isopisthus parvipinnis;NA;NA;NA
AF488481.1	Eukaryota;Chordata;Actinopteri;Pleuronectiformes;Pleuronectidae;Isopsetta;Isopsetta isolepis;NA;NA;NA
AF447999.1	Eukaryota;Chordata;Chondrichthyes;Lamniformes;Lamnidae;Isurus;Isurus oxyrinchus;NA;NA;NA
MZ923833.1	Eukaryota;Chordata;Chondrichthyes;Lamniformes;Lamnidae;Isurus;Isurus oxyrinchus;NA;NA;NA
PQ249320.1	Eukaryota;Chordata;Chondrichthyes;Lamniformes;Lamnidae;Isurus;Isurus oxyrinchus;NA;NA;NA
PQ249324.1	Eukaryota;Chordata;Chondrichthyes;Lamniformes;Lamnidae;Isurus;Isurus oxyrinchus;NA;NA;NA
PQ249369.1	Eukaryota;Chordata;Chondrichthyes;Lamniformes;Lamnidae;Isurus;Isurus oxyrinchus;NA;NA;NA
NC_024101.1	Eukaryota;Chordata;Chondrichthyes;Lamniformes;Lamnidae;Isurus;Isurus paucus;NA;NA;NA
PX416316.1	Eukaryota;Chordata;Actinopteri;Siluriformes;Trichomycteridae;Ituglanis;Ituglanis aff. nebulosus;NA;NA;NA
PX416319.1	Eukaryota;Chordata;Actinopteri;Siluriformes;Trichomycteridae;Ituglanis;Ituglanis aff. nebulosus;NA;NA;NA
PX416320.1	Eukaryota;Chordata;Actinopteri;Siluriformes;Trichomycteridae;Ituglanis;Ituglanis amazonicus;NA;NA;NA
PX416322.1	Eukaryota;Chordata;Actinopteri;Siluriformes;Trichomycteridae;Ituglanis;Ituglanis amazonicus;NA;NA;NA
PX416331.1	Eukaryota;Chordata;Actinopteri;Siluriformes;Trichomycteridae;Ituglanis;Ituglanis nebulosus;NA;NA;NA
PX416338.1	Eukaryota;Chordata;Actinopteri;Siluriformes;Trichomycteridae;Ituglanis;Ituglanis nebulosus;NA;NA;NA
PX987551.1	Eukaryota;Chordata;Actinopteri;Perciformes;Serranidae;Jeboehlkia;Jeboehlkia gladifer;NA;NA;NA
NC_022464.1	Eukaryota;Chordata;Actinopteri;NA;Sciaenidae;Johnius;Johnius belangerii;NA;NA;NA
JF911708.1	Eukaryota;Chordata;Actinopteri;Mugiliformes;Mugilidae;Joturus;Joturus pichardi;NA;NA;NA
AB470302.1	Eukaryota;Chordata;Actinopteri;Istiophoriformes;Istiophoridae;Kajikia;Kajikia audax;NA;NA;NA
PV454008.1	Eukaryota;Chordata;Actinopteri;Uranoscopiformes;Uranoscopidae;Kathetostoma;Kathetostoma averruncus;NA;NA;NA
KM055366.1	Eukaryota;Chordata;Actinopteri;Scombriformes;Scombridae;Katsuwonus;Katsuwonus pelamis;NA;NA;NA
PZ511941.1	Eukaryota;Chordata;Mammalia;Artiodactyla;Physeteridae;Kogia;Kogia sima;NA;NA;NA
JQ753955.1	Eukaryota;Chordata;Actinopteri;Clupeiformes;Clupeidae;Konosirus;Konosirus punctatus;NA;NA;NA
NC_016694.1	Eukaryota;Chordata;Actinopteri;Clupeiformes;Clupeidae;Konosirus;Konosirus punctatus;NA;NA;NA
PZ310906.1	Eukaryota;Chordata;Actinopteri;Centrarchiformes;Kuhliidae;Kuhlia;Kuhlia rupestris;NA;NA;NA
OP035237.1	Eukaryota;Chordata;Actinopteri;Centrarchiformes;Kuhliidae;Kuhlia;Kuhlia sandvicensis;NA;NA;NA
KC136547.1	Eukaryota;Chordata;Actinopteri;Centrarchiformes;Kyphosidae;Kyphosus;Kyphosus azureus;NA;NA;NA
KC136481.1	Eukaryota;Chordata;Actinopteri;Centrarchiformes;Kyphosidae;Kyphosus;Kyphosus sectatrix;NA;NA;NA
OP035096.1	Eukaryota;Chordata;Actinopteri;Centrarchiformes;Kyphosidae;Kyphosus;Kyphosus sectatrix;NA;NA;NA
AY279561.1	Eukaryota;Chordata;Actinopteri;Centrarchiformes;Kyphosidae;Kyphosus;Kyphosus vaigiensis;NA;NA;NA
AF508082.1	Eukaryota;Chordata;Actinopteri;Cypriniformes;Cyprinidae;Labeo;Labeo catla;NA;NA;NA
AP011355.1	Eukaryota;Chordata;Actinopteri;Cypriniformes;Cyprinidae;Labeo;Labeo catla;NA;NA;NA
NC_016892.1	Eukaryota;Chordata;Actinopteri;Cypriniformes;Cyprinidae;Labeo;Labeo catla;NA;NA;NA
NC_016892.1_1	Eukaryota;Chordata;Actinopteri;Cypriniformes;Cyprinidae;Labeo;Labeo catla;NA;NA;NA
PZ237789.1	Eukaryota;Chordata;Actinopteri;Labriformes;Labridae;Labrichthys;Labrichthys unilineatus;NA;NA;NA
PZ237782.1	Eukaryota;Chordata;Actinopteri;Labriformes;Labridae;Labroides;Labroides bicolor;NA;NA;NA
LC778704.1	Eukaryota;Chordata;Actinopteri;Labriformes;Labridae;Labroides;Labroides dimidiatus;NA;NA;NA
PZ315403.1	Eukaryota;Chordata;Actinopteri;Labriformes;Labridae;Labropsis;Labropsis xanthonota;NA;NA;NA
PX522361.1	Eukaryota;Chordata;Actinopteri;Siluriformes;Lacantuniidae;Lacantunia;Lacantunia enigmatica;NA;NA;NA
AY279618.1	Eukaryota;Chordata;Actinopteri;Labriformes;Labridae;Lachnolaimus;Lachnolaimus maximus;NA;NA;NA
LC069503.2	Eukaryota;Chordata;Actinopteri;Gadiformes;Moridae;Laemonema;Laemonema longipes;NA;NA;NA
NC_059716.1	Eukaryota;Chordata;Actinopteri;Tetraodontiformes;Tetraodontidae;Lagocephalus;Lagocephalus gloveri;NA;NA;NA
NC_059717.1	Eukaryota;Chordata;Actinopteri;Tetraodontiformes;Tetraodontidae;Lagocephalus;Lagocephalus guentheri;NA;NA;NA
NC_029376.1	Eukaryota;Chordata;Actinopteri;Tetraodontiformes;Tetraodontidae;Lagocephalus;Lagocephalus inermis;NA;NA;NA
NC_015345.1	Eukaryota;Chordata;Actinopteri;Tetraodontiformes;Tetraodontidae;Lagocephalus;Lagocephalus laevigatus;NA;NA;NA
NC_015343.1	Eukaryota;Chordata;Actinopteri;Tetraodontiformes;Tetraodontidae;Lagocephalus;Lagocephalus lagocephalus;NA;NA;NA
OP057085.2	Eukaryota;Chordata;Actinopteri;Tetraodontiformes;Tetraodontidae;Lagocephalus;Lagocephalus lagocephalus;NA;NA;NA
KF781135.1	Eukaryota;Chordata;Actinopteri;Tetraodontiformes;Tetraodontidae;Lagocephalus;Lagocephalus lunaris;NA;NA;NA
NC_013360.1	Eukaryota;Chordata;Actinopteri;Tetraodontiformes;Tetraodontidae;Lagocephalus;Lagocephalus lunaris;NA;NA;NA
NC_015340.1	Eukaryota;Chordata;Actinopteri;Tetraodontiformes;Tetraodontidae;Lagocephalus;Lagocephalus sceleratus;NA;NA;NA
KF781137.1	Eukaryota;Chordata;Actinopteri;Tetraodontiformes;Tetraodontidae;Lagocephalus;Lagocephalus spadiceus;NA;NA;NA
KF781141.1	Eukaryota;Chordata;Actinopteri;Tetraodontiformes;Tetraodontidae;Lagocephalus;Lagocephalus spadiceus;NA;NA;NA
NC_026194.2	Eukaryota;Chordata;Actinopteri;Tetraodontiformes;Tetraodontidae;Lagocephalus;Lagocephalus spadiceus;NA;NA;NA
NC_026229.1	Eukaryota;Chordata;Actinopteri;Tetraodontiformes;Tetraodontidae;Lagocephalus;Lagocephalus suezensis;NA;NA;NA
KX686070.1	Eukaryota;Chordata;Actinopteri;Spariformes;Sparidae;Lagodon;Lagodon rhomboides;NA;NA;NA
NC_024269.1	Eukaryota;Chordata;Chondrichthyes;Lamniformes;Lamnidae;Lamna;Lamna ditropis;NA;NA;NA
PV919171.1	Eukaryota;Chordata;Chondrichthyes;Lamniformes;Lamnidae;Lamna;Lamna ditropis;NA;NA;NA
MF150045.1	Eukaryota;Chordata;Chondrichthyes;Lamniformes;Lamnidae;Lamna;Lamna nasus;NA;NA;NA
KP742974.1	Eukaryota;Chordata;Hyperoartia;Petromyzontiformes;Petromyzontidae;Lampetra;Lampetra aepyptera;NA;NA;NA
AF049726.1	Eukaryota;Chordata;Actinopteri;Lampriformes;Lampridae;Lampris;Lampris guttatus;NA;NA;NA
AF149984.1	Eukaryota;Chordata;Actinopteri;Lampriformes;Lampridae;Lampris;Lampris guttatus;NA;NA;NA
NC_003165.1	Eukaryota;Chordata;Actinopteri;Lampriformes;Lampridae;Lampris;Lampris guttatus;NA;NA;NA
NC_011710.1	Eukaryota;Chordata;Actinopteri;NA;Sciaenidae;Larimichthys;Larimichthys crocea;NA;NA;NA
PX430158.1	Eukaryota;Chordata;Actinopteri;NA;Sciaenidae;Larimichthys;Larimichthys crocea;NA;NA;NA
NC_013754.1	Eukaryota;Chordata;Actinopteri;NA;Sciaenidae;Larimichthys;Larimichthys polyactis;NA;NA;NA
NC_083187.1	Eukaryota;Chordata;Actinopteri;NA;Sciaenidae;Larimus;Larimus fasciatus;NA;NA;NA
LC606652.1	Eukaryota;Chordata;Actinopteri;Acropomatiformes;Lateolabracidae;Lateolabrax;Lateolabrax japonicus;NA;NA;NA
NC_042503.1	Eukaryota;Chordata;Actinopteri;Acropomatiformes;Lateolabracidae;Lateolabrax;Lateolabrax japonicus;NA;NA;NA
KR349919.1	Eukaryota;Chordata;Actinopteri;NA;Centropomidae;Lates;Lates calcarifer;NA;NA;NA
NC_007439.1	Eukaryota;Chordata;Actinopteri;NA;Centropomidae;Lates;Lates calcarifer;NA;NA;NA
OP359071.1	Eukaryota;Chordata;Actinopteri;NA;Centropomidae;Lates;Lates calcarifer;NA;NA;NA
AP006788.1	Eukaryota;Chordata;Actinopteri;NA;Centropomidae;Lates;Lates japonicus;NA;NA;NA
MN255584.1	Eukaryota;Chordata;Actinopteri;NA;Centropomidae;Lates;Lates microlepis;NA;NA;NA
AM931026.1	Eukaryota;Chordata;Actinopteri;NA;Centropomidae;Lates;Lates niloticus;NA;NA;NA
MN255585.1	Eukaryota;Chordata;Actinopteri;NA;Centropomidae;Lates;Lates niloticus;NA;NA;NA
NC_035736.1	Eukaryota;Chordata;Actinopteri;NA;Centropomidae;Lates;Lates niloticus;NA;NA;NA
AP011924.1	Eukaryota;Chordata;Actinopteri;Tetraodontiformes;Tetraodontidae;Leiodon;Leiodon cutcutia;NA;NA;NA
OR344340.1	Eukaryota;Chordata;Actinopteri;Chaetodontiformes;Leiognathidae;Leiognathus;Leiognathus equula;NA;NA;NA
KX686087.1	Eukaryota;Chordata;Actinopteri;NA;Sciaenidae;Leiostomus;Leiostomus xanthurus;NA;NA;NA
AP012519.1	Eukaryota;Chordata;Actinopteri;Scombriformes;Gempylidae;Lepidocybium;Lepidocybium flavobrunneum;NA;NA;NA
OP035316.2	Eukaryota;Chordata;Actinopteri;Scombriformes;Gempylidae;Lepidocybium;Lepidocybium flavobrunneum;NA;NA;NA
PQ859329.1	Eukaryota;Chordata;Actinopteri;Scombriformes;Trichiuridae;Lepidopus;Lepidopus caudatus;NA;NA;NA
AM931031.1	Eukaryota;Chordata;Actinopteri;Pleuronectiformes;Scophthalmidae;Lepidorhombus;Lepidorhombus boscii;NA;NA;NA
PP467739.1	Eukaryota;Chordata;Actinopteri;Pleuronectiformes;Scophthalmidae;Lepidorhombus;Lepidorhombus whiffiagonis;NA;NA;NA
JF912030.1	Eukaryota;Chordata;Actinopteri;Semionotiformes;Lepisosteidae;Lepisosteus;Lepisosteus osseus;NA;NA;NA
JF912032.1	Eukaryota;Chordata;Actinopteri;Semionotiformes;Lepisosteidae;Lepisosteus;Lepisosteus osseus;NA;NA;NA
JF912036.1	Eukaryota;Chordata;Actinopteri;Semionotiformes;Lepisosteidae;Lepisosteus;Lepisosteus osseus;NA;NA;NA
NC_008104.1	Eukaryota;Chordata;Actinopteri;Semionotiformes;Lepisosteidae;Lepisosteus;Lepisosteus osseus;NA;NA;NA
OR094982.1	Eukaryota;Chordata;Actinopteri;Semionotiformes;Lepisosteidae;Lepisosteus;Lepisosteus osseus;NA;NA;NA
OR224427.1	Eukaryota;Chordata;Actinopteri;Semionotiformes;Lepisosteidae;Lepisosteus;Lepisosteus osseus;NA;NA;NA
MH301065.1	Eukaryota;Chordata;Actinopteri;Centrarchiformes;Centrarchidae;Lepomis;Lepomis auritus;NA;NA;NA
NC_036385.1	Eukaryota;Chordata;Actinopteri;Centrarchiformes;Centrarchidae;Lepomis;Lepomis auritus;NA;NA;NA
NC_020359.1	Eukaryota;Chordata;Actinopteri;Centrarchiformes;Centrarchidae;Lepomis;Lepomis cyanellus;NA;NA;NA
MF621724.1	Eukaryota;Chordata;Actinopteri;Centrarchiformes;Centrarchidae;Lepomis;Lepomis gibbosus;NA;NA;NA
NC_028284.1	Eukaryota;Chordata;Actinopteri;Centrarchiformes;Centrarchidae;Lepomis;Lepomis gibbosus;NA;NA;NA
MH301067.1	Eukaryota;Chordata;Actinopteri;Centrarchiformes;Centrarchidae;Lepomis;Lepomis gulosus;NA;NA;NA
OL471029.1	Eukaryota;Chordata;Actinopteri;Centrarchiformes;Centrarchidae;Lepomis;Lepomis gulosus;NA;NA;NA
AF150004.1	Eukaryota;Chordata;Actinopteri;Centrarchiformes;Centrarchidae;Lepomis;Lepomis macrochirus;NA;NA;NA
NC_015984.2	Eukaryota;Chordata;Actinopteri;Centrarchiformes;Centrarchidae;Lepomis;Lepomis macrochirus;NA;NA;NA
NC_036388.1	Eukaryota;Chordata;Actinopteri;Centrarchiformes;Centrarchidae;Lepomis;Lepomis punctatus;NA;NA;NA
NC_083073.1	Eukaryota;Chordata;Actinopteri;Ophidiiformes;Ophidiidae;Lepophidium;Lepophidium profundorum;NA;NA;NA
PQ675802.1	Eukaryota;Chordata;Actinopteri;NA;Polynemidae;Leptomelanosoma;Leptomelanosoma indicum;NA;NA;NA
AM181025.1	Eukaryota;Chordata;Mammalia;Carnivora;Phocidae;Leptonychotes;Leptonychotes weddellii;NA;NA;NA
LC776890.1	Eukaryota;Chordata;Actinopteri;Labriformes;Labridae;Leptoscarus;Leptoscarus vaigiensis;NA;NA;NA
NC_072062.1	Eukaryota;Chordata;Actinopteri;Scombriformes;Trichiuridae;Lepturacanthus;Lepturacanthus savala;NA;NA;NA
EF027255.1	Eukaryota;Chordata;Mammalia;Lagomorpha;Leporidae;Lepus;Lepus europaeus;NA;NA;NA
KY211021.1	Eukaryota;Chordata;Mammalia;Lagomorpha;Leporidae;Lepus;Lepus europaeus;NA;NA;NA
MH115259.1	Eukaryota;Chordata;Mammalia;Lagomorpha;Leporidae;Lepus;Lepus europaeus;NA;NA;NA
NC_004028.1	Eukaryota;Chordata;Mammalia;Lagomorpha;Leporidae;Lepus;Lepus europaeus;NA;NA;NA
OM993354.1	Eukaryota;Chordata;Mammalia;Lagomorpha;Leporidae;Lepus;Lepus europaeus;NA;NA;NA
OM993368.1	Eukaryota;Chordata;Mammalia;Lagomorpha;Leporidae;Lepus;Lepus europaeus;NA;NA;NA
OM993371.1	Eukaryota;Chordata;Mammalia;Lagomorpha;Leporidae;Lepus;Lepus europaeus;NA;NA;NA
OM993381.1	Eukaryota;Chordata;Mammalia;Lagomorpha;Leporidae;Lepus;Lepus europaeus;NA;NA;NA
OM993437.1	Eukaryota;Chordata;Mammalia;Lagomorpha;Leporidae;Lepus;Lepus europaeus;NA;NA;NA
KF701113.1	Eukaryota;Chordata;Hyperoartia;Petromyzontiformes;Petromyzontidae;Lethenteron;Lethenteron camtschaticum;NA;NA;NA
LC874618.1	Eukaryota;Chordata;Hyperoartia;Petromyzontiformes;Petromyzontidae;Lethenteron;Lethenteron mitsukurii;NA;NA;NA
AB565771.1	Eukaryota;Chordata;Hyperoartia;Petromyzontiformes;Petromyzontidae;Lethenteron;Lethenteron reissneri;NA;NA;NA
LC875818.1	Eukaryota;Chordata;Hyperoartia;Petromyzontiformes;Petromyzontidae;Lethenteron;Lethenteron satoi;NA;NA;NA
OQ420716.1	Eukaryota;Chordata;Actinopteri;Spariformes;Lethrinidae;Lethrinus;Lethrinus atlanticus;NA;NA;NA
PZ213513.1	Eukaryota;Chordata;Actinopteri;Spariformes;Lethrinidae;Lethrinus;Lethrinus erythracanthus;NA;NA;NA
KU680995.1	Eukaryota;Chordata;Actinopteri;Spariformes;Lethrinidae;Lethrinus;Lethrinus harak;NA;NA;NA
PZ213518.1	Eukaryota;Chordata;Actinopteri;Spariformes;Lethrinidae;Lethrinus;Lethrinus harak;NA;NA;NA
AY484981.1	Eukaryota;Chordata;Actinopteri;Spariformes;Lethrinidae;Lethrinus;Lethrinus lentjan;NA;NA;NA
KU680997.1	Eukaryota;Chordata;Actinopteri;Spariformes;Lethrinidae;Lethrinus;Lethrinus mahsena;NA;NA;NA
PZ213532.1	Eukaryota;Chordata;Actinopteri;Spariformes;Lethrinidae;Lethrinus;Lethrinus microdon;NA;NA;NA
PZ697365.1	Eukaryota;Chordata;Actinopteri;Spariformes;Lethrinidae;Lethrinus;Lethrinus xanthochilus;NA;NA;NA
PX754809.1	Eukaryota;Chordata;Chondrichthyes;Rajiformes;Rajidae;Leucoraja;Leucoraja erinaceus;NA;NA;NA
NC_082566.1	Eukaryota;Chordata;Chondrichthyes;Rajiformes;Rajidae;Leucoraja;Leucoraja garmani;NA;NA;NA
PP467761.1	Eukaryota;Chordata;Chondrichthyes;Rajiformes;Rajidae;Leucoraja;Leucoraja naevus;NA;NA;NA
MH377761.1	Eukaryota;Chordata;Chondrichthyes;Rajiformes;Rajidae;Leucoraja;Leucoraja ocellata;NA;NA;NA
PX741162.1	Eukaryota;Chordata;Chondrichthyes;Rajiformes;Rajidae;Leucoraja;Leucoraja wallacei;NA;NA;NA
NC_044649.1	Eukaryota;Chordata;Actinopteri;Atheriniformes;Atherinopsidae;Leuresthes;Leuresthes tenuis;NA;NA;NA
KF573188.1	Eukaryota;Chordata;Actinopteri;Pleuronectiformes;Soleidae;Liachirus;Liachirus melanospilos;NA;NA;NA
PZ697377.1	Eukaryota;Chordata;Actinopteri;Perciformes;Serranidae;Liopropoma;Liopropoma aberrans;NA;NA;NA
OM891514.1	Eukaryota;Chordata;Actinopteri;Perciformes;Serranidae;Liopropoma;Liopropoma aragai;NA;NA;NA
PZ507568.1	Eukaryota;Chordata;Actinopteri;Perciformes;Serranidae;Liopropoma;Liopropoma carmabi;NA;NA;NA
OM749734.1	Eukaryota;Chordata;Actinopteri;Perciformes;Serranidae;Liopropoma;Liopropoma japonicum;NA;NA;NA
LC923541.1	Eukaryota;Chordata;Actinopteri;Perciformes;Serranidae;Liopropoma;Liopropoma latifasciatum;NA;NA;NA
OM891515.1	Eukaryota;Chordata;Actinopteri;Perciformes;Serranidae;Liopropoma;Liopropoma latifasciatum;NA;NA;NA
PZ315207.1	Eukaryota;Chordata;Actinopteri;Perciformes;Serranidae;Liopropoma;Liopropoma mitratum;NA;NA;NA
PZ507569.1	Eukaryota;Chordata;Actinopteri;Perciformes;Serranidae;Liopropoma;Liopropoma mowbrayi;NA;NA;NA
PZ507585.1	Eukaryota;Chordata;Actinopteri;Perciformes;Serranidae;Liopropoma;Liopropoma mowbrayi;NA;NA;NA
PZ315209.1	Eukaryota;Chordata;Actinopteri;Perciformes;Serranidae;Liopropoma;Liopropoma pallidum;NA;NA;NA
PZ319363.1	Eukaryota;Chordata;Actinopteri;Perciformes;Serranidae;Liopropoma;Liopropoma rubre;NA;NA;NA
PZ574252.1	Eukaryota;Chordata;Actinopteri;Lutjaniformes;Lutjanidae;Lipocheilus;Lipocheilus carnolabrum;NA;NA;NA
AM181024.1	Eukaryota;Chordata;Mammalia;Carnivora;Phocidae;Lobodon;Lobodon carcinophaga;NA;NA;NA
PV814553.1	Eukaryota;Chordata;Actinopteri;Lobotiformes;Lobotidae;Lobotes;Lobotes pacificus;NA;NA;NA
NC_026233.1	Eukaryota;Chordata;Actinopteri;Lobotiformes;Lobotidae;Lobotes;Lobotes surinamensis;NA;NA;NA
NC_004380.1	Eukaryota;Chordata;Actinopteri;Lophiiformes;Lophiidae;Lophius;Lophius americanus;NA;NA;NA
NC_088005.1	Eukaryota;Chordata;Actinopteri;Lophiiformes;Lophiidae;Lophius;Lophius gastrophysus;NA;NA;NA
NC_023828.1	Eukaryota;Chordata;Actinopteri;Lophiiformes;Lophiidae;Lophius;Lophius litulon;NA;NA;NA
OL627348.1	Eukaryota;Chordata;Actinopteri;Lophiiformes;Lophiidae;Lophius;Lophius litulon;NA;NA;NA
AY368294.1	Eukaryota;Chordata;Actinopteri;Lophiiformes;Lophiidae;Lophius;Lophius piscatorius;NA;NA;NA
MH377782.1	Eukaryota;Chordata;Actinopteri;NA;Malacanthidae;Lopholatilus;Lopholatilus chamaeleonticeps;NA;NA;NA
NC_088006.1	Eukaryota;Chordata;Actinopteri;NA;Malacanthidae;Lopholatilus;Lopholatilus villarii;NA;NA;NA
PX416459.1	Eukaryota;Chordata;Actinopteri;Siluriformes;Loricariidae;Loricaria;Loricaria aff. nickeriensis;NA;NA;NA
PX416460.1	Eukaryota;Chordata;Actinopteri;Siluriformes;Loricariidae;Loricaria;Loricaria aff. parnahybae;NA;NA;NA
PX416462.1	Eukaryota;Chordata;Actinopteri;Siluriformes;Loricariidae;Loricaria;Loricaria cataphracta;NA;NA;NA
NC_004379.1	Eukaryota;Chordata;Actinopteri;Gadiformes;Lotidae;Lota;Lota lota;NA;NA;NA
NC_088007.1	Eukaryota;Chordata;Actinopteri;Lutjaniformes;Lutjanidae;Lutjanus;Lutjanus analis;NA;NA;NA
OP056852.1	Eukaryota;Chordata;Actinopteri;Lutjaniformes;Lutjanidae;Lutjanus;Lutjanus analis;NA;NA;NA
OP035162.1	Eukaryota;Chordata;Actinopteri;Lutjaniformes;Lutjanidae;Lutjanus;Lutjanus apodus;NA;NA;NA
AY484978.1	Eukaryota;Chordata;Actinopteri;Lutjaniformes;Lutjanidae;Lutjanus;Lutjanus argentimaculatus;NA;NA;NA
NC_016661.1	Eukaryota;Chordata;Actinopteri;Lutjaniformes;Lutjanidae;Lutjanus;Lutjanus argentimaculatus;NA;NA;NA
FJ171339.1	Eukaryota;Chordata;Actinopteri;Lutjaniformes;Lutjanidae;Lutjanus;Lutjanus bengalensis;NA;NA;NA
LC649226.1	Eukaryota;Chordata;Actinopteri;Lutjaniformes;Lutjanidae;Lutjanus;Lutjanus bohar;NA;NA;NA
AY372811.1	Eukaryota;Chordata;Actinopteri;Lutjaniformes;Lutjanidae;Lutjanus;Lutjanus campechanus;NA;NA;NA
PV742853.1	Eukaryota;Chordata;Actinopteri;Lutjaniformes;Lutjanidae;Lutjanus;Lutjanus campechanus;NA;NA;NA
MK092066.1	Eukaryota;Chordata;Actinopteri;Lutjaniformes;Lutjanidae;Lutjanus;Lutjanus carponotatus;NA;NA;NA
PV814557.1	Eukaryota;Chordata;Actinopteri;Lutjaniformes;Lutjanidae;Lutjanus;Lutjanus colorado;NA;NA;NA
MH248186.1	Eukaryota;Chordata;Actinopteri;Lutjaniformes;Lutjanidae;Lutjanus;Lutjanus ehrenbergii;NA;NA;NA
MN398650.1	Eukaryota;Chordata;Actinopteri;Lutjaniformes;Lutjanidae;Lutjanus;Lutjanus fulgens;NA;NA;NA
LC597199.2	Eukaryota;Chordata;Actinopteri;Lutjaniformes;Lutjanidae;Lutjanus;Lutjanus fulviflamma;NA;NA;NA
MH248211.1	Eukaryota;Chordata;Actinopteri;Lutjaniformes;Lutjanidae;Lutjanus;Lutjanus fulviflamma;NA;NA;NA
PZ213503.1	Eukaryota;Chordata;Actinopteri;Lutjaniformes;Lutjanidae;Lutjanus;Lutjanus fulviflamma;NA;NA;NA
LC552450.2	Eukaryota;Chordata;Actinopteri;Lutjaniformes;Lutjanidae;Lutjanus;Lutjanus fulvus;NA;NA;NA
LC519405.2	Eukaryota;Chordata;Actinopteri;Lutjaniformes;Lutjanidae;Lutjanus;Lutjanus gibbus;NA;NA;NA
PZ574245.1	Eukaryota;Chordata;Actinopteri;Lutjaniformes;Lutjanidae;Lutjanus;Lutjanus gibbus;NA;NA;NA
PQ628782.1	Eukaryota;Chordata;Actinopteri;Lutjaniformes;Lutjanidae;Lutjanus;Lutjanus goreensis;NA;NA;NA
OP056934.1	Eukaryota;Chordata;Actinopteri;Lutjaniformes;Lutjanidae;Lutjanus;Lutjanus griseus;NA;NA;NA
KT724723.1	Eukaryota;Chordata;Actinopteri;Lutjaniformes;Lutjanidae;Lutjanus;Lutjanus guttatus;NA;NA;NA
OP154136.1	Eukaryota;Chordata;Actinopteri;Lutjaniformes;Lutjanidae;Lutjanus;Lutjanus jocu;NA;NA;NA
MG255110.1	Eukaryota;Chordata;Actinopteri;Lutjaniformes;Lutjanidae;Lutjanus;Lutjanus lemniscatus;NA;NA;NA
PZ310915.1	Eukaryota;Chordata;Actinopteri;Lutjaniformes;Lutjanidae;Lutjanus;Lutjanus lutjanus;NA;NA;NA
MG255115.1	Eukaryota;Chordata;Actinopteri;Lutjaniformes;Lutjanidae;Lutjanus;Lutjanus madras;NA;NA;NA
OP056933.1	Eukaryota;Chordata;Actinopteri;Lutjaniformes;Lutjanidae;Lutjanus;Lutjanus mahogoni;NA;NA;NA
AB972219.2	Eukaryota;Chordata;Actinopteri;Lutjaniformes;Lutjanidae;Lutjanus;Lutjanus ophuysenii;NA;NA;NA
NC_027950.1	Eukaryota;Chordata;Actinopteri;Lutjaniformes;Lutjanidae;Lutjanus;Lutjanus peru;NA;NA;NA
LC278089.2	Eukaryota;Chordata;Actinopteri;Lutjaniformes;Lutjanidae;Lutjanus;Lutjanus rivulatus;NA;NA;NA
NC_009869.1	Eukaryota;Chordata;Actinopteri;Lutjaniformes;Lutjanidae;Lutjanus;Lutjanus rivulatus;NA;NA;NA
LC645336.1	Eukaryota;Chordata;Actinopteri;Lutjaniformes;Lutjanidae;Lutjanus;Lutjanus rufolineatus;NA;NA;NA
EF514208.1	Eukaryota;Chordata;Actinopteri;Lutjaniformes;Lutjanidae;Lutjanus;Lutjanus russellii;NA;NA;NA
AY484976.1	Eukaryota;Chordata;Actinopteri;Lutjaniformes;Lutjanidae;Lutjanus;Lutjanus sanguineus;NA;NA;NA
MH248187.1	Eukaryota;Chordata;Actinopteri;Lutjaniformes;Lutjanidae;Lutjanus;Lutjanus sanguineus;NA;NA;NA
LC645292.1	Eukaryota;Chordata;Actinopteri;Lutjaniformes;Lutjanidae;Lutjanus;Lutjanus sebae;NA;NA;NA
NC_012737.1	Eukaryota;Chordata;Actinopteri;Lutjaniformes;Lutjanidae;Lutjanus;Lutjanus sebae;NA;NA;NA
NC_082572.1	Eukaryota;Chordata;Actinopteri;Lutjaniformes;Lutjanidae;Lutjanus;Lutjanus synagris;NA;NA;NA
NC_009851.1	Eukaryota;Chordata;Actinopteri;Acanthuriformes;Luvaridae;Luvarus;Luvarus imperialis;NA;NA;NA
PX416477.1	Eukaryota;Chordata;Actinopteri;Clupeiformes;Engraulidae;Lycengraulis;Lycengraulis batesii;NA;NA;NA
AP011563.1	Eukaryota;Chordata;Actinopteri;Clupeiformes;Engraulidae;Lycengraulis;Lycengraulis grossidens;NA;NA;NA
AP011562.1	Eukaryota;Chordata;Actinopteri;Clupeiformes;Engraulidae;Lycothrissa;Lycothrissa crocodilus;NA;NA;NA
NC_082803.1	Eukaryota;Chordata;Actinopteri;Pleuronectiformes;Pleuronectidae;Lyopsetta;Lyopsetta exilis;NA;NA;NA
AP014532.1	Eukaryota;Chordata;Actinopteri;Centrarchiformes;Percichthyidae;Maccullochella;Maccullochella peelii;NA;NA;NA
PZ310919.1	Eukaryota;Chordata;Actinopteri;Lutjaniformes;Lutjanidae;Macolor;Macolor macularis;NA;NA;NA
LC669520.1	Eukaryota;Chordata;Actinopteri;Lutjaniformes;Lutjanidae;Macolor;Macolor niger;NA;NA;NA
NC_024849.1	Eukaryota;Chordata;Actinopteri;Centrarchiformes;Percichthyidae;Macquaria;Macquaria ambigua;NA;NA;NA
NC_088008.1	Eukaryota;Chordata;Actinopteri;NA;Sciaenidae;Macrodon;Macrodon ancylodon;NA;NA;NA
NC_027435.1	Eukaryota;Chordata;Actinopteri;Synbranchiformes;Mastacembelidae;Macrognathus;Macrognathus aculeatus;NA;NA;NA
OR786469.1	Eukaryota;Chordata;Actinopteri;Synbranchiformes;Mastacembelidae;Macrognathus;Macrognathus aculeatus;NA;NA;NA
PZ237787.1	Eukaryota;Chordata;Actinopteri;Labriformes;Labridae;Macropharyngodon;Macropharyngodon meleagris;NA;NA;NA
NC_028289.1	Eukaryota;Chordata;Actinopteri;Labriformes;Labridae;Macropharyngodon;Macropharyngodon negrosensis;NA;NA;NA
JN003401.1	Eukaryota;Chordata;Mammalia;Diprotodontia;Macropodidae;Macropus;Macropus fuliginosus;NA;NA;NA
AF187885.1	Eukaryota;Chordata;Mammalia;Diprotodontia;Macropodidae;Macropus;Macropus giganteus;NA;NA;NA
NC_027424.1	Eukaryota;Chordata;Mammalia;Diprotodontia;Macropodidae;Macropus;Macropus giganteus;NA;NA;NA
FJ215047.1	Eukaryota;Chordata;Actinopteri;Gadiformes;Merlucciidae;Macruronus;Macruronus novaezelandiae;NA;NA;NA
LC649138.1	Eukaryota;Chordata;Actinopteri;NA;Malacanthidae;Malacanthus;Malacanthus brevirostris;NA;NA;NA
PZ237799.1	Eukaryota;Chordata;Actinopteri;NA;Malacanthidae;Malacanthus;Malacanthus latovittatus;NA;NA;NA
OP056926.2	Eukaryota;Chordata;Actinopteri;NA;Malacanthidae;Malacanthus;Malacanthus plumieri;NA;NA;NA
KX929906.1	Eukaryota;Chordata;Actinopteri;Osmeriformes;Salangidae;Mallotus;Mallotus villosus;NA;NA;NA
NC_015244.1	Eukaryota;Chordata;Actinopteri;Osmeriformes;Salangidae;Mallotus;Mallotus villosus;NA;NA;NA
NC_015244.1_1	Eukaryota;Chordata;Actinopteri;Osmeriformes;Salangidae;Mallotus;Mallotus villosus;NA;NA;NA
PZ284645.1	Eukaryota;Chordata;Actinopteri;Osmeriformes;Salangidae;Mallotus;Mallotus villosus;NA;NA;NA
NC_023352.1	Eukaryota;Chordata;Aves;Anseriformes;Anatidae;Mareca;Mareca falcata;NA;NA;NA
AP011937.1	Eukaryota;Chordata;Actinopteri;Tetraodontiformes;Tetraodontidae;Marilyna;Marilyna darwinii;NA;NA;NA
KX950697.1	Eukaryota;Chordata;Actinopteri;Synbranchiformes;Mastacembelidae;Mastacembelus;Mastacembelus armatus;NA;NA;NA
KY609156.1	Eukaryota;Chordata;Actinopteri;Synbranchiformes;Mastacembelidae;Mastacembelus;Mastacembelus armatus;NA;NA;NA
MH688301.1	Eukaryota;Chordata;Actinopteri;Synbranchiformes;Mastacembelidae;Mastacembelus;Mastacembelus armatus;NA;NA;NA
NC_023977.1	Eukaryota;Chordata;Actinopteri;Synbranchiformes;Mastacembelidae;Mastacembelus;Mastacembelus armatus;NA;NA;NA
PX416484.1	Eukaryota;Chordata;Actinopteri;Siluriformes;Heptapteridae;Mastiglanis;Mastiglanis durantoni;NA;NA;NA
KC136408.1	Eukaryota;Chordata;Actinopteri;Centrarchiformes;Kyphosidae;Medialuna;Medialuna californiensis;NA;NA;NA
PX416486.1	Eukaryota;Chordata;Actinopteri;Siluriformes;Callichthyidae;Megalechis;Megalechis thoracata;NA;NA;NA
KY825191.1	Eukaryota;Chordata;Actinopteri;Characiformes;Anostomidae;Megaleporinus;Megaleporinus obtusidens;NA;NA;NA
NC_005804.1	Eukaryota;Chordata;Actinopteri;Elopiformes;Megalopidae;Megalops;Megalops atlanticus;NA;NA;NA
NC_007396.1	Eukaryota;Chordata;Actinopteri;Gadiformes;Gadidae;Melanogrammus;Melanogrammus aeglefinus;NA;NA;NA
NC_010195.2	Eukaryota;Chordata;Aves;Galliformes;Phasianidae;Meleagris;Meleagris gallopavo;NA;NA;NA
AF150007.1	Eukaryota;Chordata;Actinopteri;Tetraodontiformes;Balistidae;Melichthys;Melichthys niger;NA;NA;NA
KT600953.1	Eukaryota;Chordata;Actinopteri;Tetraodontiformes;Balistidae;Melichthys;Melichthys niger;NA;NA;NA
OP035247.2	Eukaryota;Chordata;Actinopteri;Tetraodontiformes;Balistidae;Melichthys;Melichthys niger;NA;NA;NA
PX022903.1	Eukaryota;Chordata;Actinopteri;Tetraodontiformes;Balistidae;Melichthys;Melichthys niger;NA;NA;NA
NC_037220.1	Eukaryota;Chordata;Actinopteri;NA;Menidae;Mene;Mene maculata;NA;NA;NA
MH538718.1	Eukaryota;Chordata;Actinopteri;Atheriniformes;Atherinopsidae;Menidia;Menidia menidia;NA;NA;NA
MH538741.1	Eukaryota;Chordata;Actinopteri;Atheriniformes;Atherinopsidae;Menidia;Menidia menidia;NA;NA;NA
MH538779.1	Eukaryota;Chordata;Actinopteri;Atheriniformes;Atherinopsidae;Menidia;Menidia menidia;NA;NA;NA
MH538895.1	Eukaryota;Chordata;Actinopteri;Atheriniformes;Atherinopsidae;Menidia;Menidia menidia;NA;NA;NA
NC_011174.1	Eukaryota;Chordata;Actinopteri;Atheriniformes;Atherinopsidae;Menidia;Menidia menidia;NA;NA;NA
NC_088009.1	Eukaryota;Chordata;Actinopteri;NA;Sciaenidae;Menticirrhus;Menticirrhus americanus;NA;NA;NA
OP057093.1	Eukaryota;Chordata;Actinopteri;NA;Sciaenidae;Menticirrhus;Menticirrhus americanus;NA;NA;NA
NC_083020.1	Eukaryota;Chordata;Actinopteri;NA;Sciaenidae;Menticirrhus;Menticirrhus littoralis;NA;NA;NA
KX686072.1	Eukaryota;Chordata;Actinopteri;NA;Sciaenidae;Menticirrhus;Menticirrhus saxatilis;NA;NA;NA
FJ215053.1	Eukaryota;Chordata;Actinopteri;Gadiformes;Gadidae;Merlangius;Merlangius merlangus;NA;NA;NA
OR499726.1	Eukaryota;Chordata;Actinopteri;Gadiformes;Merlucciidae;Merluccius;Merluccius albidus;NA;NA;NA
FJ215060.1	Eukaryota;Chordata;Actinopteri;Gadiformes;Merlucciidae;Merluccius;Merluccius australis;NA;NA;NA
AF149989.1	Eukaryota;Chordata;Actinopteri;Gadiformes;Merlucciidae;Merluccius;Merluccius bilinearis;NA;NA;NA
FJ215056.1	Eukaryota;Chordata;Actinopteri;Gadiformes;Merlucciidae;Merluccius;Merluccius bilinearis;NA;NA;NA
MH377833.1	Eukaryota;Chordata;Actinopteri;Gadiformes;Merlucciidae;Merluccius;Merluccius bilinearis;NA;NA;NA
PZ091031.1	Eukaryota;Chordata;Actinopteri;Gadiformes;Merlucciidae;Merluccius;Merluccius bilinearis;NA;NA;NA
FJ215054.1	Eukaryota;Chordata;Actinopteri;Gadiformes;Merlucciidae;Merluccius;Merluccius gayi;NA;NA;NA
AM931030.1	Eukaryota;Chordata;Actinopteri;Gadiformes;Merlucciidae;Merluccius;Merluccius merluccius;NA;NA;NA
FR751402.1	Eukaryota;Chordata;Actinopteri;Gadiformes;Merlucciidae;Merluccius;Merluccius merluccius;NA;NA;NA
FJ215057.1	Eukaryota;Chordata;Actinopteri;Gadiformes;Merlucciidae;Merluccius;Merluccius polli;NA;NA;NA
FJ215055.1	Eukaryota;Chordata;Actinopteri;Gadiformes;Merlucciidae;Merluccius;Merluccius productus;NA;NA;NA
PX416507.1	Eukaryota;Chordata;Actinopteri;Siluriformes;Loricariidae;Metaloricaria;Metaloricaria paucidens;NA;NA;NA
NW_028154617.1	Eukaryota;Chordata;Actinopteri;Pleuronectiformes;Soleidae;Microchirus;Microchirus variegatus;NA;NA;NA
FJ215062.1	Eukaryota;Chordata;Actinopteri;Gadiformes;Gadidae;Microgadus;Microgadus proximus;NA;NA;NA
FJ215063.1	Eukaryota;Chordata;Actinopteri;Gadiformes;Gadidae;Microgadus;Microgadus tomcod;NA;NA;NA
PX416531.1	Eukaryota;Chordata;Actinopteri;Siluriformes;Pseudopimelodidae;Microglanis;Microglanis poecilus;NA;NA;NA
PX416532.1	Eukaryota;Chordata;Actinopteri;Siluriformes;Pseudopimelodidae;Microglanis;Microglanis secundus;NA;NA;NA
NC_015102.1	Eukaryota;Chordata;Actinopteri;Gadiformes;Gadidae;Micromesistius;Micromesistius poutassou;NA;NA;NA
NC_088011.1	Eukaryota;Chordata;Actinopteri;NA;Sciaenidae;Micropogonias;Micropogonias furnieri;NA;NA;NA
NC_082746.1	Eukaryota;Chordata;Actinopteri;NA;Sciaenidae;Micropogonias;Micropogonias undulatus;NA;NA;NA
LC850833.1	Eukaryota;Chordata;Actinopteri;Centrarchiformes;Centrarchidae;Micropterus;Micropterus dolomieu;Micropterus dolomieu dolomieu;NA;NA
KM370980.1	Eukaryota;Chordata;Actinopteri;Centrarchiformes;Centrarchidae;Micropterus;Micropterus punctulatus;NA;NA;NA
AP014537.1	Eukaryota;Chordata;Actinopteri;Centrarchiformes;Centrarchidae;Micropterus;Micropterus salmoides;NA;NA;NA
DQ536425.1	Eukaryota;Chordata;Actinopteri;Centrarchiformes;Centrarchidae;Micropterus;Micropterus salmoides;NA;NA;NA
NC_066466.1	Eukaryota;Chordata;Actinopteri;Pleuronectiformes;Pleuronectidae;Microstomus;Microstomus achne;NA;NA;NA
NC_082805.1	Eukaryota;Chordata;Actinopteri;Pleuronectiformes;Pleuronectidae;Microstomus;Microstomus pacificus;NA;NA;NA
NC_016683.1	Eukaryota;Chordata;Actinopteri;Clupeiformes;Clupeidae;Microthrissa;Microthrissa royauxi;NA;NA;NA
NC_014351.1	Eukaryota;Chordata;Actinopteri;NA;Sciaenidae;Miichthys;Miichthys miiuy;NA;NA;NA
JF911715.1	Eukaryota;Chordata;Actinopteri;Mugiliformes;Mugilidae;Minimugil;Minimugil cascasia;NA;NA;NA
AF333599.1	Eukaryota;Chordata;Actinopteri;Cypriniformes;Catostomidae;Minytrema;Minytrema melanops;NA;NA;NA
NC_008113.1	Eukaryota;Chordata;Actinopteri;Cypriniformes;Catostomidae;Minytrema;Minytrema melanops;NA;NA;NA
AM181023.1	Eukaryota;Chordata;Mammalia;Carnivora;Phocidae;Mirounga;Mirounga leonina;NA;NA;NA
AF448000.1	Eukaryota;Chordata;Chondrichthyes;Myliobatiformes;Myliobatidae;Mobula;Mobula birostris;NA;NA;NA
PQ760241.1	Eukaryota;Chordata;Chondrichthyes;Myliobatiformes;Myliobatidae;Mobula;Mobula hypostoma;NA;NA;NA
KM364984.1	Eukaryota;Chordata;Chondrichthyes;Myliobatiformes;Myliobatidae;Mobula;Mobula japanica;NA;NA;NA
NC_037219.1	Eukaryota;Chordata;Chondrichthyes;Myliobatiformes;Myliobatidae;Mobula;Mobula thurstoni;NA;NA;NA
AY700258.1	Eukaryota;Chordata;Actinopteri;Tetraodontiformes;Molidae;Mola;Mola mola;NA;NA;NA
MH377835.1	Eukaryota;Chordata;Actinopteri;Tetraodontiformes;Molidae;Mola;Mola mola;NA;NA;NA
NC_005836.1	Eukaryota;Chordata;Actinopteri;Tetraodontiformes;Molidae;Mola;Mola mola;NA;NA;NA
PP467789.1	Eukaryota;Chordata;Actinopteri;Gadiformes;Lotidae;Molva;Molva macrophthalma;NA;NA;NA
FJ215065.1	Eukaryota;Chordata;Actinopteri;Gadiformes;Lotidae;Molva;Molva molva;NA;NA;NA
NC_082743.1	Eukaryota;Chordata;Actinopteri;Tetraodontiformes;Monacanthidae;Monacanthus;Monacanthus ciliatus;NA;NA;NA
GU174602.1	Eukaryota;Chordata;Mammalia;Carnivora;Phocidae;Monachus;Monachus monachus;NA;NA;NA
KP779622.1	Eukaryota;Chordata;Actinopteri;Synbranchiformes;Synbranchidae;Monopterus;Monopterus albus;NA;NA;NA
MZ157402.1	Eukaryota;Chordata;Actinopteri;Synbranchiformes;Synbranchidae;Monopterus;Monopterus albus;NA;NA;NA
NC_003192.1	Eukaryota;Chordata;Actinopteri;Synbranchiformes;Synbranchidae;Monopterus;Monopterus albus;NA;NA;NA
OM736804.1	Eukaryota;Chordata;Actinopteri;Synbranchiformes;Synbranchidae;Monopterus;Monopterus albus;NA;NA;NA
PX260921.1	Eukaryota;Chordata;Actinopteri;Synbranchiformes;Synbranchidae;Monopterus;Monopterus albus;NA;NA;NA
NC_010957.1	Eukaryota;Chordata;Actinopteri;Spariformes;Lethrinidae;Monotaxis;Monotaxis grandoculis;NA;NA;NA
JF911717.2	Eukaryota;Chordata;Actinopteri;Mugiliformes;Mugilidae;Moolgarda;Moolgarda cunnesius;NA;NA;NA
KF374990.1	Eukaryota;Chordata;Actinopteri;Mugiliformes;Mugilidae;Moolgarda;Moolgarda cunnesius;NA;NA;NA
LC458116.2	Eukaryota;Chordata;Actinopteri;Mugiliformes;Mugilidae;Moolgarda;Moolgarda pedaraki;NA;NA;NA
KF374964.1	Eukaryota;Chordata;Actinopteri;Mugiliformes;Mugilidae;Moolgarda;Moolgarda seheli;NA;NA;NA
KF374965.1	Eukaryota;Chordata;Actinopteri;Mugiliformes;Mugilidae;Moolgarda;Moolgarda seheli;NA;NA;NA
PX071562.1	Eukaryota;Chordata;Hyperoartia;Petromyzontiformes;Petromyzontidae;Mordacia;Mordacia lapicida;NA;NA;NA
KY798444.1	Eukaryota;Chordata;Hyperoartia;Petromyzontiformes;Petromyzontidae;Mordacia;Mordacia mordax;NA;NA;NA
NC_030281.1	Eukaryota;Chordata;Actinopteri;NA;Moronidae;Morone;Morone americana;NA;NA;NA
AF055589.1	Eukaryota;Chordata;Actinopteri;NA;Moronidae;Morone;Morone chrysops;NA;NA;NA
AY372812.1	Eukaryota;Chordata;Actinopteri;NA;Moronidae;Morone;Morone chrysops;NA;NA;NA
NC_014353.1	Eukaryota;Chordata;Actinopteri;NA;Moronidae;Morone;Morone saxatilis;NA;NA;NA
MW856876.1	Eukaryota;Chordata;Actinopteri;Cypriniformes;Catostomidae;Moxostoma;Moxostoma macrolepidotum;NA;NA;NA
PQ064519.1	Eukaryota;Chordata;Actinopteri;Cypriniformes;Catostomidae;Moxostoma;Moxostoma macrolepidotum;NA;NA;NA
KF374972.1	Eukaryota;Chordata;Actinopteri;Mugiliformes;Mugilidae;Mugil;Mugil bananensis;NA;NA;NA
PQ628783.1	Eukaryota;Chordata;Actinopteri;Mugiliformes;Mugilidae;Mugil;Mugil bananensis;NA;NA;NA
KF374973.1	Eukaryota;Chordata;Actinopteri;Mugiliformes;Mugilidae;Mugil;Mugil capurrii;NA;NA;NA
DQ225772.1	Eukaryota;Chordata;Actinopteri;Mugiliformes;Mugilidae;Mugil;Mugil cephalus;NA;NA;NA
JQ972916.1	Eukaryota;Chordata;Actinopteri;Mugiliformes;Mugilidae;Mugil;Mugil cephalus;NA;NA;NA
KF374976.1	Eukaryota;Chordata;Actinopteri;Mugiliformes;Mugilidae;Mugil;Mugil cephalus;NA;NA;NA
KM368340.1	Eukaryota;Chordata;Actinopteri;Mugiliformes;Mugilidae;Mugil;Mugil cephalus;NA;NA;NA
KP018403.1	Eukaryota;Chordata;Actinopteri;Mugiliformes;Mugilidae;Mugil;Mugil cephalus;NA;NA;NA
PZ236378.1	Eukaryota;Chordata;Actinopteri;Mugiliformes;Mugilidae;Mugil;Mugil cephalus;NA;NA;NA
LC843960.1	Eukaryota;Chordata;Actinopteri;Mugiliformes;Mugilidae;Mugil;Mugil cephalus;Mugil cephalus cephalus;NA;NA
AF149999.1	Eukaryota;Chordata;Actinopteri;Mugiliformes;Mugilidae;Mugil;Mugil curema;NA;NA;NA
DQ225769.1	Eukaryota;Chordata;Actinopteri;Mugiliformes;Mugilidae;Mugil;Mugil curema;NA;NA;NA
DQ225770.1	Eukaryota;Chordata;Actinopteri;Mugiliformes;Mugilidae;Mugil;Mugil curema;NA;NA;NA
EU715445.1	Eukaryota;Chordata;Actinopteri;Mugiliformes;Mugilidae;Mugil;Mugil curema;NA;NA;NA
JQ996469.1	Eukaryota;Chordata;Actinopteri;Mugiliformes;Mugilidae;Mugil;Mugil curema;NA;NA;NA
JQ996475.1	Eukaryota;Chordata;Actinopteri;Mugiliformes;Mugilidae;Mugil;Mugil curema;NA;NA;NA
JQ996479.1	Eukaryota;Chordata;Actinopteri;Mugiliformes;Mugilidae;Mugil;Mugil curema;NA;NA;NA
KF374975.1	Eukaryota;Chordata;Actinopteri;Mugiliformes;Mugilidae;Mugil;Mugil curema;NA;NA;NA
NC_017889.1	Eukaryota;Chordata;Actinopteri;Mugiliformes;Mugilidae;Mugil;Mugil curema;NA;NA;NA
JQ996493.1	Eukaryota;Chordata;Actinopteri;Mugiliformes;Mugilidae;Mugil;Mugil hospes;NA;NA;NA
KF374977.1	Eukaryota;Chordata;Actinopteri;Mugiliformes;Mugilidae;Mugil;Mugil hospes;NA;NA;NA
JQ996457.1	Eukaryota;Chordata;Actinopteri;Mugiliformes;Mugilidae;Mugil;Mugil incilis;NA;NA;NA
JQ996463.1	Eukaryota;Chordata;Actinopteri;Mugiliformes;Mugilidae;Mugil;Mugil incilis;NA;NA;NA
KF374978.1	Eukaryota;Chordata;Actinopteri;Mugiliformes;Mugilidae;Mugil;Mugil incilis;NA;NA;NA
JQ972921.1	Eukaryota;Chordata;Actinopteri;Mugiliformes;Mugilidae;Mugil;Mugil liza;NA;NA;NA
JQ972922.1	Eukaryota;Chordata;Actinopteri;Mugiliformes;Mugilidae;Mugil;Mugil liza;NA;NA;NA
JQ972924.1	Eukaryota;Chordata;Actinopteri;Mugiliformes;Mugilidae;Mugil;Mugil liza;NA;NA;NA
JQ996423.1	Eukaryota;Chordata;Actinopteri;Mugiliformes;Mugilidae;Mugil;Mugil liza;NA;NA;NA
EU715428.1	Eukaryota;Chordata;Actinopteri;Mugiliformes;Mugilidae;Mugil;Mugil platanus;NA;NA;NA
EU715430.1	Eukaryota;Chordata;Actinopteri;Mugiliformes;Mugilidae;Mugil;Mugil platanus;NA;NA;NA
EU715432.1	Eukaryota;Chordata;Actinopteri;Mugiliformes;Mugilidae;Mugil;Mugil platanus;NA;NA;NA
EU715434.1	Eukaryota;Chordata;Actinopteri;Mugiliformes;Mugilidae;Mugil;Mugil platanus;NA;NA;NA
EU715440.1	Eukaryota;Chordata;Actinopteri;Mugiliformes;Mugilidae;Mugil;Mugil platanus;NA;NA;NA
JQ996485.1	Eukaryota;Chordata;Actinopteri;Mugiliformes;Mugilidae;Mugil;Mugil rubrioculus;NA;NA;NA
JQ996492.1	Eukaryota;Chordata;Actinopteri;Mugiliformes;Mugilidae;Mugil;Mugil rubrioculus;NA;NA;NA
JQ996484.1	Eukaryota;Chordata;Actinopteri;Mugiliformes;Mugilidae;Mugil;Mugil sp. LBP6128 29540;NA;NA;NA
KF374983.1	Eukaryota;Chordata;Actinopteri;Mugiliformes;Mugilidae;Mugil;Mugil thoburni;NA;NA;NA
JQ996455.1	Eukaryota;Chordata;Actinopteri;Mugiliformes;Mugilidae;Mugil;Mugil trichodon;NA;NA;NA
KF374982.1	Eukaryota;Chordata;Actinopteri;Mugiliformes;Mugilidae;Mugil;Mugil trichodon;NA;NA;NA
MH248237.1	Eukaryota;Chordata;Actinopteri;Syngnathiformes;Mullidae;Mulloidichthys;Mulloidichthys flavolineatus;NA;NA;NA
NC_024188.1	Eukaryota;Chordata;Actinopteri;Syngnathiformes;Mullidae;Mulloidichthys;Mulloidichthys vanicolensis;NA;NA;NA
MH377816.1	Eukaryota;Chordata;Actinopteri;Syngnathiformes;Mullidae;Mullus;Mullus auratus;NA;NA;NA
NC_052759.1	Eukaryota;Chordata;Actinopteri;Syngnathiformes;Mullidae;Mullus;Mullus surmuletus;NA;NA;NA
EU921681.1	Eukaryota;Chordata;Actinopteri;Anguilliformes;Muraenidae;Muraena;Muraena helena;NA;NA;NA
AF417318.1	Eukaryota;Chordata;Actinopteri;Anguilliformes;Muraenesocidae;Muraenesox;Muraenesox cinereus;NA;NA;NA
KF681795.1	Eukaryota;Chordata;Actinopteri;Anguilliformes;Muraenesocidae;Muraenesox;Muraenesox cinereus;NA;NA;NA
NC_057492.1	Eukaryota;Chordata;Actinopteri;Anguilliformes;Muraenesocidae;Muraenesox;Muraenesox cinereus;NA;NA;NA
MH377793.1	Eukaryota;Chordata;Chondrichthyes;Carcharhiniformes;Triakidae;Mustelus;Mustelus canis;NA;NA;NA
MH377794.1	Eukaryota;Chordata;Chondrichthyes;Carcharhiniformes;Triakidae;Mustelus;Mustelus canis;NA;NA;NA
PX070057.1	Eukaryota;Chordata;Chondrichthyes;Carcharhiniformes;Triakidae;Mustelus;Mustelus henlei;NA;NA;NA
AY949359.1	Eukaryota;Chordata;Actinopteri;Perciformes;Serranidae;Mycteroperca;Mycteroperca interstitialis;NA;NA;NA
AY949364.1	Eukaryota;Chordata;Actinopteri;Perciformes;Serranidae;Mycteroperca;Mycteroperca rubra;NA;NA;NA
PZ319365.1	Eukaryota;Chordata;Actinopteri;Perciformes;Serranidae;Mycteroperca;Mycteroperca tigris;NA;NA;NA
AY949419.1	Eukaryota;Chordata;Actinopteri;Perciformes;Serranidae;Mycteroperca;Mycteroperca venenosa;NA;NA;NA
PZ315211.1	Eukaryota;Chordata;Actinopteri;Perciformes;Serranidae;Mycteroperca;Mycteroperca venenosa;NA;NA;NA
AY949445.1	Eukaryota;Chordata;Actinopteri;Perciformes;Serranidae;Mycteroperca;Mycteroperca xenarcha;NA;NA;NA
KM364985.1	Eukaryota;Chordata;Chondrichthyes;Myliobatiformes;Myliobatidae;Myliobatis;Myliobatis californica;NA;NA;NA
MH377788.1	Eukaryota;Chordata;Chondrichthyes;Myliobatiformes;Myliobatidae;Myliobatis;Myliobatis freminvillei;NA;NA;NA
NC_013763.1	Eukaryota;Chordata;Actinopteri;Cypriniformes;Leuciscidae;Mylocheilus;Mylocheilus caurinus;NA;NA;NA
NC_011141.1	Eukaryota;Chordata;Actinopteri;Cypriniformes;Xenocyprididae;Mylopharyngodon;Mylopharyngodon piceus;NA;NA;NA
AF520669.1	Eukaryota;Chordata;Mammalia;Rodentia;Myocastoridae;Myocastor;Myocastor coypus;NA;NA;NA
NC_035866.1	Eukaryota;Chordata;Mammalia;Rodentia;Myocastoridae;Myocastor;Myocastor coypus;NA;NA;NA
KM057974.1	Eukaryota;Chordata;Actinopteri;Perciformes;Cottidae;Myoxocephalus;Myoxocephalus polyacanthocephalus;NA;NA;NA
LC578995.2	Eukaryota;Chordata;Actinopteri;Holocentriformes;Holocentridae;Myripristis;Myripristis amaena;NA;NA;NA
OP035109.1	Eukaryota;Chordata;Actinopteri;Holocentriformes;Holocentridae;Myripristis;Myripristis amaena;NA;NA;NA
NC_003189.1	Eukaryota;Chordata;Actinopteri;Holocentriformes;Holocentridae;Myripristis;Myripristis berndti;NA;NA;NA
PZ534485.1	Eukaryota;Chordata;Actinopteri;Siluriformes;Bagridae;Mystus;Mystus singaringan;NA;NA;NA
NC_032082.1	Eukaryota;Chordata;Actinopteri;Siluriformes;Bagridae;Mystus;Mystus vittatus;NA;NA;NA
MT103916.1	Eukaryota;Chordata;Actinopteri;Pleuronectiformes;Pleuronectidae;Myzopsetta;Myzopsetta ferruginea;NA;NA;NA
NC_082770.1	Eukaryota;Chordata;Actinopteri;Pleuronectiformes;Pleuronectidae;Myzopsetta;Myzopsetta proboscidea;NA;NA;NA
AP006809.1	Eukaryota;Chordata;Actinopteri;Anabantiformes;Nandidae;Nandus;Nandus nandus;NA;NA;NA
PZ646064.1	Eukaryota;Chordata;Chondrichthyes;Torpediniformes;Narcinidae;Narcine;Narcine brasiliensis;NA;NA;NA
LC278265.2	Eukaryota;Chordata;Actinopteri;Acanthuriformes;Acanthuridae;Naso;Naso unicornis;NA;NA;NA
OQ476208.1	Eukaryota;Chordata;Chondrichthyes;Carcharhiniformes;Carcharhinidae;Negaprion;Negaprion brevirostris;NA;NA;NA
NC_088014.1	Eukaryota;Chordata;Actinopteri;Centrarchiformes;Cheilodactylidae;Nemadactylus;Nemadactylus bergi;NA;NA;NA
PX683764.1	Eukaryota;Chordata;Actinopteri;Siluriformes;Ariidae;Nemapteryx;Nemapteryx armiger;NA;NA;NA
LC920417.1	Eukaryota;Chordata;Actinopteri;Clupeiformes;Clupeidae;Nematalosa;Nematalosa come;NA;NA;NA
NC_021447.1	Eukaryota;Chordata;Actinopteri;Clupeiformes;Clupeidae;Nematalosa;Nematalosa come;NA;NA;NA
NC_043853.1	Eukaryota;Chordata;Actinopteri;Clupeiformes;Clupeidae;Nematalosa;Nematalosa erebi;NA;NA;NA
NC_009586.1	Eukaryota;Chordata;Actinopteri;Clupeiformes;Clupeidae;Nematalosa;Nematalosa japonica;NA;NA;NA
NC_023824.1	Eukaryota;Chordata;Actinopteri;Clupeiformes;Clupeidae;Nematalosa;Nematalosa nasus;NA;NA;NA
FJ374786.1	Eukaryota;Chordata;Actinopteri;Carangiformes;Nematistiidae;Nematistius;Nematistius pectoralis;NA;NA;NA
MH248251.1	Eukaryota;Chordata;Actinopteri;Spariformes;Nemipteridae;Nemipterus;Nemipterus bipunctatus;NA;NA;NA
LC549804.1	Eukaryota;Chordata;Actinopteri;Spariformes;Nemipteridae;Nemipterus;Nemipterus furcosus;NA;NA;NA
NC_049150.1	Eukaryota;Chordata;Actinopteri;Spariformes;Nemipteridae;Nemipterus;Nemipterus hexodon;NA;NA;NA
NC_023972.1	Eukaryota;Chordata;Actinopteri;Spariformes;Nemipteridae;Nemipterus;Nemipterus japonicus;NA;NA;NA
PX430201.1	Eukaryota;Chordata;Actinopteri;Spariformes;Nemipteridae;Nemipterus;Nemipterus japonicus;NA;NA;NA
PX734692.1	Eukaryota;Chordata;Actinopteri;Siluriformes;Ariidae;Neoarius;Neoarius graeffei;NA;NA;NA
KF374987.1	Eukaryota;Chordata;Actinopteri;Mugiliformes;Mugilidae;Neochelon;Neochelon falcipinnis;NA;NA;NA
MW856835.1	Eukaryota;Chordata;Actinopteri;Gobiiformes;Gobiidae;Neogobius;Neogobius melanostomus;NA;NA;NA
NC_052757.1	Eukaryota;Chordata;Actinopteri;Gobiiformes;Gobiidae;Neogobius;Neogobius melanostomus;NA;NA;NA
AM181022.1	Eukaryota;Chordata;Mammalia;Carnivora;Phocidae;Neomonachus;Neomonachus schauinslandi;NA;NA;NA
MK397764.1	Eukaryota;Chordata;Mammalia;Carnivora;Phocidae;Neomonachus;Neomonachus tropicalis;NA;NA;NA
KF374988.1	Eukaryota;Chordata;Actinopteri;Mugiliformes;Mugilidae;Neomyxus;Neomyxus leuciscus;NA;NA;NA
BK071526.1	Eukaryota;Chordata;Mammalia;Artiodactyla;Phocoenidae;Neophocaena;Neophocaena asiaeorientalis;Neophocaena asiaeorientalis asiaeorientalis;NA;NA
OR353710.1	Eukaryota;Chordata;Mammalia;Artiodactyla;Phocoenidae;Neophocaena;Neophocaena phocaenoides;NA;NA;NA
PX734658.1	Eukaryota;Chordata;Actinopteri;Siluriformes;Plotosidae;Neosilurus;Neosilurus hyrtlii;NA;NA;NA
PX734672.1	Eukaryota;Chordata;Actinopteri;Siluriformes;Plotosidae;Neosilurus;Neosilurus hyrtlii;NA;NA;NA
PX734694.1	Eukaryota;Chordata;Actinopteri;Siluriformes;Plotosidae;Neosilurus;Neosilurus hyrtlii;NA;NA;NA
NC_022490.1	Eukaryota;Chordata;Actinopteri;Scombriformes;Gempylidae;Nesiarchus;Nesiarchus nasutus;NA;NA;NA
PV720033.1	Eukaryota;Chordata;Actinopteri;Scombriformes;Gempylidae;Nesiarchus;Nesiarchus nasutus;NA;NA;NA
PX683765.1	Eukaryota;Chordata;Actinopteri;Siluriformes;Ariidae;Netuma;Netuma bilineata;NA;NA;NA
KX929910.1	Eukaryota;Chordata;Actinopteri;Gadiformes;Macrouridae;Nezumia;Nezumia bairdii;NA;NA;NA
PZ284808.1	Eukaryota;Chordata;Actinopteri;Labriformes;Labridae;Nicholsina;Nicholsina usta;NA;NA;NA
AP002975.2	Eukaryota;Chordata;Actinopteri;Notacanthiformes;Notacanthidae;Notacanthus;Notacanthus chemnitzii;NA;NA;NA
AF027986.2	Eukaryota;Chordata;Mammalia;Diprotodontia;Macropodidae;Notamacropus;Notamacropus agilis;NA;NA;NA
AP008925.1	Eukaryota;Chordata;Actinopteri;Osteoglossiformes;Notopteridae;Notopterus;Notopterus notopterus;NA;NA;NA
NC_012713.1	Eukaryota;Chordata;Actinopteri;Osteoglossiformes;Notopteridae;Notopterus;Notopterus notopterus;NA;NA;NA
OR459993.1	Eukaryota;Chordata;Actinopteri;Osteoglossiformes;Notopteridae;Notopterus;Notopterus notopterus;NA;NA;NA
NC_022731.1	Eukaryota;Chordata;Chondrichthyes;Hexanchiformes;Hexanchidae;Notorynchus;Notorynchus cepedianus;NA;NA;NA
OP035070.2	Eukaryota;Chordata;Actinopteri;Labriformes;Labridae;Novaculichthys;Novaculichthys taeniourus;NA;NA;NA
PZ315406.1	Eukaryota;Chordata;Actinopteri;Labriformes;Labridae;Novaculoides;Novaculoides macrolepidotus;NA;NA;NA
KP218504.1	Eukaryota;Chordata;Aves;Galliformes;Numididae;Numida;Numida meleagris;NA;NA;NA
NC_034374.1	Eukaryota;Chordata;Aves;Galliformes;Numididae;Numida;Numida meleagris;NA;NA;NA
PX416669.1	Eukaryota;Chordata;Actinopteri;Siluriformes;Trichomycteridae;Ochmacanthus;Ochmacanthus reinhardtii;NA;NA;NA
PX416670.1	Eukaryota;Chordata;Actinopteri;Siluriformes;Trichomycteridae;Ochmacanthus;Ochmacanthus sp.;NA;NA;NA
PX416671.1	Eukaryota;Chordata;Actinopteri;Siluriformes;Trichomycteridae;Ochmacanthus;Ochmacanthus sp. clenoni;NA;NA;NA
EF373300.1	Eukaryota;Chordata;Aves;Columbiformes;Columbidae;Ocyphaps;Ocyphaps lophotes;NA;NA;NA
NC_088015.1	Eukaryota;Chordata;Actinopteri;Lutjaniformes;Lutjanidae;Ocyurus;Ocyurus chrysurus;NA;NA;NA
OP035100.1	Eukaryota;Chordata;Actinopteri;Lutjaniformes;Lutjanidae;Ocyurus;Ocyurus chrysurus;NA;NA;NA
AY279661.1	Eukaryota;Chordata;Actinopteri;Labriformes;Odacidae;Odax;Odax pullus;NA;NA;NA
NC_016678.1	Eukaryota;Chordata;Actinopteri;Clupeiformes;Clupeidae;Odaxothrissa;Odaxothrissa losera;NA;NA;NA
GU174604.1	Eukaryota;Chordata;Mammalia;Carnivora;Odobenidae;Odobenus;Odobenus rosmarus;NA;NA;NA
BK068458.1	Eukaryota;Chordata;Mammalia;Artiodactyla;Cervidae;Odocoileus;Odocoileus virginianus;NA;NA;NA
JN632672.1	Eukaryota;Chordata;Mammalia;Artiodactyla;Cervidae;Odocoileus;Odocoileus virginianus;NA;NA;NA
JN632673.1	Eukaryota;Chordata;Mammalia;Artiodactyla;Cervidae;Odocoileus;Odocoileus virginianus;NA;NA;NA
KM612274.1	Eukaryota;Chordata;Mammalia;Artiodactyla;Cervidae;Odocoileus;Odocoileus virginianus;NA;NA;NA
PZ311034.1	Eukaryota;Chordata;Actinopteri;NA;Sciaenidae;Odontoscion;Odontoscion dentex;NA;NA;NA
PZ311035.1	Eukaryota;Chordata;Actinopteri;NA;Sciaenidae;Odontoscion;Odontoscion dentex;NA;NA;NA
KT600958.1	Eukaryota;Chordata;Actinopteri;Tetraodontiformes;Balistidae;Odonus;Odonus niger;NA;NA;NA
NC_011938.1	Eukaryota;Chordata;Actinopteri;Tetraodontiformes;Balistidae;Odonus;Odonus niger;NA;NA;NA
JF911712.1	Eukaryota;Chordata;Actinopteri;Mugiliformes;Mugilidae;Oedalechilus;Oedalechilus labeo;NA;NA;NA
KF375008.1	Eukaryota;Chordata;Actinopteri;Mugiliformes;Mugilidae;Oedalechilus;Oedalechilus labiosus;NA;NA;NA
KP018402.1	Eukaryota;Chordata;Actinopteri;Mugiliformes;Mugilidae;Oedalechilus;Oedalechilus labiosus;NA;NA;NA
PZ574260.1	Eukaryota;Chordata;Chondrichthyes;Rajiformes;Rajidae;Okamejei;Okamejei cairae;NA;NA;NA
PZ091388.1	Eukaryota;Chordata;Chondrichthyes;Rajiformes;Rajidae;Okamejei;Okamejei hollandi;NA;NA;NA
AP011936.1	Eukaryota;Chordata;Actinopteri;Tetraodontiformes;Tetraodontidae;Omegophora;Omegophora armilla;NA;NA;NA
AY377287.1	Eukaryota;Chordata;Mammalia;Carnivora;Phocidae;Ommatophoca;Ommatophoca rossii;NA;NA;NA
NC_042212.1	Eukaryota;Chordata;Actinopteri;Siluriformes;Siluridae;Ompok;Ompok pabda;NA;NA;NA
PZ747792.1	Eukaryota;Chordata;Actinopteri;Salmoniformes;Salmonidae;Oncorhynchus;Oncorhynchus clarkii;NA;NA;NA
PZ747837.1	Eukaryota;Chordata;Actinopteri;Salmoniformes;Salmonidae;Oncorhynchus;Oncorhynchus clarkii;NA;NA;NA
PZ747848.1	Eukaryota;Chordata;Actinopteri;Salmoniformes;Salmonidae;Oncorhynchus;Oncorhynchus clarkii;NA;NA;NA
NC_006897.1	Eukaryota;Chordata;Actinopteri;Salmoniformes;Salmonidae;Oncorhynchus;Oncorhynchus clarkii;Oncorhynchus clarkii henshawi;NA;NA
NC_056957.1	Eukaryota;Chordata;Actinopteri;Salmoniformes;Salmonidae;Oncorhynchus;Oncorhynchus gilae;NA;NA;NA
OL339394.1	Eukaryota;Chordata;Actinopteri;Salmoniformes;Salmonidae;Oncorhynchus;Oncorhynchus keta;NA;NA;NA
NC_009263.1	Eukaryota;Chordata;Actinopteri;Salmoniformes;Salmonidae;Oncorhynchus;Oncorhynchus kisutch;NA;NA;NA
OL477728.1	Eukaryota;Chordata;Actinopteri;Salmoniformes;Salmonidae;Oncorhynchus;Oncorhynchus kisutch;NA;NA;NA
DQ288268.1	Eukaryota;Chordata;Actinopteri;Salmoniformes;Salmonidae;Oncorhynchus;Oncorhynchus mykiss;NA;NA;NA
KP085590.1	Eukaryota;Chordata;Actinopteri;Salmoniformes;Salmonidae;Oncorhynchus;Oncorhynchus mykiss;NA;NA;NA
MF621750.1	Eukaryota;Chordata;Actinopteri;Salmoniformes;Salmonidae;Oncorhynchus;Oncorhynchus mykiss;NA;NA;NA
OK623679.1	Eukaryota;Chordata;Actinopteri;Salmoniformes;Salmonidae;Oncorhynchus;Oncorhynchus mykiss;Oncorhynchus mykiss newberrii;NA;NA
NC_008615.1	Eukaryota;Chordata;Actinopteri;Salmoniformes;Salmonidae;Oncorhynchus;Oncorhynchus nerka;NA;NA;NA
HQ167665.1	Eukaryota;Chordata;Actinopteri;Salmoniformes;Salmonidae;Oncorhynchus;Oncorhynchus tshawytscha;NA;NA;NA
NC_026887.1	Eukaryota;Chordata;Actinopteri;Perciformes;Hexagrammidae;Ophiodon;Ophiodon elongatus;NA;NA;NA
NC_082745.1	Eukaryota;Chordata;Actinopteri;Clupeiformes;Clupeidae;Opisthonema;Opisthonema oglinum;NA;NA;NA
MH325589.1	Eukaryota;Chordata;Actinopteri;Clupeiformes;Pristigasteridae;Opisthopterus;Opisthopterus tardoore;NA;NA;NA
NC_035062.1	Eukaryota;Chordata;Actinopteri;Clupeiformes;Pristigasteridae;Opisthopterus;Opisthopterus tardoore;NA;NA;NA
OQ888791.1	Eukaryota;Chordata;Actinopteri;Batrachoidiformes;Batrachoididae;Opsanus;Opsanus beta;NA;NA;NA
AF149991.1	Eukaryota;Chordata;Actinopteri;Batrachoidiformes;Batrachoididae;Opsanus;Opsanus tau;NA;NA;NA
MZ351450.1	Eukaryota;Chordata;Mammalia;Artiodactyla;Delphinidae;Orcaella;Orcaella brevirostris;NA;NA;NA
MZ351455.1	Eukaryota;Chordata;Mammalia;Artiodactyla;Delphinidae;Orcaella;Orcaella brevirostris;NA;NA;NA
JF339977.1	Eukaryota;Chordata;Mammalia;Artiodactyla;Delphinidae;Orcaella;Orcaella heinsohni;NA;NA;NA
LC868004.1	Eukaryota;Chordata;Mammalia;Artiodactyla;Delphinidae;Orcinus;Orcinus orca;NA;NA;NA
NC_007231.1	Eukaryota;Chordata;Actinopteri;Cichliformes;Cichlidae;Oreochromis;Oreochromis mossambicus;NA;NA;NA
GU238433.1	Eukaryota;Chordata;Actinopteri;Cichliformes;Cichlidae;Oreochromis;Oreochromis niloticus;NA;NA;NA
LC776886.1	Eukaryota;Chordata;Actinopteri;Cichliformes;Cichlidae;Oreochromis;Oreochromis niloticus;NA;NA;NA
MN255618.1	Eukaryota;Chordata;Actinopteri;Cichliformes;Cichlidae;Oreochromis;Oreochromis niloticus;NA;NA;NA
OP035157.1	Eukaryota;Chordata;Actinopteri;Lutjaniformes;Haemulidae;Orthopristis;Orthopristis chrysoptera;NA;NA;NA
FM164772.1	Eukaryota;Chordata;Mammalia;Lagomorpha;Leporidae;Oryctolagus;Oryctolagus cuniculus;NA;NA;NA
NC_001913.1	Eukaryota;Chordata;Mammalia;Lagomorpha;Leporidae;Oryctolagus;Oryctolagus cuniculus;NA;NA;NA
NC_052758.1	Eukaryota;Chordata;Actinopteri;Osmeriformes;Osmeridae;Osmerus;Osmerus eperlanus;NA;NA;NA
NC_015246.1	Eukaryota;Chordata;Actinopteri;Osmeriformes;Osmeridae;Osmerus;Osmerus mordax;NA;NA;NA
MH370836.1	Eukaryota;Chordata;Actinopteri;Osmeriformes;Osmeridae;Osmerus;Osmerus mordax;Osmerus mordax dentex;NA;NA
AY245608.1	Eukaryota;Chordata;Mammalia;Diprotodontia;Macropodidae;Osphranter;Osphranter robustus;NA;NA;NA
KY996506.1	Eukaryota;Chordata;Mammalia;Diprotodontia;Macropodidae;Osphranter;Osphranter robustus;NA;NA;NA
AF027985.2	Eukaryota;Chordata;Mammalia;Diprotodontia;Macropodidae;Osphranter;Osphranter rufus;NA;NA;NA
NC_031363.1	Eukaryota;Chordata;Actinopteri;Anabantiformes;Osphronemidae;Osphronemus;Osphronemus goramy;NA;NA;NA
PX415843.1	Eukaryota;Chordata;Actinopteri;Siluriformes;Callichthyidae;Osteogaster;Osteogaster aff. aeneus;NA;NA;NA
PX415844.1	Eukaryota;Chordata;Actinopteri;Siluriformes;Callichthyidae;Osteogaster;Osteogaster aff. aeneus;NA;NA;NA
AF417343.1	Eukaryota;Chordata;Actinopteri;Osteoglossiformes;Osteoglossidae;Osteoglossum;Osteoglossum bicirrhosum;NA;NA;NA
NC_003095.1	Eukaryota;Chordata;Actinopteri;Osteoglossiformes;Osteoglossidae;Osteoglossum;Osteoglossum bicirrhosum;NA;NA;NA
KF374991.1	Eukaryota;Chordata;Actinopteri;Mugiliformes;Mugilidae;Osteomugil;Osteomugil engeli;NA;NA;NA
LC720142.1	Eukaryota;Chordata;Actinopteri;Mugiliformes;Mugilidae;Osteomugil;Osteomugil engeli;NA;NA;NA
KF374994.1	Eukaryota;Chordata;Actinopteri;Mugiliformes;Mugilidae;Osteomugil;Osteomugil robustus;NA;NA;NA
KF374995.1	Eukaryota;Chordata;Actinopteri;Mugiliformes;Mugilidae;Osteomugil;Osteomugil speigleri;NA;NA;NA
OP035246.1	Eukaryota;Chordata;Actinopteri;Tetraodontiformes;Ostraciidae;Ostracion;Ostracion meleagris;NA;NA;NA
PX416672.1	Eukaryota;Chordata;Actinopteri;Siluriformes;Loricariidae;Otocinclus;Otocinclus cf. mariae;NA;NA;NA
PX416673.1	Eukaryota;Chordata;Actinopteri;Siluriformes;Loricariidae;Otocinclus;Otocinclus cf. mariae;NA;NA;NA
NC_033909.1	Eukaryota;Chordata;Actinopteri;NA;Sciaenidae;Otolithes;Otolithes ruber;NA;NA;NA
LC649167.1	Eukaryota;Chordata;Mammalia;Artiodactyla;Bovidae;Ovis;Ovis aries;NA;NA;NA
LC902909.1	Eukaryota;Chordata;Mammalia;Artiodactyla;Bovidae;Ovis;Ovis aries;NA;NA;NA
MK381456.1	Eukaryota;Chordata;Mammalia;Artiodactyla;Bovidae;Ovis;Ovis aries;NA;NA;NA
MT768212.1	Eukaryota;Chordata;Mammalia;Artiodactyla;Bovidae;Ovis;Ovis aries;NA;NA;NA
MW200986.1	Eukaryota;Chordata;Mammalia;Artiodactyla;Bovidae;Ovis;Ovis aries;NA;NA;NA
NC_001941.1	Eukaryota;Chordata;Mammalia;Artiodactyla;Bovidae;Ovis;Ovis aries;NA;NA;NA
OR459725.1	Eukaryota;Chordata;Mammalia;Artiodactyla;Bovidae;Ovis;Ovis aries;NA;NA;NA
PZ319383.1	Eukaryota;Chordata;Actinopteri;Labriformes;Labridae;Oxycheilinus;Oxycheilinus arenatus;NA;NA;NA
OR575615.1	Eukaryota;Chordata;Actinopteri;Labriformes;Labridae;Oxycheilinus;Oxycheilinus bimaculatus;NA;NA;NA
PZ244821.1	Eukaryota;Chordata;Actinopteri;Labriformes;Labridae;Oxycheilinus;Oxycheilinus celebicus;NA;NA;NA
KY815321.1	Eukaryota;Chordata;Actinopteri;Labriformes;Labridae;Oxycheilinus;Oxycheilinus orientalis;NA;NA;NA
MN399858.1	Eukaryota;Chordata;Actinopteri;Labriformes;Labridae;Oxycheilinus;Oxycheilinus unifasciatus;NA;NA;NA
OP035312.1	Eukaryota;Chordata;Actinopteri;Labriformes;Labridae;Oxycheilinus;Oxycheilinus unifasciatus;NA;NA;NA
LC715466.1	Eukaryota;Chordata;Actinopteri;Beloniformes;Hemiramphidae;Oxyporhamphus;Oxyporhamphus micropterus;Oxyporhamphus micropterus micropterus;NA;NA
NC_088427.1	Eukaryota;Chordata;Actinopteri;Spariformes;Sparidae;Pagrus;Pagrus auratus;NA;NA;NA
NC_003196.1	Eukaryota;Chordata;Actinopteri;Spariformes;Sparidae;Pagrus;Pagrus major;NA;NA;NA
NC_072936.1	Eukaryota;Chordata;Actinopteri;Spariformes;Sparidae;Pagrus;Pagrus pagrus;NA;NA;NA
NC_080231.1	Eukaryota;Chordata;Actinopteri;NA;Sciaenidae;Pama;Pama pama;NA;NA;NA
NC_080231.1_1	Eukaryota;Chordata;Actinopteri;NA;Sciaenidae;Pama;Pama pama;NA;NA;NA
KJ569773.1	Eukaryota;Chordata;Actinopteri;Scombriformes;Stromateidae;Pampus;Pampus argenteus;NA;NA;NA
NC_024044.1	Eukaryota;Chordata;Actinopteri;Scombriformes;Stromateidae;Pampus;Pampus chinensis;NA;NA;NA
OR538383.1	Eukaryota;Chordata;Actinopteri;Scombriformes;Stromateidae;Pampus;Pampus cinereus;NA;NA;NA
KP256005.1	Eukaryota;Chordata;Actinopteri;Scombriformes;Stromateidae;Pampus;Pampus minor;NA;NA;NA
AP012516.1	Eukaryota;Chordata;Actinopteri;Scombriformes;Stromateidae;Pampus;Pampus punctatissimus;NA;NA;NA
EU357803.1	Eukaryota;Chordata;Actinopteri;Scombriformes;Stromateidae;Pampus;Pampus sp. LY-2009;NA;NA;NA
KM288588.1	Eukaryota;Chordata;Actinopteri;Scombriformes;Stromateidae;Pampus;Pampus sp. Li et al., 2014;NA;NA;NA
AY762971.1	Eukaryota;Chordata;Actinopteri;Siluriformes;Pangasiidae;Pangasianodon;Pangasianodon gigas;NA;NA;NA
AY762971.1_1	Eukaryota;Chordata;Actinopteri;Siluriformes;Pangasiidae;Pangasianodon;Pangasianodon gigas;NA;NA;NA
CM018571.1	Eukaryota;Chordata;Actinopteri;Siluriformes;Pangasiidae;Pangasianodon;Pangasianodon hypophthalmus;NA;NA;NA
MZ286355.1	Eukaryota;Chordata;Actinopteri;Siluriformes;Pangasiidae;Pangasianodon;Pangasianodon hypophthalmus;NA;NA;NA
NC_021752.1	Eukaryota;Chordata;Actinopteri;Siluriformes;Pangasiidae;Pangasianodon;Pangasianodon hypophthalmus;NA;NA;NA
OP236030.1	Eukaryota;Chordata;Actinopteri;Siluriformes;Pangasiidae;Pangasius;Pangasius nasutus;NA;NA;NA
KX950698.1	Eukaryota;Chordata;Actinopteri;Siluriformes;Pangasiidae;Pangasius;Pangasius pangasius;NA;NA;NA
NC_023924.1	Eukaryota;Chordata;Actinopteri;Siluriformes;Pangasiidae;Pangasius;Pangasius pangasius;NA;NA;NA
NC_057256.1	Eukaryota;Chordata;Actinopteri;Siluriformes;Pangasiidae;Pangasius;Pangasius sanitwongsei;NA;NA;NA
PZ347686.1	Eukaryota;Chordata;Actinopteri;Siluriformes;Pangasiidae;Pangasius;Pangasius sp.;NA;NA;NA
PZ347687.1	Eukaryota;Chordata;Actinopteri;Siluriformes;Pangasiidae;Pangasius;Pangasius sp.;NA;NA;NA
OL878384.1	Eukaryota;Chordata;Actinopteri;Cypriniformes;Catostomidae;Pantosteus;Pantosteus columbianus;NA;NA;NA
AP011925.1	Eukaryota;Chordata;Actinopteri;Tetraodontiformes;Tetraodontidae;Pao;Pao cochinchinensis;NA;NA;NA
KF667490.1	Eukaryota;Chordata;Actinopteri;Tetraodontiformes;Tetraodontidae;Pao;Pao leiurus;NA;NA;NA
KT600982.1	Eukaryota;Chordata;Actinopteri;Tetraodontiformes;Tetraodontidae;Pao;Pao palembangensis;NA;NA;NA
NC_015355.1	Eukaryota;Chordata;Actinopteri;Tetraodontiformes;Tetraodontidae;Pao;Pao palembangensis;NA;NA;NA
LC586271.1	Eukaryota;Chordata;Actinopteri;Tetraodontiformes;Tetraodontidae;Pao;Pao suvattii;NA;NA;NA
LC841871.1	Eukaryota;Chordata;Actinopteri;Lutjaniformes;Lutjanidae;Paracaesio;Paracaesio caerulea;NA;NA;NA
LC146073.2	Eukaryota;Chordata;Actinopteri;Lutjaniformes;Lutjanidae;Paracaesio;Paracaesio xanthurus;NA;NA;NA
AP006042.1	Eukaryota;Chordata;Actinopteri;Anabantiformes;Channidae;Parachanna;Parachanna insignis;NA;NA;NA
PZ253515.1	Eukaryota;Chordata;Actinopteri;Labriformes;Labridae;Paracheilinus;Paracheilinus carpenteri;NA;NA;NA
KF374997.1	Eukaryota;Chordata;Actinopteri;Mugiliformes;Mugilidae;Parachelon;Parachelon grandisquamis;NA;NA;NA
PQ628792.1	Eukaryota;Chordata;Actinopteri;Mugiliformes;Mugilidae;Parachelon;Parachelon grandisquamis;NA;NA;NA
OR582666.1	Eukaryota;Chordata;Actinopteri;Anguilliformes;Congridae;Paraconger;Paraconger caudilimbatus;NA;NA;NA
LC672451.1	Eukaryota;Chordata;Actinopteri;Labriformes;Labridae;Parajulis;Parajulis poecilepterus;NA;NA;NA
AY072665.1	Eukaryota;Chordata;Actinopteri;Perciformes;Serranidae;Paralabrax;Paralabrax callaensis;NA;NA;NA
AY072654.1	Eukaryota;Chordata;Actinopteri;Perciformes;Serranidae;Paralabrax;Paralabrax maculatofasciatus;NA;NA;NA
AY313986.1	Eukaryota;Chordata;Actinopteri;Perciformes;Serranidae;Paralabrax;Paralabrax nebulifer;NA;NA;NA
AF316021.1	Eukaryota;Chordata;Actinopteri;Pleuronectiformes;Paralichthyidae;Paralichthys;Paralichthys albigutta;NA;NA;NA
NC_083031.1	Eukaryota;Chordata;Actinopteri;Pleuronectiformes;Paralichthyidae;Paralichthys;Paralichthys albigutta;NA;NA;NA
MT859134.1	Eukaryota;Chordata;Actinopteri;Pleuronectiformes;Paralichthyidae;Paralichthys;Paralichthys californicus;NA;NA;NA
NC_029476.1	Eukaryota;Chordata;Actinopteri;Pleuronectiformes;Paralichthyidae;Paralichthys;Paralichthys dentatus;NA;NA;NA
NC_029223.1	Eukaryota;Chordata;Actinopteri;Pleuronectiformes;Paralichthyidae;Paralichthys;Paralichthys lethostigma;NA;NA;NA
NC_002386.1	Eukaryota;Chordata;Actinopteri;Pleuronectiformes;Paralichthyidae;Paralichthys;Paralichthys olivaceus;NA;NA;NA
AF316027.1	Eukaryota;Chordata;Actinopteri;Pleuronectiformes;Paralichthyidae;Paralichthys;Paralichthys squamilentus;NA;NA;NA
PX416680.1	Eukaryota;Chordata;Actinopteri;Siluriformes;Loricariidae;Paralithoxus;Paralithoxus aff. planquettei;NA;NA;NA
PX416682.1	Eukaryota;Chordata;Actinopteri;Siluriformes;Loricariidae;Paralithoxus;Paralithoxus aff. planquettei;NA;NA;NA
PX416689.1	Eukaryota;Chordata;Actinopteri;Siluriformes;Loricariidae;Paralithoxus;Paralithoxus boujardi;NA;NA;NA
PX416690.1	Eukaryota;Chordata;Actinopteri;Siluriformes;Loricariidae;Paralithoxus;Paralithoxus planquettei;NA;NA;NA
AY949351.1	Eukaryota;Chordata;Actinopteri;Perciformes;Serranidae;Paranthias;Paranthias colonus;NA;NA;NA
NC_023227.1	Eukaryota;Chordata;Actinopteri;Pleuronectiformes;Cynoglossidae;Paraplagusia;Paraplagusia bilineata;NA;NA;NA
KJ192332.1	Eukaryota;Chordata;Actinopteri;Carangiformes;Carangidae;Parastromateus;Parastromateus niger;NA;NA;NA
AP006044.1	Eukaryota;Chordata;Actinopteri;Pleuronectiformes;Soleidae;Pardachirus;Pardachirus pavoninus;NA;NA;NA
OP056936.1	Eukaryota;Chordata;Actinopteri;NA;Sciaenidae;Pareques;Pareques umbrosus;NA;NA;NA
NC_036719.1	Eukaryota;Chordata;Actinopteri;Beloniformes;Exocoetidae;Parexocoetus;Parexocoetus brachypterus;NA;NA;NA
PX416698.1	Eukaryota;Chordata;Actinopteri;Siluriformes;Loricariidae;Parotocinclus;Parotocinclus cf. britskii;NA;NA;NA
LC579948.1	Eukaryota;Chordata;Actinopteri;Syngnathiformes;Mullidae;Parupeneus;Parupeneus ciliatus;NA;NA;NA
OP718221.1	Eukaryota;Chordata;Actinopteri;Syngnathiformes;Mullidae;Parupeneus;Parupeneus multifasciatus;NA;NA;NA
PX416699.1	Eukaryota;Chordata;Actinopteri;Siluriformes;Loricariidae;Peckoltia;Peckoltia capitulata;NA;NA;NA
PX416700.1	Eukaryota;Chordata;Actinopteri;Siluriformes;Loricariidae;Peckoltia;Peckoltia otali;NA;NA;NA
PX416701.1	Eukaryota;Chordata;Actinopteri;Siluriformes;Loricariidae;Peckoltia;Peckoltia simulata;NA;NA;NA
AB125234.1	Eukaryota;Chordata;Actinopteri;Pleuronectiformes;Soleidae;Pegusa;Pegusa lascaris;NA;NA;NA
AP011938.1	Eukaryota;Chordata;Actinopteri;Tetraodontiformes;Tetraodontidae;Pelagocephalus;Pelagocephalus marki;NA;NA;NA
NC_008663.1	Eukaryota;Chordata;Actinopteri;Cypriniformes;Leuciscidae;Pelecus;Pelecus cultratus;NA;NA;NA
AP011609.1	Eukaryota;Chordata;Actinopteri;Clupeiformes;Pristigasteridae;Pellona;Pellona ditchela;NA;NA;NA
NC_009591.1	Eukaryota;Chordata;Actinopteri;Clupeiformes;Clupeidae;Pellonula;Pellonula leonensis;NA;NA;NA
NC_009590.1	Eukaryota;Chordata;Actinopteri;Clupeiformes;Clupeidae;Pellonula;Pellonula vorax;NA;NA;NA
AY304497.1	Eukaryota;Chordata;NA;Testudines;Trionychidae;Pelodiscus;Pelodiscus sinensis;NA;NA;NA
AY743420.2	Eukaryota;Chordata;NA;Testudines;Trionychidae;Pelodiscus;Pelodiscus sinensis;NA;NA;NA
JQ688040.1	Eukaryota;Chordata;NA;Testudines;Trionychidae;Pelodiscus;Pelodiscus sinensis;NA;NA;NA
JQ688041.1	Eukaryota;Chordata;NA;Testudines;Trionychidae;Pelodiscus;Pelodiscus sinensis;NA;NA;NA
NC_026284.1	Eukaryota;Chordata;Actinopteri;Pleuronectiformes;Rhombosoleidae;Pelotretis;Pelotretis flavilatus;NA;NA;NA
NC_023448.1	Eukaryota;Chordata;Actinopteri;Pleuronectiformes;Rhombosoleidae;Peltorhamphus;Peltorhamphus novaezeelandiae;NA;NA;NA
MW408700.2	Eukaryota;Chordata;Actinopteri;NA;Sciaenidae;Pennahia;Pennahia aneus;NA;NA;NA
NC_015202.1	Eukaryota;Chordata;Actinopteri;NA;Sciaenidae;Pennahia;Pennahia argentata;NA;NA;NA
LC785476.1	Eukaryota;Chordata;Actinopteri;Acropomatiformes;Pentacerotidae;Pentaceros;Pentaceros wheeleri;NA;NA;NA
PV872034.1	Eukaryota;Chordata;Actinopteri;Spariformes;Nemipteridae;Pentapodus;Pentapodus caninus;NA;NA;NA
AP012947.1	Eukaryota;Chordata;Actinopteri;Scombriformes;Stromateidae;Peprilus;Peprilus burti;NA;NA;NA
OP056882.1	Eukaryota;Chordata;Actinopteri;Scombriformes;Stromateidae;Peprilus;Peprilus paru;NA;NA;NA
NC_022502.1	Eukaryota;Chordata;Actinopteri;Scombriformes;Stromateidae;Peprilus;Peprilus triacanthus;NA;NA;NA
NC_019572.1	Eukaryota;Chordata;Actinopteri;Perciformes;Percidae;Perca;Perca flavescens;NA;NA;NA
NC_082567.1	Eukaryota;Chordata;Actinopteri;Perciformes;Peristediidae;Peristedion;Peristedion miniatum;NA;NA;NA
AJ010817.1	Eukaryota;Chordata;Mammalia;Artiodactyla;Suidae;Phacochoerus;Phacochoerus africanus;NA;NA;NA
GQ338942.1	Eukaryota;Chordata;Mammalia;Artiodactyla;Suidae;Phacochoerus;Phacochoerus africanus;NA;NA;NA
NC_008830.1	Eukaryota;Chordata;Mammalia;Artiodactyla;Suidae;Phacochoerus;Phacochoerus africanus;NA;NA;NA
AY279572.1	Eukaryota;Chordata;Actinopteri;NA;Embiotocidae;Phanerodon;Phanerodon vacca;NA;NA;NA
EF027319.1	Eukaryota;Chordata;Aves;Galliformes;Phasianidae;Phasianus;Phasianus colchicus;NA;NA;NA
NC_015526.1	Eukaryota;Chordata;Aves;Galliformes;Phasianidae;Phasianus;Phasianus colchicus;NA;NA;NA
KU049722.1	Eukaryota;Chordata;Aves;Galliformes;Phasianidae;Phasianus;Phasianus colchicus;Phasianus colchicus alaschanicus;NA;NA
PX416719.1	Eukaryota;Chordata;Actinopteri;Siluriformes;Heptapteridae;Phenacorhamdia;Phenacorhamdia tenuis;NA;NA;NA
AM181030.1	Eukaryota;Chordata;Mammalia;Carnivora;Phocidae;Phoca;Phoca groenlandica;NA;NA;NA
GU174596.1	Eukaryota;Chordata;Mammalia;Carnivora;Phocidae;Phoca;Phoca groenlandica;NA;NA;NA
KP942567.1	Eukaryota;Chordata;Mammalia;Carnivora;Phocidae;Phoca;Phoca groenlandica;NA;NA;NA
KP942568.1	Eukaryota;Chordata;Mammalia;Carnivora;Phocidae;Phoca;Phoca groenlandica;NA;NA;NA
KP942571.1	Eukaryota;Chordata;Mammalia;Carnivora;Phocidae;Phoca;Phoca groenlandica;NA;NA;NA
KP942573.1	Eukaryota;Chordata;Mammalia;Carnivora;Phocidae;Phoca;Phoca groenlandica;NA;NA;NA
PQ827035.1	Eukaryota;Chordata;Mammalia;Carnivora;Phocidae;Phoca;Phoca groenlandica;NA;NA;NA
AM181032.1	Eukaryota;Chordata;Mammalia;Carnivora;Phocidae;Phoca;Phoca vitulina;NA;NA;NA
AM181019.1	Eukaryota;Chordata;Mammalia;Carnivora;Otariidae;Phocarctos;Phocarctos hookeri;NA;NA;NA
FJ215077.1	Eukaryota;Chordata;Actinopteri;Gadiformes;Phycidae;Phycis;Phycis chesteri;NA;NA;NA
NC_025315.2	Eukaryota;Chordata;Actinopteri;Characiformes;Serrasalmidae;Piaractus;Piaractus brachypomus;NA;NA;NA
PX416732.1	Eukaryota;Chordata;Actinopteri;Siluriformes;Pimelodidae;Pimelabditus;Pimelabditus moli;NA;NA;NA
PX416736.1	Eukaryota;Chordata;Actinopteri;Siluriformes;Heptapteridae;Pimelodella;Pimelodella aff. cristata;NA;NA;NA
PX416737.1	Eukaryota;Chordata;Actinopteri;Siluriformes;Heptapteridae;Pimelodella;Pimelodella aff. cristata;NA;NA;NA
PX416749.1	Eukaryota;Chordata;Actinopteri;Siluriformes;Heptapteridae;Pimelodella;Pimelodella aff. macturki;NA;NA;NA
PX416750.1	Eukaryota;Chordata;Actinopteri;Siluriformes;Heptapteridae;Pimelodella;Pimelodella cf. cristata;NA;NA;NA
PX416751.1	Eukaryota;Chordata;Actinopteri;Siluriformes;Heptapteridae;Pimelodella;Pimelodella cf. cristata;NA;NA;NA
PX416752.1	Eukaryota;Chordata;Actinopteri;Siluriformes;Heptapteridae;Pimelodella;Pimelodella cf. cristata;NA;NA;NA
PX416754.1	Eukaryota;Chordata;Actinopteri;Siluriformes;Heptapteridae;Pimelodella;Pimelodella cf. parnahybae;NA;NA;NA
PX416756.1	Eukaryota;Chordata;Actinopteri;Siluriformes;Heptapteridae;Pimelodella;Pimelodella geryi;NA;NA;NA
PX416759.1	Eukaryota;Chordata;Actinopteri;Siluriformes;Heptapteridae;Pimelodella;Pimelodella leptosoma;NA;NA;NA
PX416760.1	Eukaryota;Chordata;Actinopteri;Siluriformes;Heptapteridae;Pimelodella;Pimelodella megalops;NA;NA;NA
PX416761.1	Eukaryota;Chordata;Actinopteri;Siluriformes;Heptapteridae;Pimelodella;Pimelodella procera;NA;NA;NA
PX416764.1	Eukaryota;Chordata;Actinopteri;Siluriformes;Pimelodidae;Pimelodus;Pimelodus blochii;NA;NA;NA
PX416766.1	Eukaryota;Chordata;Actinopteri;Siluriformes;Pimelodidae;Pimelodus;Pimelodus ornatus;NA;NA;NA
PX416767.1	Eukaryota;Chordata;Actinopteri;Siluriformes;Pimelodidae;Pimelodus;Pimelodus ornatus;NA;NA;NA
JF898684.1	Eukaryota;Chordata;Actinopteri;Siluriformes;Pimelodidae;Pinirampus;Pinirampus pirinampu;NA;NA;NA
JF898685.1	Eukaryota;Chordata;Actinopteri;Siluriformes;Pimelodidae;Pinirampus;Pinirampus pirinampu;NA;NA;NA
AY484982.1	Eukaryota;Chordata;Actinopteri;Lutjaniformes;Lutjanidae;Pinjalo;Pinjalo pinjalo;NA;NA;NA
MH248191.1	Eukaryota;Chordata;Actinopteri;Lutjaniformes;Lutjanidae;Pinjalo;Pinjalo pinjalo;NA;NA;NA
NC_088582.1	Eukaryota;Chordata;Actinopteri;NA;Emmelichthyidae;Plagiogeneion;Plagiogeneion rubiginosum;NA;NA;NA
PX416773.1	Eukaryota;Chordata;Actinopteri;NA;Sciaenidae;Plagioscion;Plagioscion squamosissimus;NA;NA;NA
KF375004.1	Eukaryota;Chordata;Actinopteri;Mugiliformes;Mugilidae;Planiliza;Planiliza abu;NA;NA;NA
JF911709.1	Eukaryota;Chordata;Actinopteri;Mugiliformes;Mugilidae;Planiliza;Planiliza affinis;NA;NA;NA
KF375005.1	Eukaryota;Chordata;Actinopteri;Mugiliformes;Mugilidae;Planiliza;Planiliza alata;NA;NA;NA
KF375000.1	Eukaryota;Chordata;Actinopteri;Mugiliformes;Mugilidae;Planiliza;Planiliza macrolepis;NA;NA;NA
KF375007.1	Eukaryota;Chordata;Actinopteri;Mugiliformes;Mugilidae;Planiliza;Planiliza ordensis;NA;NA;NA
PZ593138.1	Eukaryota;Chordata;Actinopteri;Mugiliformes;Mugilidae;Planiliza;Planiliza sp.;NA;NA;NA
KF375002.1	Eukaryota;Chordata;Actinopteri;Mugiliformes;Mugilidae;Planiliza;Planiliza subviridis;NA;NA;NA
AJ554058.1	Eukaryota;Chordata;Mammalia;Artiodactyla;Platanistidae;Platanista;Platanista minor;NA;NA;NA
NC_010966.1	Eukaryota;Chordata;Actinopteri;Pleuronectiformes;Pleuronectidae;Platichthys;Platichthys stellatus;NA;NA;NA
PX416779.1	Eukaryota;Chordata;Actinopteri;Siluriformes;Doradidae;Platydoras;Platydoras costatus;NA;NA;NA
JF898665.1	Eukaryota;Chordata;Actinopteri;Siluriformes;Pimelodidae;Platynematichthys;Platynematichthys notatus;NA;NA;NA
PX416782.1	Eukaryota;Chordata;Actinopteri;Siluriformes;Aspredinidae;Platystacus;Platystacus cotylephorus;NA;NA;NA
LC600708.1	Eukaryota;Chordata;Actinopteri;Osmeriformes;Plecoglossidae;Plecoglossus;Plecoglossus altivelis;Plecoglossus altivelis ryukyuensis;NA;NA
NC_057650.1	Eukaryota;Chordata;Actinopteri;Lutjaniformes;Haemulidae;Plectorhinchus;Plectorhinchus chaetodonoides;NA;NA;NA
LC722532.1	Eukaryota;Chordata;Actinopteri;Lutjaniformes;Haemulidae;Plectorhinchus;Plectorhinchus gibbosus;NA;NA;NA
NC_025517.1	Eukaryota;Chordata;Actinopteri;Lutjaniformes;Haemulidae;Plectorhinchus;Plectorhinchus lineatus;NA;NA;NA
LC708245.1	Eukaryota;Chordata;Actinopteri;Lutjaniformes;Haemulidae;Plectorhinchus;Plectorhinchus vittatus;NA;NA;NA
NC_027098.1	Eukaryota;Chordata;Actinopteri;Lutjaniformes;Haemulidae;Plectorhinchus;Plectorhinchus vittatus;NA;NA;NA
KX298711.1	Eukaryota;Chordata;Actinopteri;Perciformes;Serranidae;Plectropomus;Plectropomus areolatus;NA;NA;NA
KX298713.1	Eukaryota;Chordata;Actinopteri;Perciformes;Serranidae;Plectropomus;Plectropomus areolatus;NA;NA;NA
NC_057260.1	Eukaryota;Chordata;Actinopteri;Perciformes;Serranidae;Plectropomus;Plectropomus laevis;NA;NA;NA
AY949352.1	Eukaryota;Chordata;Actinopteri;Perciformes;Serranidae;Plectropomus;Plectropomus leopardus;NA;NA;NA
NC_008449.1	Eukaryota;Chordata;Actinopteri;Perciformes;Serranidae;Plectropomus;Plectropomus leopardus;NA;NA;NA
PZ237795.1	Eukaryota;Chordata;Actinopteri;Perciformes;Serranidae;Plectropomus;Plectropomus oligacanthus;NA;NA;NA
NC_023475.1	Eukaryota;Chordata;Actinopteri;Perciformes;Hexagrammidae;Pleurogrammus;Pleurogrammus monopterygius;NA;NA;NA
AM931022.1	Eukaryota;Chordata;Actinopteri;Pleuronectiformes;Pleuronectidae;Pleuronectes;Pleuronectes platessa;NA;NA;NA
NC_083045.1	Eukaryota;Chordata;Actinopteri;Pleuronectiformes;Pleuronectidae;Pleuronichthys;Pleuronichthys coenosus;NA;NA;NA
AF488489.1	Eukaryota;Chordata;Actinopteri;Pleuronectiformes;Pleuronectidae;Pleuronichthys;Pleuronichthys verticalis;NA;NA;NA
PX430274.1	Eukaryota;Chordata;Actinopteri;Siluriformes;Plotosidae;Plotosus;Plotosus lineatus;NA;NA;NA
MT810460.1	Eukaryota;Chordata;Actinopteri;Perciformes;Serranidae;Pogonoperca;Pogonoperca punctata;NA;NA;NA
PV814573.1	Eukaryota;Chordata;Actinopteri;NA;Polynemidae;Polydactylus;Polydactylus approximans;NA;NA;NA
PQ675801.1	Eukaryota;Chordata;Actinopteri;NA;Polynemidae;Polydactylus;Polydactylus macrochir;NA;NA;NA
PV590089.1	Eukaryota;Chordata;Actinopteri;NA;Polynemidae;Polydactylus;Polydactylus octonemus;NA;NA;NA
PQ628796.1	Eukaryota;Chordata;Actinopteri;NA;Polynemidae;Polydactylus;Polydactylus quadrifilis;NA;NA;NA
OP035178.2	Eukaryota;Chordata;Actinopteri;NA;Polynemidae;Polydactylus;Polydactylus sexfilis;NA;NA;NA
NC_027088.1	Eukaryota;Chordata;Actinopteri;NA;Polynemidae;Polydactylus;Polydactylus sextarius;NA;NA;NA
OP035163.1	Eukaryota;Chordata;Actinopteri;Labriformes;Labridae;Polylepion;Polylepion russelli;NA;NA;NA
LC640035.1	Eukaryota;Chordata;Actinopteri;Polymixiiformes;Polymixiidae;Polymixia;Polymixia berndti;NA;NA;NA
PQ628767.1	Eukaryota;Chordata;Actinopteri;NA;Polynemidae;Polynemus;Polynemus decadactylus;NA;NA;NA
NC_026236.1	Eukaryota;Chordata;Actinopteri;NA;Polynemidae;Polynemus;Polynemus paradiseus;NA;NA;NA
AF125594.2	Eukaryota;Chordata;Actinopteri;Acipenseriformes;Polyodontidae;Polyodon;Polyodon spathula;NA;NA;NA
AY442349.1	Eukaryota;Chordata;Actinopteri;Acipenseriformes;Polyodontidae;Polyodon;Polyodon spathula;NA;NA;NA
AM931023.1	Eukaryota;Chordata;Actinopteri;Acropomatiformes;Polyprionidae;Polyprion;Polyprion americanus;NA;NA;NA
NC_088018.1	Eukaryota;Chordata;Actinopteri;Acropomatiformes;Polyprionidae;Polyprion;Polyprion americanus;NA;NA;NA
PZ220840.1	Eukaryota;Chordata;Actinopteri;Acropomatiformes;Polyprionidae;Polyprion;Polyprion oxygeneios;NA;NA;NA
NC_015339.1	Eukaryota;Chordata;Actinopteri;Tetraodontiformes;Tetraodontidae;Polyspina;Polyspina piosae;NA;NA;NA
EF616900.1	Eukaryota;Chordata;Actinopteri;NA;Pomacanthidae;Pomacanthus;Pomacanthus arcuatus;NA;NA;NA
PV454012.1	Eukaryota;Chordata;Actinopteri;NA;Pomacanthidae;Pomacanthus;Pomacanthus paru;NA;NA;NA
NC_057968.1	Eukaryota;Chordata;Actinopteri;Lutjaniformes;Haemulidae;Pomadasys;Pomadasys kaakan;NA;NA;NA
NC_022507.1	Eukaryota;Chordata;Actinopteri;Scombriformes;Pomatomidae;Pomatomus;Pomatomus saltator;NA;NA;NA
OR911369.1	Eukaryota;Chordata;Actinopteri;Scombriformes;Pomatomidae;Pomatomus;Pomatomus saltator;NA;NA;NA
OR551988.1	Eukaryota;Chordata;Actinopteri;Centrarchiformes;Centrarchidae;Pomoxis;Pomoxis annularis;NA;NA;NA
MH301081.1	Eukaryota;Chordata;Actinopteri;Centrarchiformes;Centrarchidae;Pomoxis;Pomoxis nigromaculatus;NA;NA;NA
NC_028298.1	Eukaryota;Chordata;Actinopteri;Centrarchiformes;Centrarchidae;Pomoxis;Pomoxis nigromaculatus;NA;NA;NA
OK235336.1	Eukaryota;Chordata;Actinopteri;Centrarchiformes;Centrarchidae;Pomoxis;Pomoxis nigromaculatus;NA;NA;NA
LC645306.1	Eukaryota;Chordata;Actinopteri;Perciformes;Scorpaenidae;Pontinus;Pontinus macrocephalus;NA;NA;NA
PX734660.1	Eukaryota;Chordata;Actinopteri;Siluriformes;Plotosidae;Porochilus;Porochilus obbesi;NA;NA;NA
NC_016698.1	Eukaryota;Chordata;Actinopteri;Clupeiformes;Clupeidae;Potamothrissa;Potamothrissa obtusirostris;NA;NA;NA
LC649119.1	Eukaryota;Chordata;Actinopteri;Priacanthiformes;Priacanthidae;Priacanthus;Priacanthus hamrur;NA;NA;NA
NC_029222.1	Eukaryota;Chordata;Actinopteri;Priacanthiformes;Priacanthidae;Priacanthus;Priacanthus macracanthus;NA;NA;NA
KX891352.1	Eukaryota;Chordata;Actinopteri;Priacanthiformes;Priacanthidae;Priacanthus;Priacanthus tayenus;NA;NA;NA
NC_029389.1	Eukaryota;Chordata;Actinopteri;Priacanthiformes;Priacanthidae;Priacanthus;Priacanthus tayenus;NA;NA;NA
NC_022819.1	Eukaryota;Chordata;Chondrichthyes;Carcharhiniformes;Carcharhinidae;Prionace;Prionace glauca;NA;NA;NA
NC_083037.1	Eukaryota;Chordata;Actinopteri;Perciformes;Triglidae;Prionotus;Prionotus carolinus;NA;NA;NA
PX070000.1	Eukaryota;Chordata;Actinopteri;Priacanthiformes;Priacanthidae;Pristigenys;Pristigenys alta;NA;NA;NA
LC771073.1	Eukaryota;Chordata;Actinopteri;Lutjaniformes;Lutjanidae;Pristipomoides;Pristipomoides amoenus;NA;NA;NA
PV862028.1	Eukaryota;Chordata;Actinopteri;Lutjaniformes;Lutjanidae;Pristipomoides;Pristipomoides aquilonaris;NA;NA;NA
PX070006.1	Eukaryota;Chordata;Actinopteri;Lutjaniformes;Lutjanidae;Pristipomoides;Pristipomoides aquilonaris;NA;NA;NA
AY484975.1	Eukaryota;Chordata;Actinopteri;Lutjaniformes;Lutjanidae;Pristipomoides;Pristipomoides filamentosus;NA;NA;NA
OP035201.1	Eukaryota;Chordata;Actinopteri;Lutjaniformes;Lutjanidae;Pristipomoides;Pristipomoides filamentosus;NA;NA;NA
PZ310927.1	Eukaryota;Chordata;Actinopteri;Lutjaniformes;Lutjanidae;Pristipomoides;Pristipomoides macrophthalmus;NA;NA;NA
PZ310928.1	Eukaryota;Chordata;Actinopteri;Lutjaniformes;Lutjanidae;Pristipomoides;Pristipomoides macrophthalmus;NA;NA;NA
NC_022177.1	Eukaryota;Chordata;Actinopteri;Lutjaniformes;Lutjanidae;Pristipomoides;Pristipomoides multidens;NA;NA;NA
LC830265.1	Eukaryota;Chordata;Actinopteri;Lutjaniformes;Lutjanidae;Pristipomoides;Pristipomoides sieboldii;NA;NA;NA
OP035125.1	Eukaryota;Chordata;Actinopteri;Lutjaniformes;Lutjanidae;Pristipomoides;Pristipomoides zonatus;NA;NA;NA
OQ581449.1	Eukaryota;Chordata;Actinopteri;Lutjaniformes;Lutjanidae;Pristipomoides;Pristipomoides zonatus;NA;NA;NA
PV170553.1	Eukaryota;Chordata;Actinopteri;Lutjaniformes;Lutjanidae;Pristipomoides;Pristipomoides zonatus;NA;NA;NA
NC_027182.1	Eukaryota;Chordata;Chondrichthyes;Rhinopristiformes;Pristidae;Pristis;Pristis pectinata;NA;NA;NA
NC_039438.1	Eukaryota;Chordata;Chondrichthyes;Rhinopristiformes;Pristidae;Pristis;Pristis pristis;NA;NA;NA
NC_031525.1	Eukaryota;Chordata;Actinopteri;Cypriniformes;Cyprinidae;Probarbus;Probarbus jullieni;NA;NA;NA
NC_024939.1	Eukaryota;Chordata;Actinopteri;Characiformes;Prochilodontidae;Prochilodus;Prochilodus lineatus;NA;NA;NA
PV250216.1	Eukaryota;Chordata;Actinopteri;Characiformes;Prochilodontidae;Prochilodus;Prochilodus reticulatus;NA;NA;NA
PZ744014.1	Eukaryota;Chordata;Actinopteri;Beloniformes;Exocoetidae;Prognichthys;Prognichthys brevipinnis;NA;NA;NA
BK063460.1	Eukaryota;Chordata;Actinopteri;Beloniformes;Exocoetidae;Prognichthys;Prognichthys tringa;NA;NA;NA
PX395444.1	Eukaryota;Chordata;Actinopteri;Siluriformes;Clariidae;Prophagorus;Prophagorus nieuhofii;NA;NA;NA
PX416830.1	Eukaryota;Chordata;Actinopteri;Siluriformes;Pimelodidae;Propimelodus;Propimelodus eigenmanni;NA;NA;NA
NC_020764.1	Eukaryota;Chordata;Actinopteri;Salmoniformes;Salmonidae;Prosopium;Prosopium cylindraceum;NA;NA;NA
KM257722.1	Eukaryota;Chordata;Actinopteri;NA;Sciaenidae;Protonibea;Protonibea diacanthus;NA;NA;NA
KY213964.1	Eukaryota;Chordata;Actinopteri;NA;Centropomidae;Psammoperca;Psammoperca waigiensis;NA;NA;NA
NC_005834.1	Eukaryota;Chordata;Actinopteri;Acipenseriformes;Polyodontidae;Psephurus;Psephurus gladius;NA;NA;NA
NC_083269.1	Eukaryota;Chordata;Actinopteri;Pleuronectiformes;Psettodidae;Psettodes;Psettodes belcheri;NA;NA;NA
PQ628801.1	Eukaryota;Chordata;Actinopteri;Pleuronectiformes;Psettodidae;Psettodes;Psettodes bennettii;NA;NA;NA
NC_020032.1	Eukaryota;Chordata;Actinopteri;Pleuronectiformes;Psettodidae;Psettodes;Psettodes erumei;NA;NA;NA
PX416832.1	Eukaryota;Chordata;Actinopteri;Siluriformes;Loricariidae;Pseudacanthicus;Pseudacanthicus serratus;NA;NA;NA
KJ433482.1	Eukaryota;Chordata;Actinopteri;Pleuronectiformes;Soleidae;Pseudaesopia;Pseudaesopia japonica;NA;NA;NA
PX416833.1	Eukaryota;Chordata;Actinopteri;Siluriformes;Loricariidae;Pseudancistrus;Pseudancistrus barbatus;NA;NA;NA
PX416839.1	Eukaryota;Chordata;Actinopteri;Siluriformes;Auchenipteridae;Pseudauchenipterus;Pseudauchenipterus nodosus;NA;NA;NA
PZ055035.1	Eukaryota;Chordata;Actinopteri;Siluriformes;Sisoridae;Pseudecheneis;Pseudecheneis brachyura;NA;NA;NA
NC_058961.1	Eukaryota;Chordata;Actinopteri;Carangiformes;Carangidae;Pseudocaranx;Pseudocaranx dentex;NA;NA;NA
OP035215.1	Eukaryota;Chordata;Actinopteri;Carangiformes;Carangidae;Pseudocaranx;Pseudocaranx dentex;NA;NA;NA
OP035270.1	Eukaryota;Chordata;Actinopteri;Labriformes;Labridae;Pseudocheilinus;Pseudocheilinus evanidus;NA;NA;NA
PZ237783.1	Eukaryota;Chordata;Actinopteri;Labriformes;Labridae;Pseudocheilinus;Pseudocheilinus hexataenia;NA;NA;NA
PZ315411.1	Eukaryota;Chordata;Actinopteri;Labriformes;Labridae;Pseudocheilinus;Pseudocheilinus ocellatus;NA;NA;NA
OP035252.1	Eukaryota;Chordata;Actinopteri;Labriformes;Labridae;Pseudocheilinus;Pseudocheilinus octotaenia;NA;NA;NA
OP035094.1	Eukaryota;Chordata;Actinopteri;Labriformes;Labridae;Pseudocheilinus;Pseudocheilinus tetrataenia;NA;NA;NA
PZ237785.1	Eukaryota;Chordata;Actinopteri;Labriformes;Labridae;Pseudocoris;Pseudocoris yamashiroi;NA;NA;NA
LC091878.2	Eukaryota;Chordata;Actinopteri;Zeiformes;Oreosomatidae;Pseudocyttus;Pseudocyttus maculatus;NA;NA;NA
PZ237771.1	Eukaryota;Chordata;Actinopteri;Labriformes;Labridae;Pseudodax;Pseudodax moluccanus;NA;NA;NA
PZ315218.1	Eukaryota;Chordata;Actinopteri;Perciformes;Serranidae;Pseudogramma;Pseudogramma brederi;NA;NA;NA
PZ315220.1	Eukaryota;Chordata;Actinopteri;Perciformes;Serranidae;Pseudogramma;Pseudogramma gregoryi;NA;NA;NA
NC_083065.1	Eukaryota;Chordata;Actinopteri;Perciformes;Serranidae;Pseudogramma;Pseudogramma paucilepis;NA;NA;NA
PZ315416.1	Eukaryota;Chordata;Actinopteri;Labriformes;Labridae;Pseudojuloides;Pseudojuloides atavai;NA;NA;NA
OP035204.1	Eukaryota;Chordata;Actinopteri;Labriformes;Labridae;Pseudojuloides;Pseudojuloides cerasinus;NA;NA;NA
NC_012055.1	Eukaryota;Chordata;Actinopteri;Labriformes;Labridae;Pseudolabrus;Pseudolabrus eoethinus;NA;NA;NA
LC790131.1	Eukaryota;Chordata;Actinopteri;Labriformes;Labridae;Pseudolabrus;Pseudolabrus sieboldi;NA;NA;NA
LC814583.1	Eukaryota;Chordata;Actinopteri;Labriformes;Labridae;Pseudolabrus;Pseudolabrus sieboldi;NA;NA;NA
JF911711.1	Eukaryota;Chordata;Actinopteri;Mugiliformes;Mugilidae;Pseudomyxus;Pseudomyxus capensis;NA;NA;NA
KF375011.1	Eukaryota;Chordata;Actinopteri;Mugiliformes;Mugilidae;Pseudomyxus;Pseudomyxus capensis;NA;NA;NA
NC_020016.1	Eukaryota;Chordata;Actinopteri;Acropomatiformes;Pentacerotidae;Pseudopentaceros;Pseudopentaceros richardsoni;NA;NA;NA
NC_088020.1	Eukaryota;Chordata;Actinopteri;Uranoscopiformes;Pinguipedidae;Pseudopercis;Pseudopercis numida;NA;NA;NA
PX416843.1	Eukaryota;Chordata;Actinopteri;Siluriformes;Pseudopimelodidae;Pseudopimelodus;Pseudopimelodus bufonius;NA;NA;NA
JF898657.1	Eukaryota;Chordata;Actinopteri;Siluriformes;Pimelodidae;Pseudoplatystoma;Pseudoplatystoma corruscans;NA;NA;NA
PX416844.1	Eukaryota;Chordata;Actinopteri;Siluriformes;Pimelodidae;Pseudoplatystoma;Pseudoplatystoma fasciatum;NA;NA;NA
PX416845.1	Eukaryota;Chordata;Actinopteri;Siluriformes;Pimelodidae;Pseudoplatystoma;Pseudoplatystoma tigrinum;NA;NA;NA
PX416847.1	Eukaryota;Chordata;Actinopteri;Siluriformes;Loricariidae;Pseudoqolus;Pseudoqolus koko;NA;NA;NA
NC_019577.1	Eukaryota;Chordata;Mammalia;Artiodactyla;Delphinidae;Pseudorca;Pseudorca crassidens;NA;NA;NA
LC717534.1	Eukaryota;Chordata;Actinopteri;Pleuronectiformes;Paralichthyidae;Pseudorhombus;Pseudorhombus arsius;NA;NA;NA
PX430292.1	Eukaryota;Chordata;Actinopteri;Pleuronectiformes;Paralichthyidae;Pseudorhombus;Pseudorhombus arsius;NA;NA;NA
PX804237.1	Eukaryota;Chordata;Actinopteri;Pleuronectiformes;Paralichthyidae;Pseudorhombus;Pseudorhombus arsius;NA;NA;NA
NC_065813.1	Eukaryota;Chordata;Actinopteri;Pleuronectiformes;Paralichthyidae;Pseudorhombus;Pseudorhombus pentophthalmus;NA;NA;NA
DQ202325.1	Eukaryota;Chordata;Actinopteri;Acipenseriformes;Acipenseridae;Pseudoscaphirhynchus;Pseudoscaphirhynchus kaufmanni;NA;NA;NA
NC_044717.1	Eukaryota;Chordata;Actinopteri;NA;Sciaenidae;Pseudotolithus;Pseudotolithus elongatus;NA;NA;NA
PQ628810.1	Eukaryota;Chordata;Actinopteri;NA;Sciaenidae;Pseudotolithus;Pseudotolithus senegallus;NA;NA;NA
MW465657.1	Eukaryota;Chordata;Actinopteri;NA;Sciaenidae;Pseudotolithus;Pseudotolithus typus;NA;NA;NA
NC_056258.1	Eukaryota;Chordata;Actinopteri;NA;Sciaenidae;Pseudotolithus;Pseudotolithus typus;NA;NA;NA
NC_088021.1	Eukaryota;Chordata;Actinopteri;Syngnathiformes;Mullidae;Pseudupeneus;Pseudupeneus maculatus;NA;NA;NA
NC_022487.1	Eukaryota;Chordata;Actinopteri;Scombriformes;Bramidae;Pteraclis;Pteraclis aesticola;NA;NA;NA
LC671306.1	Eukaryota;Chordata;Actinopteri;Labriformes;Labridae;Pteragogus;Pteragogus aurigarius;NA;NA;NA
LC783563.1	Eukaryota;Chordata;Actinopteri;Labriformes;Labridae;Pteragogus;Pteragogus aurigarius;NA;NA;NA
PZ237780.1	Eukaryota;Chordata;Actinopteri;Labriformes;Labridae;Pteragogus;Pteragogus cryptus;NA;NA;NA
PZ315418.1	Eukaryota;Chordata;Actinopteri;Labriformes;Labridae;Pteragogus;Pteragogus enneacanthus;NA;NA;NA
PX416850.1	Eukaryota;Chordata;Actinopteri;Clupeiformes;Engraulidae;Pterengraulis;Pterengraulis atherinoides;NA;NA;NA
PZ213527.1	Eukaryota;Chordata;Actinopteri;Lutjaniformes;Lutjanidae;Pterocaesio;Pterocaesio chrysozona;NA;NA;NA
AB938150.2	Eukaryota;Chordata;Actinopteri;Lutjaniformes;Lutjanidae;Pterocaesio;Pterocaesio marri;NA;NA;NA
LC672477.1	Eukaryota;Chordata;Actinopteri;Lutjaniformes;Lutjanidae;Pterocaesio;Pterocaesio tile;NA;NA;NA
NC_025290.1	Eukaryota;Chordata;Actinopteri;Perciformes;Scorpaenidae;Pterois;Pterois volitans;NA;NA;NA
AB938174.2	Eukaryota;Chordata;Actinopteri;Scombriformes;Bramidae;Pterycombus;Pterycombus petersii;NA;NA;NA
AF038494.1	Eukaryota;Chordata;Actinopteri;Cypriniformes;Leuciscidae;Ptychocheilus;Ptychocheilus oregonensis;NA;NA;NA
NC_066937.1	Eukaryota;Chordata;Actinopteri;Cypriniformes;Leuciscidae;Ptychocheilus;Ptychocheilus oregonensis;NA;NA;NA
AM181033.1	Eukaryota;Chordata;Mammalia;Carnivora;Phocidae;Pusa;Pusa caspica;NA;NA;NA
AM181036.1	Eukaryota;Chordata;Mammalia;Carnivora;Phocidae;Pusa;Pusa hispida;NA;NA;NA
NC_036386.1	Eukaryota;Chordata;Actinopteri;Siluriformes;Ictaluridae;Pylodictis;Pylodictis olivaris;NA;NA;NA
AB355906.1	Eukaryota;Chordata;Actinopteri;Carangiformes;Rachycentridae;Rachycentron;Rachycentron canadum;NA;NA;NA
PX741170.1	Eukaryota;Chordata;Chondrichthyes;Rajiformes;Rajidae;Rajella;Rajella leopardus;NA;NA;NA
AY184438.1	Eukaryota;Chordata;Mammalia;Artiodactyla;Cervidae;Rangifer;Rangifer tarandus;NA;NA;NA
NC_007703.1	Eukaryota;Chordata;Mammalia;Artiodactyla;Cervidae;Rangifer;Rangifer tarandus;NA;NA;NA
NC_013485.1	Eukaryota;Chordata;Actinopteri;Scombriformes;Scombridae;Rastrelliger;Rastrelliger brachysoma;NA;NA;NA
NC_019624.1	Eukaryota;Chordata;Actinopteri;Scombriformes;Scombridae;Rastrelliger;Rastrelliger kanagurta;NA;NA;NA
PX430294.1	Eukaryota;Chordata;Actinopteri;Scombriformes;Scombridae;Rastrelliger;Rastrelliger kanagurta;NA;NA;NA
FJ355927.1	Eukaryota;Chordata;Mammalia;Rodentia;Muridae;Rattus;Rattus rattus;NA;NA;NA
NC_012374.1	Eukaryota;Chordata;Mammalia;Rodentia;Muridae;Rattus;Rattus rattus;NA;NA;NA
PX582194.1	Eukaryota;Chordata;Mammalia;Rodentia;Muridae;Rattus;Rattus rattus;NA;NA;NA
PZ291816.1	Eukaryota;Chordata;Actinopteri;Pleuronectiformes;Pleuronectidae;Reinhardtius;Reinhardtius hippoglossoides;NA;NA;NA
NC_004598.1	Eukaryota;Chordata;Actinopteri;Osmeriformes;Retropinnidae;Retropinna;Retropinna retropinna;NA;NA;NA
NC_023952.1	Eukaryota;Chordata;Actinopteri;Scombriformes;Gempylidae;Rexea;Rexea solandri;NA;NA;NA
AF090176.1	Eukaryota;Chordata;Lepidosauria;Squamata;Diplodactylidae;Rhacodactylus;Rhacodactylus leachianus;NA;NA;NA
PX416871.1	Eukaryota;Chordata;Actinopteri;Siluriformes;Pimelodidae;Rhamdia;Rhamdia foina;NA;NA;NA
PX416872.1	Eukaryota;Chordata;Actinopteri;Siluriformes;Pimelodidae;Rhamdia;Rhamdia quelen;NA;NA;NA
NC_000846.1	Eukaryota;Chordata;Aves;Rheiformes;Rheidae;Rhea;Rhea americana;NA;NA;NA
AY700247.1	Eukaryota;Chordata;Actinopteri;Tetraodontiformes;Balistidae;Rhinecanthus;Rhinecanthus aculeatus;NA;NA;NA
KT600968.1	Eukaryota;Chordata;Actinopteri;Tetraodontiformes;Balistidae;Rhinecanthus;Rhinecanthus aculeatus;NA;NA;NA
NC_011941.1	Eukaryota;Chordata;Actinopteri;Tetraodontiformes;Balistidae;Rhinecanthus;Rhinecanthus aculeatus;NA;NA;NA
AY700274.1	Eukaryota;Chordata;Actinopteri;Tetraodontiformes;Ostraciidae;Rhinesomus;Rhinesomus triqueter;NA;NA;NA
NC_082999.1	Eukaryota;Chordata;Chondrichthyes;Myliobatiformes;Myliobatidae;Rhinoptera;Rhinoptera bonasus;NA;NA;NA
PX416887.1	Eukaryota;Chordata;Actinopteri;Siluriformes;Loricariidae;Rhinotocinclus;Rhinotocinclus halbothi;NA;NA;NA
OP056802.1	Eukaryota;Chordata;Chondrichthyes;Carcharhiniformes;Carcharhinidae;Rhizoprionodon;Rhizoprionodon terraenovae;NA;NA;NA
NC_082561.1	Eukaryota;Chordata;Actinopteri;Lutjaniformes;Lutjanidae;Rhomboplites;Rhomboplites aurorubens;NA;NA;NA
DQ645661.1	Eukaryota;Chordata;Actinopteri;Anguilliformes;Congridae;Rhynchoconger;Rhynchoconger flavus;NA;NA;NA
PX416888.1	Eukaryota;Chordata;Actinopteri;Siluriformes;Loricariidae;Rineloricaria;Rineloricaria aff. stewarti 2 CC-2025;NA;NA;NA
PX416889.1	Eukaryota;Chordata;Actinopteri;Siluriformes;Loricariidae;Rineloricaria;Rineloricaria aff. stewarti 3 CC-2025;NA;NA;NA
PX416891.1	Eukaryota;Chordata;Actinopteri;Siluriformes;Loricariidae;Rineloricaria;Rineloricaria aff. stewarti 3 CC-2025;NA;NA;NA
PX416893.1	Eukaryota;Chordata;Actinopteri;Siluriformes;Loricariidae;Rineloricaria;Rineloricaria aff. stewarti 3 CC-2025;NA;NA;NA
PX416898.1	Eukaryota;Chordata;Actinopteri;Siluriformes;Loricariidae;Rineloricaria;Rineloricaria aff. stewarti 3 CC-2025;NA;NA;NA
PX416900.1	Eukaryota;Chordata;Actinopteri;Siluriformes;Loricariidae;Rineloricaria;Rineloricaria platyura;NA;NA;NA
PX416901.1	Eukaryota;Chordata;Actinopteri;Siluriformes;Loricariidae;Rineloricaria;Rineloricaria platyura;NA;NA;NA
PX416903.1	Eukaryota;Chordata;Actinopteri;Siluriformes;Loricariidae;Rineloricaria;Rineloricaria stewarti;NA;NA;NA
NC_023376.1	Eukaryota;Chordata;Actinopteri;Siluriformes;Bagridae;Rita;Rita rita;NA;NA;NA
PZ024019.1	Eukaryota;Chordata;Chondrichthyes;Rajiformes;Rajidae;Rostroraja;Rostroraja alba;NA;NA;NA
MH377759.1	Eukaryota;Chordata;Chondrichthyes;Rajiformes;Rajidae;Rostroraja;Rostroraja eglanteria;NA;NA;NA
AP010775.1	Eukaryota;Chordata;Actinopteri;Cypriniformes;Leuciscidae;Rutilus;Rutilus rutilus;NA;NA;NA
NC_068671.1	Eukaryota;Chordata;Actinopteri;Cypriniformes;Leuciscidae;Rutilus;Rutilus rutilus;NA;NA;NA
NC_022493.1	Eukaryota;Chordata;Actinopteri;Scombriformes;Gempylidae;Ruvettus;Ruvettus pretiosus;NA;NA;NA
PX987553.1	Eukaryota;Chordata;Actinopteri;Perciformes;Serranidae;Rypticus;Rypticus bicolor;NA;NA;NA
PZ315222.1	Eukaryota;Chordata;Actinopteri;Perciformes;Serranidae;Rypticus;Rypticus carpenteri;NA;NA;NA
PX987554.1	Eukaryota;Chordata;Actinopteri;Perciformes;Serranidae;Rypticus;Rypticus nigripinnis;NA;NA;NA
NC_088022.1	Eukaryota;Chordata;Actinopteri;Perciformes;Serranidae;Rypticus;Rypticus randalli;NA;NA;NA
OP056927.1	Eukaryota;Chordata;Actinopteri;Perciformes;Serranidae;Rypticus;Rypticus subbifrenatus;NA;NA;NA
NC_004599.1	Eukaryota;Chordata;Actinopteri;Osmeriformes;Salangidae;Salangichthys;Salangichthys microdon;NA;NA;NA
AM931027.1	Eukaryota;Chordata;Actinopteri;Salmoniformes;Salmonidae;Salmo;Salmo salar;NA;NA;NA
JQ390055.1	Eukaryota;Chordata;Actinopteri;Salmoniformes;Salmonidae;Salmo;Salmo salar;NA;NA;NA
NC_001960.1	Eukaryota;Chordata;Actinopteri;Salmoniformes;Salmonidae;Salmo;Salmo salar;NA;NA;NA
LC137015.1	Eukaryota;Chordata;Actinopteri;Salmoniformes;Salmonidae;Salmo;Salmo trutta;Salmo trutta fario;NA;NA
AM910409.1	Eukaryota;Chordata;Actinopteri;Salmoniformes;Salmonidae;Salmo;Salmo trutta;Salmo trutta trutta;NA;NA
NC_015549.1	Eukaryota;Chordata;Actinopteri;Cypriniformes;Danionidae;Salmostoma;Salmostoma bacalia;NA;NA;NA
OR896914.1	Eukaryota;Chordata;Actinopteri;Perciformes;Serranidae;Saloptia;Saloptia powelli;NA;NA;NA
AF154850.1	Eukaryota;Chordata;Actinopteri;Salmoniformes;Salmonidae;Salvelinus;Salvelinus fontinalis;NA;NA;NA
NC_036392.1	Eukaryota;Chordata;Actinopteri;Salmoniformes;Salmonidae;Salvelinus;Salvelinus namaycush;NA;NA;NA
KT211477.1	Eukaryota;Chordata;Actinopteri;Perciformes;Percidae;Sander;Sander canadensis;NA;NA;NA
NC_021444.1	Eukaryota;Chordata;Actinopteri;Perciformes;Percidae;Sander;Sander canadensis;NA;NA;NA
AY372808.1	Eukaryota;Chordata;Actinopteri;Perciformes;Percidae;Sander;Sander lucioperca;NA;NA;NA
KT211421.1	Eukaryota;Chordata;Actinopteri;Perciformes;Percidae;Sander;Sander vitreus;NA;NA;NA
KT211441.1	Eukaryota;Chordata;Actinopteri;Perciformes;Percidae;Sander;Sander vitreus;NA;NA;NA
NC_028285.1	Eukaryota;Chordata;Actinopteri;Perciformes;Percidae;Sander;Sander vitreus;NA;NA;NA
OR552090.1	Eukaryota;Chordata;Actinopteri;Perciformes;Percidae;Sander;Sander vitreus;NA;NA;NA
KM055372.1	Eukaryota;Chordata;Actinopteri;Scombriformes;Scombridae;Sarda;Sarda orientalis;NA;NA;NA
NC_060588.1	Eukaryota;Chordata;Actinopteri;Scombriformes;Scombridae;Sarda;Sarda orientalis;NA;NA;NA
AM931029.1	Eukaryota;Chordata;Actinopteri;Clupeiformes;Clupeidae;Sardina;Sardina pilchardus;NA;NA;NA
DQ912053.1	Eukaryota;Chordata;Actinopteri;Clupeiformes;Clupeidae;Sardina;Sardina pilchardus;NA;NA;NA
PQ010147.1	Eukaryota;Chordata;Actinopteri;Clupeiformes;Clupeidae;Sardina;Sardina pilchardus;NA;NA;NA
PQ010181.1	Eukaryota;Chordata;Actinopteri;Clupeiformes;Clupeidae;Sardina;Sardina pilchardus;NA;NA;NA
PQ010188.1	Eukaryota;Chordata;Actinopteri;Clupeiformes;Clupeidae;Sardina;Sardina pilchardus;NA;NA;NA
PQ010210.1	Eukaryota;Chordata;Actinopteri;Clupeiformes;Clupeidae;Sardina;Sardina pilchardus;NA;NA;NA
PX430305.1	Eukaryota;Chordata;Actinopteri;Clupeiformes;Clupeidae;Sardinella;Sardinella albella;NA;NA;NA
PV642269.1	Eukaryota;Chordata;Actinopteri;Clupeiformes;Clupeidae;Sardinella;Sardinella aurita;NA;NA;NA
NC_088024.1	Eukaryota;Chordata;Actinopteri;Clupeiformes;Clupeidae;Sardinella;Sardinella brasiliensis;NA;NA;NA
NC_044472.1	Eukaryota;Chordata;Actinopteri;Clupeiformes;Clupeidae;Sardinella;Sardinella fijiensis;NA;NA;NA
NC_037131.1	Eukaryota;Chordata;Actinopteri;Clupeiformes;Clupeidae;Sardinella;Sardinella gibbosa;NA;NA;NA
NC_039553.1	Eukaryota;Chordata;Actinopteri;Clupeiformes;Clupeidae;Sardinella;Sardinella lemuru;NA;NA;NA
MG251937.1	Eukaryota;Chordata;Actinopteri;Clupeiformes;Clupeidae;Sardinella;Sardinella longiceps;NA;NA;NA
NC_033407.1	Eukaryota;Chordata;Actinopteri;Clupeiformes;Clupeidae;Sardinella;Sardinella longiceps;NA;NA;NA
NC_009587.1	Eukaryota;Chordata;Actinopteri;Clupeiformes;Clupeidae;Sardinella;Sardinella maderensis;NA;NA;NA
OR575616.1	Eukaryota;Chordata;Actinopteri;Clupeiformes;Clupeidae;Sardinella;Sardinella marquesensis;NA;NA;NA
PZ377780.1	Eukaryota;Chordata;Actinopteri;Clupeiformes;Clupeidae;Sardinella;Sardinella marquesensis;NA;NA;NA
PX430327.1	Eukaryota;Chordata;Actinopteri;Clupeiformes;Clupeidae;Sardinella;Sardinella melanura;NA;NA;NA
NC_002616.1	Eukaryota;Chordata;Actinopteri;Clupeiformes;Clupeidae;Sardinops;Sardinops melanosticta;NA;NA;NA
OR482441.1	Eukaryota;Chordata;Actinopteri;Clupeiformes;Clupeidae;Sardinops;Sardinops sagax;NA;NA;NA
NC_085258.1	Eukaryota;Chordata;Actinopteri;Holocentriformes;Holocentridae;Sargocentron;Sargocentron punctatissimum;NA;NA;NA
NC_030597.1	Eukaryota;Chordata;Actinopteri;Holocentriformes;Holocentridae;Sargocentron;Sargocentron spiniferum;NA;NA;NA
PZ835633.1	Eukaryota;Chordata;Actinopteri;Aulopiformes;Synodontidae;Saurida;Saurida elongata;NA;NA;NA
PX430357.1	Eukaryota;Chordata;Actinopteri;Aulopiformes;Synodontidae;Saurida;Saurida tumbil;NA;NA;NA
NC_030324.1	Eukaryota;Chordata;Actinopteri;Acipenseriformes;Acipenseridae;Scaphirhynchus;Scaphirhynchus albus;NA;NA;NA
PZ234025.1	Eukaryota;Chordata;Actinopteri;Labriformes;Labridae;Scarus;Scarus altipinnis;NA;NA;NA
EU601194.1	Eukaryota;Chordata;Actinopteri;Labriformes;Labridae;Scarus;Scarus coelestinus;NA;NA;NA
OP056940.1	Eukaryota;Chordata;Actinopteri;Labriformes;Labridae;Scarus;Scarus coeruleus;NA;NA;NA
PZ234022.1	Eukaryota;Chordata;Actinopteri;Labriformes;Labridae;Scarus;Scarus flavipectoralis;NA;NA;NA
NC_011599.1	Eukaryota;Chordata;Actinopteri;Labriformes;Labridae;Scarus;Scarus ghobban;NA;NA;NA
PZ234018.1	Eukaryota;Chordata;Actinopteri;Labriformes;Labridae;Scarus;Scarus niger;NA;NA;NA
LC708218.1	Eukaryota;Chordata;Actinopteri;Labriformes;Labridae;Scarus;Scarus ovifrons;NA;NA;NA
PZ234029.1	Eukaryota;Chordata;Actinopteri;Labriformes;Labridae;Scarus;Scarus prasiognathos;NA;NA;NA
OP035141.1	Eukaryota;Chordata;Actinopteri;Labriformes;Labridae;Scarus;Scarus psittacus;NA;NA;NA
PZ160636.1	Eukaryota;Chordata;Actinopteri;Labriformes;Labridae;Scarus;Scarus rivulatus;NA;NA;NA
EU601215.1	Eukaryota;Chordata;Actinopteri;Labriformes;Labridae;Scarus;Scarus taeniopterus;NA;NA;NA
PZ311017.1	Eukaryota;Chordata;Actinopteri;Labriformes;Labridae;Scarus;Scarus vetula;NA;NA;NA
OP056902.2	Eukaryota;Chordata;Actinopteri;Perciformes;Serranidae;Schultzea;Schultzea beta;NA;NA;NA
PX416919.1	Eukaryota;Chordata;Actinopteri;Siluriformes;Ariidae;Sciades;Sciades couma;NA;NA;NA
PX652379.1	Eukaryota;Chordata;Actinopteri;Siluriformes;Ariidae;Sciades;Sciades dowii;NA;NA;NA
PX683767.1	Eukaryota;Chordata;Actinopteri;Siluriformes;Ariidae;Sciades;Sciades herzbergii;NA;NA;NA
PX416920.1	Eukaryota;Chordata;Actinopteri;Siluriformes;Ariidae;Sciades;Sciades proops;NA;NA;NA
NC_016867.1	Eukaryota;Chordata;Actinopteri;NA;Sciaenidae;Sciaenops;Sciaenops ocellatus;NA;NA;NA
NC_013723.1	Eukaryota;Chordata;Actinopteri;Scombriformes;Scombridae;Scomber;Scomber japonicus;NA;NA;NA
NC_006398.1	Eukaryota;Chordata;Actinopteri;Scombriformes;Scombridae;Scomber;Scomber scombrus;NA;NA;NA
NC_008109.1	Eukaryota;Chordata;Actinopteri;Scombriformes;Scombridae;Scomberomorus;Scomberomorus cavalla;NA;NA;NA
MH248195.1	Eukaryota;Chordata;Actinopteri;Scombriformes;Scombridae;Scomberomorus;Scomberomorus commerson;NA;NA;NA
PP437201.1	Eukaryota;Chordata;Actinopteri;Scombriformes;Scombridae;Scomberomorus;Scomberomorus guttatus;NA;NA;NA
NC_016420.1	Eukaryota;Chordata;Actinopteri;Scombriformes;Scombridae;Scomberomorus;Scomberomorus niphonius;NA;NA;NA
NC_033887.1	Eukaryota;Chordata;Actinopteri;Scombriformes;Scombridae;Scomberomorus;Scomberomorus sierra;NA;NA;NA
AF231582.1	Eukaryota;Chordata;Actinopteri;Scombriformes;Scombridae;Scomberomorus;Scomberomorus tritor;NA;NA;NA
MH377766.1	Eukaryota;Chordata;Actinopteri;Pleuronectiformes;Scophthalmidae;Scophthalmus;Scophthalmus aquosus;NA;NA;NA
MH377767.1	Eukaryota;Chordata;Actinopteri;Pleuronectiformes;Scophthalmidae;Scophthalmus;Scophthalmus aquosus;NA;NA;NA
NC_013183.1	Eukaryota;Chordata;Actinopteri;Pleuronectiformes;Scophthalmidae;Scophthalmus;Scophthalmus maximus;NA;NA;NA
OP057109.2	Eukaryota;Chordata;Actinopteri;Perciformes;Scorpaenidae;Scorpaena;Scorpaena grandicornis;NA;NA;NA
DQ125234.1	Eukaryota;Chordata;Actinopteri;Perciformes;Scorpaenidae;Scorpaena;Scorpaena scrofa;NA;NA;NA
KM057987.1	Eukaryota;Chordata;Actinopteri;Perciformes;Cottidae;Scorpaenichthys;Scorpaenichthys marmoratus;NA;NA;NA
NC_027171.1	Eukaryota;Chordata;Actinopteri;Centrarchiformes;Terapontidae;Scortum;Scortum barcoo;NA;NA;NA
NC_001950.1	Eukaryota;Chordata;Chondrichthyes;Carcharhiniformes;Scyliorhinidae;Scyliorhinus;Scyliorhinus canicula;NA;NA;NA
NC_066805.1	Eukaryota;Chordata;Chondrichthyes;Carcharhiniformes;Scyliorhinidae;Scyliorhinus;Scyliorhinus stellaris;NA;NA;NA
NC_082757.1	Eukaryota;Chordata;Actinopteri;Perciformes;Sebastidae;Sebastes;Sebastes alutus;NA;NA;NA
PX724971.1	Eukaryota;Chordata;Actinopteri;Perciformes;Sebastidae;Sebastes;Sebastes carnatus;NA;NA;NA
NC_066933.1	Eukaryota;Chordata;Actinopteri;Perciformes;Sebastidae;Sebastes;Sebastes caurinus;NA;NA;NA
OR641531.1	Eukaryota;Chordata;Actinopteri;Perciformes;Sebastidae;Sebastes;Sebastes jordani;NA;NA;NA
NC_082790.1	Eukaryota;Chordata;Actinopteri;Perciformes;Sebastidae;Sebastes;Sebastes melanostomus;NA;NA;NA
KX929917.1	Eukaryota;Chordata;Actinopteri;Perciformes;Sebastidae;Sebastes;Sebastes mentella;NA;NA;NA
NC_082760.1	Eukaryota;Chordata;Actinopteri;Perciformes;Sebastidae;Sebastes;Sebastes mystinus;NA;NA;NA
OP035099.2	Eukaryota;Chordata;Actinopteri;Perciformes;Sebastidae;Sebastes;Sebastes ovalis;NA;NA;NA
PZ044150.1	Eukaryota;Chordata;Actinopteri;Perciformes;Sebastidae;Sebastes;Sebastes rufus;NA;NA;NA
NC_082759.1	Eukaryota;Chordata;Actinopteri;Perciformes;Sebastidae;Sebastes;Sebastes saxicola;NA;NA;NA
PX724947.1	Eukaryota;Chordata;Actinopteri;Perciformes;Sebastidae;Sebastes;Sebastes semicinctus;NA;NA;NA
NC_082762.1	Eukaryota;Chordata;Actinopteri;Perciformes;Sebastidae;Sebastes;Sebastes wilsoni;NA;NA;NA
NC_082820.1	Eukaryota;Chordata;Actinopteri;Perciformes;Sebastidae;Sebastolobus;Sebastolobus alascanus;NA;NA;NA
NC_023954.1	Eukaryota;Chordata;Actinopteri;Carangiformes;Carangidae;Selar;Selar crumenophthalmus;NA;NA;NA
PV185778.1	Eukaryota;Chordata;Actinopteri;Carangiformes;Carangidae;Selar;Selar crumenophthalmus;NA;NA;NA
KU159666.1	Eukaryota;Chordata;Actinopteri;Carangiformes;Carangidae;Selaroides;Selaroides leptolepis;NA;NA;NA
NC_029184.1	Eukaryota;Chordata;Actinopteri;Carangiformes;Carangidae;Selaroides;Selaroides leptolepis;NA;NA;NA
MH377814.1	Eukaryota;Chordata;Actinopteri;Carangiformes;Carangidae;Selene;Selene setapinnis;NA;NA;NA
NC_088027.1	Eukaryota;Chordata;Actinopteri;Carangiformes;Carangidae;Selene;Selene vomer;NA;NA;NA
AY279644.1	Eukaryota;Chordata;Actinopteri;Labriformes;Labridae;Semicossyphus;Semicossyphus pulcher;NA;NA;NA
NC_033946.1	Eukaryota;Chordata;Actinopteri;Cypriniformes;Leuciscidae;Semotilus;Semotilus atromaculatus;NA;NA;NA
NC_016870.1	Eukaryota;Chordata;Actinopteri;Carangiformes;Carangidae;Seriola;Seriola dumerili;NA;NA;NA
NC_016868.1	Eukaryota;Chordata;Actinopteri;Carangiformes;Carangidae;Seriola;Seriola quinqueradiata;NA;NA;NA
NC_082753.1	Eukaryota;Chordata;Actinopteri;Carangiformes;Carangidae;Seriola;Seriola zonata;NA;NA;NA
NC_028197.1	Eukaryota;Chordata;Actinopteri;Perciformes;Serranidae;NA;Serranidae sp. JL-2015;NA;NA;NA
OR582705.1	Eukaryota;Chordata;Actinopteri;Perciformes;Serranidae;Serranus;Serranus annularis;NA;NA;NA
OP056921.1	Eukaryota;Chordata;Actinopteri;Perciformes;Serranidae;Serranus;Serranus atrobranchus;NA;NA;NA
OP056859.2	Eukaryota;Chordata;Actinopteri;Perciformes;Serranidae;Serranus;Serranus baldwini;NA;NA;NA
PZ507566.1	Eukaryota;Chordata;Actinopteri;Perciformes;Serranidae;Serranus;Serranus chionaraia;NA;NA;NA
PZ507575.1	Eukaryota;Chordata;Actinopteri;Perciformes;Serranidae;Serranus;Serranus chionaraia;NA;NA;NA
PX987570.1	Eukaryota;Chordata;Actinopteri;Perciformes;Serranidae;Serranus;Serranus maytagi;NA;NA;NA
NC_083052.1	Eukaryota;Chordata;Actinopteri;Perciformes;Serranidae;Serranus;Serranus notospilus;NA;NA;NA
NC_063618.1	Eukaryota;Chordata;Actinopteri;Perciformes;Serranidae;Serranus;Serranus papilionaceus;NA;NA;NA
PV710299.1	Eukaryota;Chordata;Actinopteri;Perciformes;Serranidae;Serranus;Serranus phoebe;NA;NA;NA
NC_063619.1	Eukaryota;Chordata;Actinopteri;Perciformes;Serranidae;Serranus;Serranus scriba;NA;NA;NA
PX987571.1	Eukaryota;Chordata;Actinopteri;Perciformes;Serranidae;Serranus;Serranus tabacarius;NA;NA;NA
PX987572.1	Eukaryota;Chordata;Actinopteri;Perciformes;Serranidae;Serranus;Serranus tigrinus;NA;NA;NA
OP056930.1	Eukaryota;Chordata;Actinopteri;Perciformes;Serranidae;Serranus;Serranus tortugarum;NA;NA;NA
MH380829.1	Eukaryota;Chordata;Actinopteri;Clupeiformes;Engraulidae;Setipinna;Setipinna breviceps;NA;NA;NA
MH380820.1	Eukaryota;Chordata;Actinopteri;Clupeiformes;Engraulidae;Setipinna;Setipinna melanochir;NA;NA;NA
DQ912056.1	Eukaryota;Chordata;Actinopteri;Clupeiformes;Engraulidae;Setipinna;Setipinna taty;NA;NA;NA
AP017950.1	Eukaryota;Chordata;Actinopteri;Clupeiformes;Engraulidae;Setipinna;Setipinna tenuifilis;NA;NA;NA
AF055600.1	Eukaryota;Chordata;Actinopteri;NA;Siganidae;Siganus;Siganus canaliculatus;NA;NA;NA
NC_024881.1	Eukaryota;Chordata;Actinopteri;NA;Siganidae;Siganus;Siganus canaliculatus;NA;NA;NA
AY700235.1	Eukaryota;Chordata;Actinopteri;NA;Siganidae;Siganus;Siganus doliatus;NA;NA;NA
MF572001.1	Eukaryota;Chordata;Actinopteri;NA;Sillaginidae;Sillaginodes;Sillaginodes punctatus;NA;NA;NA
MF572017.1	Eukaryota;Chordata;Actinopteri;NA;Sillaginidae;Sillago;Sillago flindersi;NA;NA;NA
NC_028228.1	Eukaryota;Chordata;Actinopteri;NA;Sillaginidae;Sillago;Sillago japonica;NA;NA;NA
EU257812.1	Eukaryota;Chordata;Actinopteri;NA;Sillaginidae;Sillago;Sillago sihama;NA;NA;NA
MF571998.1	Eukaryota;Chordata;Actinopteri;NA;Sillaginidae;Sillago;Sillago sihama;NA;NA;NA
MF572005.1	Eukaryota;Chordata;Actinopteri;NA;Sillaginidae;Sillago;Sillago sihama;NA;NA;NA
MF572009.1	Eukaryota;Chordata;Actinopteri;NA;Sillaginidae;Sillago;Sillago sihama;NA;NA;NA
MF572010.1	Eukaryota;Chordata;Actinopteri;NA;Sillaginidae;Sillago;Sillago sihama;NA;NA;NA
MF572011.1	Eukaryota;Chordata;Actinopteri;NA;Sillaginidae;Sillago;Sillago sihama;NA;NA;NA
MF572015.1	Eukaryota;Chordata;Actinopteri;NA;Sillaginidae;Sillago;Sillago sihama;NA;NA;NA
NC_016672.1	Eukaryota;Chordata;Actinopteri;NA;Sillaginidae;Sillago;Sillago sihama;NA;NA;NA
NC_015806.1	Eukaryota;Chordata;Actinopteri;Siluriformes;Siluridae;Silurus;Silurus asotus;NA;NA;NA
NC_014261.1	Eukaryota;Chordata;Actinopteri;Siluriformes;Siluridae;Silurus;Silurus glanis;NA;NA;NA
JF972568.1	Eukaryota;Chordata;Actinopteri;Centrarchiformes;Sinipercidae;Siniperca;Siniperca chuatsi;NA;NA;NA
KF142459.1	Eukaryota;Chordata;Actinopteri;Pleuronectiformes;Soleidae;Solea;Solea ovata;NA;NA;NA
NC_008327.1	Eukaryota;Chordata;Actinopteri;Pleuronectiformes;Soleidae;Solea;Solea senegalensis;NA;NA;NA
AF488492.1	Eukaryota;Chordata;Actinopteri;Pleuronectiformes;Soleidae;Solea;Solea solea;NA;NA;NA
MN365274.1	Eukaryota;Chordata;Mammalia;Artiodactyla;Delphinidae;Sousa;Sousa teuszii;NA;NA;NA
OP056872.1	Eukaryota;Chordata;Actinopteri;Labriformes;Labridae;Sparisoma;Sparisoma aurofrenatum;NA;NA;NA
AY279645.1	Eukaryota;Chordata;Actinopteri;Labriformes;Labridae;Sparisoma;Sparisoma chrysopterum;NA;NA;NA
OP056868.2	Eukaryota;Chordata;Actinopteri;Labriformes;Labridae;Sparisoma;Sparisoma rubripinne;NA;NA;NA
EU601219.1	Eukaryota;Chordata;Actinopteri;Labriformes;Labridae;Sparisoma;Sparisoma viride;NA;NA;NA
KT805959.1	Eukaryota;Chordata;Actinopteri;Spariformes;Sparidae;Sparus;Sparus aurata;NA;NA;NA
NC_024236.1	Eukaryota;Chordata;Actinopteri;Spariformes;Sparidae;Sparus;Sparus aurata;NA;NA;NA
KX950699.1	Eukaryota;Chordata;Actinopteri;Siluriformes;Bagridae;Sperata;Sperata aor;NA;NA;NA
KX235300.1	Eukaryota;Chordata;Actinopteri;Siluriformes;Bagridae;Sperata;Sperata seenghala;NA;NA;NA
OP599928.1	Eukaryota;Chordata;Actinopteri;Siluriformes;Bagridae;Sperata;Sperata seenghala;NA;NA;NA
NC_015344.1	Eukaryota;Chordata;Actinopteri;Tetraodontiformes;Tetraodontidae;Sphoeroides;Sphoeroides annulatus;NA;NA;NA
AY700283.1	Eukaryota;Chordata;Actinopteri;Tetraodontiformes;Tetraodontidae;Sphoeroides;Sphoeroides dorsalis;NA;NA;NA
KX686080.1	Eukaryota;Chordata;Actinopteri;Tetraodontiformes;Tetraodontidae;Sphoeroides;Sphoeroides maculatus;NA;NA;NA
NC_010960.1	Eukaryota;Chordata;Actinopteri;Tetraodontiformes;Tetraodontidae;Sphoeroides;Sphoeroides pachygaster;NA;NA;NA
PV357917.1	Eukaryota;Chordata;Actinopteri;Tetraodontiformes;Tetraodontidae;Sphoeroides;Sphoeroides parvus;NA;NA;NA
AY700284.1	Eukaryota;Chordata;Actinopteri;Tetraodontiformes;Tetraodontidae;Sphoeroides;Sphoeroides spengleri;NA;NA;NA
NC_015346.1	Eukaryota;Chordata;Actinopteri;Tetraodontiformes;Tetraodontidae;Sphoeroides;Sphoeroides testudineus;NA;NA;NA
PQ628829.1	Eukaryota;Chordata;Actinopteri;NA;Sphyraenidae;Sphyraena;Sphyraena afra;NA;NA;NA
NC_022484.1	Eukaryota;Chordata;Actinopteri;NA;Sphyraenidae;Sphyraena;Sphyraena barracuda;NA;NA;NA
NC_083168.1	Eukaryota;Chordata;Actinopteri;NA;Sphyraenidae;Sphyraena;Sphyraena borealis;NA;NA;NA
LC774590.1	Eukaryota;Chordata;Actinopteri;NA;Sphyraenidae;Sphyraena;Sphyraena forsteri;NA;NA;NA
PZ310817.1	Eukaryota;Chordata;Actinopteri;NA;Sphyraenidae;Sphyraena;Sphyraena forsteri;NA;NA;NA
NC_088028.1	Eukaryota;Chordata;Actinopteri;NA;Sphyraenidae;Sphyraena;Sphyraena guachancho;NA;NA;NA
PQ628830.1	Eukaryota;Chordata;Actinopteri;NA;Sphyraenidae;Sphyraena;Sphyraena guachancho;NA;NA;NA
LC654228.1	Eukaryota;Chordata;Actinopteri;NA;Sphyraenidae;Sphyraena;Sphyraena iburiensis;NA;NA;NA
LC781951.1	Eukaryota;Chordata;Actinopteri;NA;Sphyraenidae;Sphyraena;Sphyraena japonica;NA;NA;NA
PX430412.1	Eukaryota;Chordata;Actinopteri;NA;Sphyraenidae;Sphyraena;Sphyraena jello;NA;NA;NA
LC774639.1	Eukaryota;Chordata;Actinopteri;NA;Sphyraenidae;Sphyraena;Sphyraena obtusata;NA;NA;NA
LC774642.1	Eukaryota;Chordata;Actinopteri;NA;Sphyraenidae;Sphyraena;Sphyraena obtusata;NA;NA;NA
LC458217.2	Eukaryota;Chordata;Actinopteri;NA;Sphyraenidae;Sphyraena;Sphyraena pinguis;NA;NA;NA
NC_050164.1	Eukaryota;Chordata;Actinopteri;NA;Sphyraenidae;Sphyraena;Sphyraena pinguis;NA;NA;NA
PX430415.1	Eukaryota;Chordata;Actinopteri;NA;Sphyraenidae;Sphyraena;Sphyraena pinguis;NA;NA;NA
PX430417.1	Eukaryota;Chordata;Actinopteri;NA;Sphyraenidae;Sphyraena;Sphyraena putnamae;NA;NA;NA
PX430418.1	Eukaryota;Chordata;Actinopteri;NA;Sphyraenidae;Sphyraena;Sphyraena putnamae;NA;NA;NA
PX430420.1	Eukaryota;Chordata;Actinopteri;NA;Sphyraenidae;Sphyraena;Sphyraena putnamae;NA;NA;NA
PZ123358.1	Eukaryota;Chordata;Actinopteri;NA;Sphyraenidae;Sphyraena;Sphyraena putnamae;NA;NA;NA
PZ574785.1	Eukaryota;Chordata;Actinopteri;NA;Sphyraenidae;Sphyraena;Sphyraena putnamae;NA;NA;NA
MH248196.1	Eukaryota;Chordata;Actinopteri;NA;Sphyraenidae;Sphyraena;Sphyraena qenie;NA;NA;NA
AF448021.1	Eukaryota;Chordata;Chondrichthyes;Carcharhiniformes;Carcharhinidae;Sphyrna;Sphyrna lewini;NA;NA;NA
NC_022679.1	Eukaryota;Chordata;Chondrichthyes;Carcharhiniformes;Carcharhinidae;Sphyrna;Sphyrna lewini;NA;NA;NA
ON650007.1	Eukaryota;Chordata;Chondrichthyes;Carcharhiniformes;Carcharhinidae;Sphyrna;Sphyrna lewini;NA;NA;NA
NC_028508.1	Eukaryota;Chordata;Chondrichthyes;Carcharhiniformes;Carcharhinidae;Sphyrna;Sphyrna tiburo;NA;NA;NA
NC_025778.1	Eukaryota;Chordata;Chondrichthyes;Carcharhiniformes;Carcharhinidae;Sphyrna;Sphyrna zygaena;NA;NA;NA
NC_009854.1	Eukaryota;Chordata;Actinopteri;Spariformes;Centracanthidae;Spicara;Spicara maena;NA;NA;NA
AB095998.1	Eukaryota;Chordata;Actinopteri;Osmeriformes;Osmeridae;Spirinchus;Spirinchus lanceolatus;NA;NA;NA
NC_072211.1	Eukaryota;Chordata;Actinopteri;Osmeriformes;Osmeridae;Spirinchus;Spirinchus thaleichthys;NA;NA;NA
NC_009588.1	Eukaryota;Chordata;Actinopteri;Clupeiformes;Clupeidae;Spratelloides;Spratelloides delicatulus;NA;NA;NA
NC_009589.1	Eukaryota;Chordata;Actinopteri;Clupeiformes;Clupeidae;Spratelloides;Spratelloides gracilis;NA;NA;NA
NC_016669.1	Eukaryota;Chordata;Actinopteri;Clupeiformes;Clupeidae;Sprattus;Sprattus muelleri;NA;NA;NA
MN122923.1	Eukaryota;Chordata;Actinopteri;Clupeiformes;Clupeidae;Sprattus;Sprattus sprattus;NA;NA;NA
JF911714.1	Eukaryota;Chordata;Actinopteri;Mugiliformes;Mugilidae;Squalomugil;Squalomugil nasutus;NA;NA;NA
NC_059940.1	Eukaryota;Chordata;Chondrichthyes;Squaliformes;Squalidae;Squalus;Squalus blainville;NA;NA;NA
OP056876.1	Eukaryota;Chordata;Chondrichthyes;Squaliformes;Squalidae;Squalus;Squalus cubensis;NA;NA;NA
KU951280.1	Eukaryota;Chordata;Chondrichthyes;Squaliformes;Squalidae;Squalus;Squalus formosus;NA;NA;NA
LC635110.1	Eukaryota;Chordata;Chondrichthyes;Squaliformes;Squalidae;Squalus;Squalus japonicus;NA;NA;NA
GU130625.1	Eukaryota;Chordata;Chondrichthyes;Squaliformes;Squalidae;Squalus;Squalus megalops;NA;NA;NA
KT459334.1	Eukaryota;Chordata;Chondrichthyes;Squaliformes;Squalidae;Squalus;Squalus montalbani;NA;NA;NA
NC_048468.1	Eukaryota;Chordata;Chondrichthyes;NA;Squatinidae;Squatina;Squatina dumeril;NA;NA;NA
OP056892.2	Eukaryota;Chordata;Actinopteri;NA;Sciaenidae;Stellifer;Stellifer lanceolatus;NA;NA;NA
NC_042761.1	Eukaryota;Chordata;Mammalia;Artiodactyla;Delphinidae;Steno;Steno bredanensis;NA;NA;NA
NC_020761.1	Eukaryota;Chordata;Actinopteri;Salmoniformes;Salmonidae;Stenodus;Stenodus leucichthys;NA;NA;NA
KX686071.1	Eukaryota;Chordata;Actinopteri;Spariformes;Sparidae;Stenotomus;Stenotomus chrysops;NA;NA;NA
AY072666.1	Eukaryota;Chordata;Actinopteri;Acropomatiformes;Polyprionidae;Stereolepis;Stereolepis gigas;NA;NA;NA
PZ237786.1	Eukaryota;Chordata;Actinopteri;Labriformes;Labridae;Stethojulis;Stethojulis bandanensis;NA;NA;NA
PZ237760.1	Eukaryota;Chordata;Actinopteri;Labriformes;Labridae;Stethojulis;Stethojulis strigiventer;NA;NA;NA
LC681776.1	Eukaryota;Chordata;Actinopteri;Labriformes;Labridae;Stethojulis;Stethojulis terina;NA;NA;NA
LC780161.1	Eukaryota;Chordata;Actinopteri;Labriformes;Labridae;Stethojulis;Stethojulis trilineata;NA;NA;NA
MH380882.1	Eukaryota;Chordata;Actinopteri;Clupeiformes;Engraulidae;Stolephorus;Stolephorus commersonnii;NA;NA;NA
NC_033521.1	Eukaryota;Chordata;Actinopteri;Clupeiformes;Engraulidae;Stolephorus;Stolephorus commersonnii;NA;NA;NA
MH380871.1	Eukaryota;Chordata;Actinopteri;Clupeiformes;Engraulidae;Stolephorus;Stolephorus indicus;NA;NA;NA
MH732976.1	Eukaryota;Chordata;Actinopteri;Clupeiformes;Engraulidae;Stolephorus;Stolephorus insularis;NA;NA;NA
MH380877.1	Eukaryota;Chordata;Actinopteri;Clupeiformes;Engraulidae;Stolephorus;Stolephorus waitei;NA;NA;NA
MH380879.1	Eukaryota;Chordata;Actinopteri;Clupeiformes;Engraulidae;Stolephorus;Stolephorus waitei;NA;NA;NA
NC_068728.1	Eukaryota;Chordata;Actinopteri;Clupeiformes;Clupeidae;Stolothrissa;Stolothrissa tanganicae;NA;NA;NA
PV863448.1	Eukaryota;Chordata;Actinopteri;Clupeiformes;Clupeidae;Strangomera;Strangomera bentincki;NA;NA;NA
PX223046.1	Eukaryota;Chordata;Actinopteri;Scombriformes;Stromateidae;Stromateus;Stromateus stellatus;NA;NA;NA
AF231542.1	Eukaryota;Chordata;Actinopteri;Beloniformes;Belonidae;Strongylura;Strongylura exilis;NA;NA;NA
PV814585.1	Eukaryota;Chordata;Actinopteri;Beloniformes;Belonidae;Strongylura;Strongylura exilis;NA;NA;NA
NC_002785.1	Eukaryota;Chordata;Aves;Struthioniformes;Struthionidae;Struthio;Struthio camelus;NA;NA;NA
LC771072.1	Eukaryota;Chordata;Actinopteri;Labriformes;Labridae;Suezichthys;Suezichthys notatus;NA;NA;NA
NC_016725.1	Eukaryota;Chordata;Actinopteri;Clupeiformes;Clupeidae;Sundasalanx;Sundasalanx praecox;NA;NA;NA
NC_016663.1	Eukaryota;Chordata;Actinopteri;Clupeiformes;Clupeidae;Sundasalanx;Sundasalanx sp. Chao Phraya;NA;NA;NA
PV765759.1	Eukaryota;Chordata;Mammalia;Artiodactyla;Suidae;Sus;Sus scrofa;NA;NA;NA
AP003428.1	Eukaryota;Chordata;Mammalia;Artiodactyla;Suidae;Sus;Sus scrofa;Sus scrofa domesticus;NA;NA
OP035248.1	Eukaryota;Chordata;Actinopteri;Perciformes;Serranidae;Suttonia;Suttonia lineata;NA;NA;NA
KU057207.1	Eukaryota;Chordata;Mammalia;Lagomorpha;Leporidae;Sylvilagus;Sylvilagus andinus;NA;NA;NA
KU057258.1	Eukaryota;Chordata;Mammalia;Lagomorpha;Leporidae;Sylvilagus;Sylvilagus andinus;NA;NA;NA
AY292700.1	Eukaryota;Chordata;Mammalia;Lagomorpha;Leporidae;Sylvilagus;Sylvilagus aquaticus;NA;NA;NA
U58927.1	Eukaryota;Chordata;Mammalia;Lagomorpha;Leporidae;Sylvilagus;Sylvilagus aquaticus;NA;NA;NA
AF038019.1	Eukaryota;Chordata;Mammalia;Lagomorpha;Leporidae;Sylvilagus;Sylvilagus audubonii;NA;NA;NA
AY292696.1	Eukaryota;Chordata;Mammalia;Lagomorpha;Leporidae;Sylvilagus;Sylvilagus audubonii;NA;NA;NA
KU057237.1	Eukaryota;Chordata;Mammalia;Lagomorpha;Leporidae;Sylvilagus;Sylvilagus audubonii;NA;NA;NA
KU057212.1	Eukaryota;Chordata;Mammalia;Lagomorpha;Leporidae;Sylvilagus;Sylvilagus audubonii;Sylvilagus audubonii minor;NA;NA
KU057239.1	Eukaryota;Chordata;Mammalia;Lagomorpha;Leporidae;Sylvilagus;Sylvilagus bachmani;Sylvilagus bachmani macrorhinus;NA;NA
KU057214.1	Eukaryota;Chordata;Mammalia;Lagomorpha;Leporidae;Sylvilagus;Sylvilagus bachmani;Sylvilagus bachmani mansuetus;NA;NA
KU057238.1	Eukaryota;Chordata;Mammalia;Lagomorpha;Leporidae;Sylvilagus;Sylvilagus bachmani;Sylvilagus bachmani ubericolor;NA;NA
KU057219.1	Eukaryota;Chordata;Mammalia;Lagomorpha;Leporidae;Sylvilagus;Sylvilagus brasiliensis;NA;NA;NA
KU057222.1	Eukaryota;Chordata;Mammalia;Lagomorpha;Leporidae;Sylvilagus;Sylvilagus brasiliensis;NA;NA;NA
KU057223.1	Eukaryota;Chordata;Mammalia;Lagomorpha;Leporidae;Sylvilagus;Sylvilagus brasiliensis;NA;NA;NA
KU057240.1	Eukaryota;Chordata;Mammalia;Lagomorpha;Leporidae;Sylvilagus;Sylvilagus brasiliensis;NA;NA;NA
MH115197.1	Eukaryota;Chordata;Mammalia;Lagomorpha;Leporidae;Sylvilagus;Sylvilagus brasiliensis;NA;NA;NA
KU057251.1	Eukaryota;Chordata;Mammalia;Lagomorpha;Leporidae;Sylvilagus;Sylvilagus dicei;NA;NA;NA
AY012126.1	Eukaryota;Chordata;Mammalia;Lagomorpha;Leporidae;Sylvilagus;Sylvilagus floridanus;NA;NA;NA
KU057211.1	Eukaryota;Chordata;Mammalia;Lagomorpha;Leporidae;Sylvilagus;Sylvilagus floridanus;NA;NA;NA
KU057216.1	Eukaryota;Chordata;Mammalia;Lagomorpha;Leporidae;Sylvilagus;Sylvilagus floridanus;NA;NA;NA
AY292695.1	Eukaryota;Chordata;Mammalia;Lagomorpha;Leporidae;Sylvilagus;Sylvilagus idahoensis;NA;NA;NA
AY292699.1	Eukaryota;Chordata;Mammalia;Lagomorpha;Leporidae;Sylvilagus;Sylvilagus obscurus;NA;NA;NA
OP056877.2	Eukaryota;Chordata;Actinopteri;Acropomatiformes;Acropomatidae;Synagrops;Synagrops bellus;NA;NA;NA
PV276254.1	Eukaryota;Chordata;Actinopteri;Acropomatiformes;Acropomatidae;Synagrops;Synagrops bellus;NA;NA;NA
JQ235508.1	Eukaryota;Chordata;Mammalia;Artiodactyla;Bovidae;Syncerus;Syncerus caffer;NA;NA;NA
JQ235518.1	Eukaryota;Chordata;Mammalia;Artiodactyla;Bovidae;Syncerus;Syncerus caffer;NA;NA;NA
NC_020617.1	Eukaryota;Chordata;Mammalia;Artiodactyla;Bovidae;Syncerus;Syncerus caffer;NA;NA;NA
KX686078.1	Eukaryota;Chordata;Actinopteri;Syngnathiformes;Syngnathidae;Syngnathus;Syngnathus fuscus;NA;NA;NA
NC_083026.1	Eukaryota;Chordata;Actinopteri;Aulopiformes;Synodontidae;Synodus;Synodus foetens;NA;NA;NA
OP154182.1	Eukaryota;Chordata;Actinopteri;Aulopiformes;Synodontidae;Synodus;Synodus foetens;NA;NA;NA
OP056858.1	Eukaryota;Chordata;Actinopteri;Aulopiformes;Synodontidae;Synodus;Synodus intermedius;NA;NA;NA
HM010690.1	Eukaryota;Chordata;Actinopteri;Cypriniformes;Cyprinidae;Systomus;Systomus sarana;NA;NA;NA
KU886061.1	Eukaryota;Chordata;Actinopteri;Cypriniformes;Cyprinidae;Systomus;Systomus sarana;Systomus sarana sarana;NA;NA
LC888378.1	Eukaryota;Chordata;Actinopteri;Siluriformes;Bagridae;Tachysurus;Tachysurus ichikawai;NA;NA;NA
KJ944420.1	Eukaryota;Chordata;Actinopteri;Gobiiformes;Gobiidae;Taenioides;Taenioides cirratus;NA;NA;NA
NC_071910.1	Eukaryota;Chordata;Actinopteri;Gobiiformes;Gobiidae;Taenioides;Taenioides cirratus;NA;NA;NA
OP326519.1	Eukaryota;Chordata;Actinopteri;Gobiiformes;Gobiidae;Taenioides;Taenioides cirratus;NA;NA;NA
EF126109.1	Eukaryota;Chordata;Actinopteri;Tetraodontiformes;Tetraodontidae;Takifugu;Takifugu alboplumbeus;NA;NA;NA
AJ421455.1	Eukaryota;Chordata;Actinopteri;Tetraodontiformes;Tetraodontidae;Takifugu;Takifugu rubripes;NA;NA;NA
KT600981.1	Eukaryota;Chordata;Actinopteri;Tetraodontiformes;Tetraodontidae;Takifugu;Takifugu rubripes;NA;NA;NA
LC744426.1	Eukaryota;Chordata;Actinopteri;Tetraodontiformes;Tetraodontidae;Takifugu;Takifugu snyderi x Takifugu stictonotus;NA;NA;NA
AP012498.1	Eukaryota;Chordata;Actinopteri;Scombriformes;Bramidae;Taractes;Taractes asper;NA;NA;NA
LC672494.1	Eukaryota;Chordata;Actinopteri;Scombriformes;Bramidae;Taractes;Taractes rubescens;NA;NA;NA
KT153629.1	Eukaryota;Chordata;Actinopteri;Scombriformes;Bramidae;Taractichthys;Taractichthys steindachneri;NA;NA;NA
LC672495.1	Eukaryota;Chordata;Actinopteri;Scombriformes;Bramidae;Taractichthys;Taractichthys steindachneri;NA;NA;NA
PX416976.1	Eukaryota;Chordata;Actinopteri;Siluriformes;Auchenipteridae;Tatia;Tatia aff. intermedia;NA;NA;NA
PX416983.1	Eukaryota;Chordata;Actinopteri;Siluriformes;Auchenipteridae;Tatia;Tatia brunnea;NA;NA;NA
PX416986.1	Eukaryota;Chordata;Actinopteri;Siluriformes;Auchenipteridae;Tatia;Tatia gyrina;NA;NA;NA
PX416987.1	Eukaryota;Chordata;Actinopteri;Siluriformes;Auchenipteridae;Tatia;Tatia punctata;NA;NA;NA
AY279648.1	Eukaryota;Chordata;Actinopteri;Labriformes;Labridae;Tautoga;Tautoga onitis;NA;NA;NA
AY279649.1	Eukaryota;Chordata;Actinopteri;Labriformes;Labridae;Tautogolabrus;Tautogolabrus adspersus;NA;NA;NA
PV276249.1	Eukaryota;Chordata;Actinopteri;Labriformes;Labridae;Tautogolabrus;Tautogolabrus adspersus;NA;NA;NA
NC_016682.1	Eukaryota;Chordata;Actinopteri;Clupeiformes;Clupeidae;Tenualosa;Tenualosa ilisha;NA;NA;NA
AP011604.1	Eukaryota;Chordata;Actinopteri;Clupeiformes;Clupeidae;Tenualosa;Tenualosa thibaudeaui;NA;NA;NA
AP011600.1	Eukaryota;Chordata;Actinopteri;Clupeiformes;Clupeidae;Tenualosa;Tenualosa toli;NA;NA;NA
NC_056114.1	Eukaryota;Chordata;Actinopteri;Centrarchiformes;Terapontidae;Terapon;Terapon theraps;NA;NA;NA
AP011935.1	Eukaryota;Chordata;Actinopteri;Tetraodontiformes;Tetraodontidae;Tetractenos;Tetractenos glaber;NA;NA;NA
NC_015358.1	Eukaryota;Chordata;Actinopteri;Tetraodontiformes;Tetraodontidae;Tetraodon;Tetraodon biocellatus;NA;NA;NA
KT715694.1	Eukaryota;Chordata;Actinopteri;Tetraodontiformes;Tetraodontidae;Tetraodon;Tetraodon lineatus;NA;NA;NA
NC_015363.1	Eukaryota;Chordata;Actinopteri;Tetraodontiformes;Tetraodontidae;Tetraodon;Tetraodon mbu;NA;NA;NA
NC_015361.1	Eukaryota;Chordata;Actinopteri;Tetraodontiformes;Tetraodontidae;Tetraodon;Tetraodon miurus;NA;NA;NA
KF781143.1	Eukaryota;Chordata;Actinopteri;Tetraodontiformes;Tetraodontidae;Tetraodon;Tetraodon nigroviridis;NA;NA;NA
PZ314420.1	Eukaryota;Chordata;Actinopteri;Tetraodontiformes;Tetraodontidae;Tetraodon;Tetraodon pustulatus;NA;NA;NA
NC_012679.1	Eukaryota;Chordata;Actinopteri;Istiophoriformes;Istiophoridae;Tetrapturus;Tetrapturus angustirostris;NA;NA;NA
LC589564.2	Eukaryota;Chordata;Actinopteri;Labriformes;Labridae;Thalassoma;Thalassoma amblycephalum;NA;NA;NA
OP035111.1	Eukaryota;Chordata;Actinopteri;Labriformes;Labridae;Thalassoma;Thalassoma ballieui;NA;NA;NA
OP056853.2	Eukaryota;Chordata;Actinopteri;Labriformes;Labridae;Thalassoma;Thalassoma bifasciatum;NA;NA;NA
LC589565.2	Eukaryota;Chordata;Actinopteri;Labriformes;Labridae;Thalassoma;Thalassoma cupido;NA;NA;NA
OP035191.1	Eukaryota;Chordata;Actinopteri;Labriformes;Labridae;Thalassoma;Thalassoma duperrey;NA;NA;NA
PZ237756.1	Eukaryota;Chordata;Actinopteri;Labriformes;Labridae;Thalassoma;Thalassoma hardwicke;NA;NA;NA
NC_071873.1	Eukaryota;Chordata;Actinopteri;Labriformes;Labridae;Thalassoma;Thalassoma jansenii;NA;NA;NA
PZ237758.1	Eukaryota;Chordata;Actinopteri;Labriformes;Labridae;Thalassoma;Thalassoma lunare;NA;NA;NA
OP035098.1	Eukaryota;Chordata;Actinopteri;Labriformes;Labridae;Thalassoma;Thalassoma trilobatum;NA;NA;NA
LC820549.1	Eukaryota;Chordata;Mammalia;Rodentia;Thryonomyidae;Thryonomys;Thryonomys swinderianus;NA;NA;NA
NC_002658.1	Eukaryota;Chordata;Mammalia;Rodentia;Thryonomyidae;Thryonomys;Thryonomys swinderianus;NA;NA;NA
AP009616.1	Eukaryota;Chordata;Actinopteri;Clupeiformes;Engraulidae;Thryssa;Thryssa baelama;NA;NA;NA
MH380832.1	Eukaryota;Chordata;Actinopteri;Clupeiformes;Engraulidae;Thryssa;Thryssa baelama;NA;NA;NA
PX734713.1	Eukaryota;Chordata;Actinopteri;Clupeiformes;Engraulidae;Thryssa;Thryssa brevicauda;NA;NA;NA
AP017953.1	Eukaryota;Chordata;Actinopteri;Clupeiformes;Engraulidae;Thryssa;Thryssa dussumieri;NA;NA;NA
MH380833.1	Eukaryota;Chordata;Actinopteri;Clupeiformes;Engraulidae;Thryssa;Thryssa encrasicholoides;NA;NA;NA
KX096870.1	Eukaryota;Chordata;Actinopteri;Clupeiformes;Engraulidae;Thryssa;Thryssa hamiltonii;NA;NA;NA
MH380844.1	Eukaryota;Chordata;Actinopteri;Clupeiformes;Engraulidae;Thryssa;Thryssa hamiltonii;NA;NA;NA
KT985048.1	Eukaryota;Chordata;Actinopteri;Clupeiformes;Engraulidae;Thryssa;Thryssa kammalensis;NA;NA;NA
PX430451.1	Eukaryota;Chordata;Actinopteri;Clupeiformes;Engraulidae;Thryssa;Thryssa katana;NA;NA;NA
MH380858.1	Eukaryota;Chordata;Actinopteri;Clupeiformes;Engraulidae;Thryssa;Thryssa malabarica;NA;NA;NA
PX734714.1	Eukaryota;Chordata;Actinopteri;Clupeiformes;Engraulidae;Thryssa;Thryssa malabarica;NA;NA;NA
MH380847.1	Eukaryota;Chordata;Actinopteri;Clupeiformes;Engraulidae;Thryssa;Thryssa mystax;NA;NA;NA
MH380852.1	Eukaryota;Chordata;Actinopteri;Clupeiformes;Engraulidae;Thryssa;Thryssa polybranchialis;NA;NA;NA
PX734680.1	Eukaryota;Chordata;Actinopteri;Clupeiformes;Engraulidae;Thryssa;Thryssa scratchleyi;NA;NA;NA
AP017958.1	Eukaryota;Chordata;Actinopteri;Clupeiformes;Engraulidae;Thryssa;Thryssa setirostris;NA;NA;NA
MG786488.1	Eukaryota;Chordata;Actinopteri;Clupeiformes;Engraulidae;Thryssa;Thryssa vitrirostris;NA;NA;NA
MH380854.1	Eukaryota;Chordata;Actinopteri;Clupeiformes;Engraulidae;Thryssa;Thryssa vitrirostris;NA;NA;NA
MH380856.1	Eukaryota;Chordata;Actinopteri;Clupeiformes;Engraulidae;Thryssa;Thryssa vitrirostris;NA;NA;NA
PQ385613.1	Eukaryota;Chordata;Actinopteri;Clupeiformes;Engraulidae;Thryssa;Thryssa vitrirostris;NA;NA;NA
AM931028.1	Eukaryota;Chordata;Actinopteri;Scombriformes;Scombridae;Thunnus;Thunnus alalunga;NA;NA;NA
KM055364.1	Eukaryota;Chordata;Actinopteri;Scombriformes;Scombridae;Thunnus;Thunnus alalunga;NA;NA;NA
KM055365.1	Eukaryota;Chordata;Actinopteri;Scombriformes;Scombridae;Thunnus;Thunnus albacares;NA;NA;NA
KM055362.1	Eukaryota;Chordata;Actinopteri;Scombriformes;Scombridae;Thunnus;Thunnus maccoyii;NA;NA;NA
KM055363.1	Eukaryota;Chordata;Actinopteri;Scombriformes;Scombridae;Thunnus;Thunnus obesus;NA;NA;NA
AP006034.1	Eukaryota;Chordata;Actinopteri;Scombriformes;Scombridae;Thunnus;Thunnus thynnus;NA;NA;NA
PX740846.1	Eukaryota;Chordata;Actinopteri;Scombriformes;Scombridae;Thunnus;Thunnus thynnus;NA;NA;NA
FJ872559.1	Eukaryota;Chordata;Actinopteri;Salmoniformes;Salmonidae;Thymallus;Thymallus arcticus;NA;NA;NA
MF621755.1	Eukaryota;Chordata;Actinopteri;Salmoniformes;Salmonidae;Thymallus;Thymallus arcticus;NA;NA;NA
MT063015.1	Eukaryota;Chordata;Actinopteri;Salmoniformes;Salmonidae;Thymallus;Thymallus arcticus;NA;NA;NA
NC_066972.1	Eukaryota;Chordata;Actinopteri;Scombriformes;Gempylidae;Thyrsites;Thyrsites atun;NA;NA;NA
OP168897.1	Eukaryota;Chordata;Actinopteri;Scombriformes;Gempylidae;Thyrsites;Thyrsites atun;NA;NA;NA
OP598801.1	Eukaryota;Chordata;Actinopteri;Scombriformes;Gempylidae;Thyrsites;Thyrsites atun;NA;NA;NA
NC_088029.1	Eukaryota;Chordata;Actinopteri;Scombriformes;Gempylidae;Thyrsites;Thyrsites lepidopodea;NA;NA;NA
NC_008648.1	Eukaryota;Chordata;Actinopteri;Cypriniformes;Tincidae;Tinca;Tinca tinca;NA;NA;NA
LC579333.2	Eukaryota;Chordata;Actinopteri;Tetraodontiformes;Tetraodontidae;Torquigener;Torquigener albomaculosus;NA;NA;NA
PZ025845.1	Eukaryota;Chordata;Actinopteri;Tetraodontiformes;Tetraodontidae;Torquigener;Torquigener gloerfelti;NA;NA;NA
AP011926.1	Eukaryota;Chordata;Actinopteri;Tetraodontiformes;Tetraodontidae;Torquigener;Torquigener pleurogramma;NA;NA;NA
PX417023.1	Eukaryota;Chordata;Actinopteri;Siluriformes;Auchenipteridae;Trachelyopterus;Trachelyopterus coriaceus;NA;NA;NA
LC669539.1	Eukaryota;Chordata;Actinopteri;Carangiformes;Carangidae;Trachinotus;Trachinotus baillonii;NA;NA;NA
PX430463.1	Eukaryota;Chordata;Actinopteri;Carangiformes;Carangidae;Trachinotus;Trachinotus baillonii;NA;NA;NA
NC_024026.1	Eukaryota;Chordata;Actinopteri;Carangiformes;Carangidae;Trachinotus;Trachinotus blochii;NA;NA;NA
NC_024184.1	Eukaryota;Chordata;Actinopteri;Carangiformes;Carangidae;Trachinotus;Trachinotus carolinus;NA;NA;NA
PV814591.1	Eukaryota;Chordata;Actinopteri;Carangiformes;Carangidae;Trachinotus;Trachinotus goodei;NA;NA;NA
NC_022707.1	Eukaryota;Chordata;Actinopteri;Carangiformes;Carangidae;Trachinotus;Trachinotus ovatus;NA;NA;NA
PQ628831.1	Eukaryota;Chordata;Actinopteri;Carangiformes;Carangidae;Trachinotus;Trachinotus teraia;NA;NA;NA
AP006024.1	Eukaryota;Chordata;Actinopteri;Perciformes;Trachinidae;Trachinus;Trachinus draco;NA;NA;NA
NC_082545.1	Eukaryota;Chordata;Actinopteri;Carangiformes;Carangidae;Trachurus;Trachurus symmetricus;NA;NA;NA
NC_006818.1	Eukaryota;Chordata;Actinopteri;Carangiformes;Carangidae;Trachurus;Trachurus trachurus;NA;NA;NA
NC_008224.1	Eukaryota;Chordata;Actinopteri;Gadiformes;Macrouridae;Trachyrincus;Trachyrincus murrayi;NA;NA;NA
NC_026287.1	Eukaryota;Chordata;Chondrichthyes;Carcharhiniformes;Carcharhinidae;Triaenodon;Triaenodon obesus;NA;NA;NA
NC_077588.1	Eukaryota;Chordata;Chondrichthyes;Carcharhiniformes;Triakidae;Triakis;Triakis semifasciata;NA;NA;NA
LC891860.2	Eukaryota;Chordata;Actinopteri;Scombriformes;Trichiuridae;Trichiurus;Trichiurus lepturus;NA;NA;NA
MW719078.1	Eukaryota;Chordata;Actinopteri;Scombriformes;Trichiuridae;Trichiurus;Trichiurus lepturus;NA;NA;NA
OP057006.2	Eukaryota;Chordata;Actinopteri;Scombriformes;Trichiuridae;Trichiurus;Trichiurus lepturus;NA;NA;NA
OP057099.2	Eukaryota;Chordata;Actinopteri;Scombriformes;Trichiuridae;Trichiurus;Trichiurus lepturus;NA;NA;NA
OR582672.1	Eukaryota;Chordata;Actinopteri;Scombriformes;Trichiuridae;Trichiurus;Trichiurus lepturus;NA;NA;NA
NC_018791.1	Eukaryota;Chordata;Actinopteri;Scombriformes;Trichiuridae;Trichiurus;Trichiurus lepturus;Trichiurus lepturus nanhaiensis;NA;NA
NC_044859.1	Eukaryota;Chordata;Actinopteri;Anabantiformes;Osphronemidae;Trichopodus;Trichopodus pectoralis;NA;NA;NA
NC_083156.1	Eukaryota;Chordata;Actinopteri;Pleuronectiformes;Achiridae;Trinectes;Trinectes inscriptus;NA;NA;NA
PX740837.1	Eukaryota;Chordata;Actinopteri;Pleuronectiformes;Achiridae;Trinectes;Trinectes maculatus;NA;NA;NA
NC_022140.1	Eukaryota;Chordata;Actinopteri;Perciformes;Serranidae;Triso;Triso dermopterus;NA;NA;NA
NC_016693.1	Eukaryota;Chordata;Actinopteri;Gobiiformes;Gobiidae;Trypauchen;Trypauchen vagina;NA;NA;NA
NC_012058.1	Eukaryota;Chordata;Mammalia;Artiodactyla;Delphinidae;Tursiops;Tursiops aduncus;NA;NA;NA
NC_022805.1	Eukaryota;Chordata;Mammalia;Artiodactyla;Delphinidae;Tursiops;Tursiops australis;NA;NA;NA
EU557093.1	Eukaryota;Chordata;Mammalia;Artiodactyla;Delphinidae;Tursiops;Tursiops truncatus;NA;NA;NA
AP011939.1	Eukaryota;Chordata;Actinopteri;Tetraodontiformes;Tetraodontidae;Tylerius;Tylerius spinosissimus;NA;NA;NA
MT903228.1	Eukaryota;Chordata;Actinopteri;Tetraodontiformes;Tetraodontidae;Tylerius;Tylerius spinosissimus;NA;NA;NA
AF231577.1	Eukaryota;Chordata;Actinopteri;Beloniformes;Belonidae;Tylosurus;Tylosurus crocodilus;NA;NA;NA
AF231579.1	Eukaryota;Chordata;Actinopteri;Beloniformes;Belonidae;Tylosurus;Tylosurus crocodilus;Tylosurus crocodilus crocodilus;NA;NA
MH248221.1	Eukaryota;Chordata;Actinopteri;Beloniformes;Belonidae;Tylosurus;Tylosurus crocodilus;Tylosurus crocodilus crocodilus;NA;NA
NC_088030.1	Eukaryota;Chordata;Actinopteri;NA;Sciaenidae;Umbrina;Umbrina canosai;NA;NA;NA
NC_063704.1	Eukaryota;Chordata;Actinopteri;Syngnathiformes;Mullidae;Upeneus;Upeneus japonicus;NA;NA;NA
NC_063690.1	Eukaryota;Chordata;Actinopteri;Syngnathiformes;Mullidae;Upeneus;Upeneus sulphureus;NA;NA;NA
NC_088031.1	Eukaryota;Chordata;Actinopteri;Gadiformes;Phycidae;Urophycis;Urophycis brasiliensis;NA;NA;NA
PV656767.1	Eukaryota;Chordata;Actinopteri;Gadiformes;Phycidae;Urophycis;Urophycis earllii;NA;NA;NA
FJ215094.1	Eukaryota;Chordata;Actinopteri;Gadiformes;Phycidae;Urophycis;Urophycis floridana;NA;NA;NA
FJ215091.1	Eukaryota;Chordata;Actinopteri;Gadiformes;Phycidae;Urophycis;Urophycis regia;NA;NA;NA
BK076010.1	Eukaryota;Chordata;Actinopteri;Siluriformes;Trichomycteridae;Vandellia;Vandellia beccarii;NA;NA;NA
AY949412.1	Eukaryota;Chordata;Actinopteri;Perciformes;Serranidae;Variola;Variola albimarginata;NA;NA;NA
NC_022139.1	Eukaryota;Chordata;Actinopteri;Perciformes;Serranidae;Variola;Variola albimarginata;NA;NA;NA
AY949363.1	Eukaryota;Chordata;Actinopteri;Perciformes;Serranidae;Variola;Variola louti;NA;NA;NA
NC_022138.1	Eukaryota;Chordata;Actinopteri;Perciformes;Serranidae;Variola;Variola louti;NA;NA;NA
KU168760.1	Eukaryota;Chordata;Mammalia;Artiodactyla;Camelidae;Vicugna;Vicugna pacos;Vicugna pacos huacaya;NA;NA
PZ310949.1	Eukaryota;Chordata;Actinopteri;Spariformes;Lethrinidae;Wattsia;Wattsia mossambica;NA;NA;NA
OR575617.1	Eukaryota;Chordata;Actinopteri;Labriformes;Labridae;Wetmorella;Wetmorella albofasciata;NA;NA;NA
MH688241.1	Eukaryota;Chordata;Actinopteri;Beloniformes;Belonidae;Xenentodon;Xenentodon cancila;NA;NA;NA
NC_012677.1	Eukaryota;Chordata;Actinopteri;Istiophoriformes;Xiphiidae;Xiphias;Xiphias gladius;NA;NA;NA
OP057017.2	Eukaryota;Chordata;Actinopteri;Labriformes;Labridae;Xyrichtys;Xyrichtys martinicensis;NA;NA;NA
NC_083028.1	Eukaryota;Chordata;Actinopteri;Labriformes;Labridae;Xyrichtys;Xyrichtys novacula;NA;NA;NA
OP057100.2	Eukaryota;Chordata;Actinopteri;Labriformes;Labridae;Xyrichtys;Xyrichtys splendens;NA;NA;NA
AF488504.1	Eukaryota;Chordata;Actinopteri;Pleuronectiformes;Paralichthyidae;Xystreurys;Xystreurys liolepis;NA;NA;NA
AM181017.1	Eukaryota;Chordata;Mammalia;Carnivora;Otariidae;Zalophus;Zalophus californianus;NA;NA;NA
NC_024937.1	Eukaryota;Chordata;Chondrichthyes;Rhinopristiformes;Rhinobatidae;Zapteryx;Zapteryx exasperata;NA;NA;NA
LC723805.1	Eukaryota;Chordata;Actinopteri;Acanthuriformes;Acanthuridae;Zebrasoma;Zebrasoma velifer;NA;NA;NA
KT367804.1	Eukaryota;Chordata;Actinopteri;Pleuronectiformes;Soleidae;Zebrias;Zebrias crossolepis;NA;NA;NA
JQ348999.1	Eukaryota;Chordata;Actinopteri;Pleuronectiformes;Soleidae;Zebrias;Zebrias quagga;NA;NA;NA
JQ700100.1	Eukaryota;Chordata;Actinopteri;Pleuronectiformes;Soleidae;Zebrias;Zebrias zebra;NA;NA;NA
PX940800.1	Eukaryota;Chordata;Actinopteri;Zeiformes;Zeidae;Zenopsis;Zenopsis conchifer;NA;NA;NA
AF149994.1	Eukaryota;Chordata;Actinopteri;Zeiformes;Zeidae;Zenopsis;Zenopsis nebulosus;NA;NA;NA
AF149993.1	Eukaryota;Chordata;Actinopteri;Zeiformes;Zeidae;Zeus;Zeus faber;NA;NA;NA
LC661331.1	Eukaryota;Chordata;Actinopteri;Zeiformes;Zeidae;Zeus;Zeus faber;NA;NA;NA
LC661332.1	Eukaryota;Chordata;Actinopteri;Zeiformes;Zeidae;Zeus;Zeus faber;NA;NA;NA
MT410863.1	Eukaryota;Chordata;Actinopteri;Zeiformes;Zeidae;Zeus;Zeus faber;NA;NA;NA
NC_003190.1	Eukaryota;Chordata;Actinopteri;Zeiformes;Zeidae;Zeus;Zeus faber;NA;NA;NA
PX719005.1	Eukaryota;Chordata;Actinopteri;Perciformes;Zoarcidae;Zoarces;Zoarces americanus;NA;NA;NA
NC_088490.1	Eukaryota;Chordata;Actinopteri;Perciformes;Zoarcidae;Zoarces;Zoarces viviparus;NA;NA;NA
U90403.1	Eukaryota;Chordata;Actinopteri;Perciformes;Zoarcidae;Zoarces;Zoarces viviparus;NA;NA;NA
EF218634.1	Eukaryota;Chordata;Actinopteri;Gobiiformes;Gobiidae;Zosterisessor;Zosterisessor ophiocephalus;NA;NA;NA
AY264068.1	Eukaryota;Chordata;Actinopteri;Siluriformes;Pimelodidae;Zungaro;Zungaro zungaro;NA;NA;NA
JF898650.1	Eukaryota;Chordata;Actinopteri;Siluriformes;Pimelodidae;Zungaro;Zungaro zungaro;NA;NA;NA
synthetic_12S_ASV	synthetic 12S ASV;synthetic 12S ASV;synthetic 12S ASV;synthetic 12S ASV;synthetic 12S ASV;synthetic 12S ASV;synthetic 12S ASV;NA;NA;NA
