Feature ID	Taxon
HM851303.1	NA;Arthropoda;Malacostraca;Decapoda;Xanthidae;Chlorodiella;Chlorodiella cytherea;NA;NA;NA
KF374990.1	NA;Chordata;Actinopteri;Mugiliformes;Mugilidae;Moolgarda;Moolgarda cunnesius;NA;NA;NA
JF911717.2	NA;Chordata;Actinopteri;Mugiliformes;Mugilidae;Moolgarda;Moolgarda cunnesius;NA;NA;NA
JF911714.1	NA;Chordata;Actinopteri;Mugiliformes;Mugilidae;Squalomugil;Squalomugil nasutus;NA;NA;NA
LC720142.1	NA;Chordata;Actinopteri;Mugiliformes;Mugilidae;Osteomugil;Osteomugil engeli;NA;NA;NA
KF374991.1	NA;Chordata;Actinopteri;Mugiliformes;Mugilidae;Osteomugil;Osteomugil engeli;NA;NA;NA
KF374995.1	NA;Chordata;Actinopteri;Mugiliformes;Mugilidae;Osteomugil;Osteomugil speigleri;NA;NA;NA
NC_057260.1	NA;Chordata;Actinopteri;Perciformes;Serranidae;Plectropomus;Plectropomus laevis;NA;NA;NA
AY949376.1	NA;Chordata;Actinopteri;Perciformes;Serranidae;Hyporthodus;Hyporthodus acanthistius;NA;NA;NA
AY949352.1	NA;Chordata;Actinopteri;Perciformes;Serranidae;Plectropomus;Plectropomus leopardus;NA;NA;NA
AY949447.1	NA;Chordata;Actinopteri;Perciformes;Serranidae;Plectropomus;Plectropomus areolatus;NA;NA;NA
PZ237795.1	NA;Chordata;Actinopteri;Perciformes;Serranidae;Plectropomus;Plectropomus oligacanthus;NA;NA;NA
HM106489.1	NA;Chordata;Actinopteri;Osmeriformes;Osmeridae;Hypomesus;Hypomesus nipponensis;NA;NA;NA
Hypomesus	NA;Chordata;Actinopteri;Osmeriformes;Osmeridae;Hypomesus;Hypomesus pretiosus;NA;NA;NA
AB047553.2	NA;Chordata;Actinopteri;Osmeriformes;Plecoglossidae;Plecoglossus;Plecoglossus altivelis;NA;NA;NA
Hypomesus_1	NA;Chordata;Actinopteri;Osmeriformes;Osmeridae;Hypomesus;Hypomesus pretiosus;NA;NA;NA
AB095998.1	NA;Chordata;Actinopteri;Osmeriformes;Osmeridae;Spirinchus;Spirinchus lanceolatus;NA;NA;NA
HM106491.1	NA;Chordata;Actinopteri;Osmeriformes;Salangidae;Mallotus;Mallotus villosus;NA;NA;NA
MH238073.1	NA;Chordata;Actinopteri;Osmeriformes;Osmeridae;Osmerus;Osmerus eperlanus;NA;NA;NA
HM106493.1	NA;Chordata;Actinopteri;Osmeriformes;Osmeridae;Osmerus;Osmerus mordax;NA;NA;NA
MH370836.1	NA;Chordata;Actinopteri;Osmeriformes;Osmeridae;Osmerus;Osmerus mordax;Osmerus mordax dentex;NA;NA
Spirinchus	NA;Chordata;Actinopteri;Osmeriformes;Osmeridae;Spirinchus;Spirinchus thaleichthys;NA;NA;NA
KX929906.1	NA;Chordata;Actinopteri;Osmeriformes;Salangidae;Mallotus;Mallotus villosus;NA;NA;NA
PZ284645.1	NA;Chordata;Actinopteri;Osmeriformes;Salangidae;Mallotus;Mallotus villosus;NA;NA;NA
KY798444.1	NA;Chordata;Hyperoartia;Petromyzontiformes;Petromyzontidae;Mordacia;Mordacia mordax;NA;NA;NA
LC874618.1	NA;Chordata;Hyperoartia;Petromyzontiformes;Petromyzontidae;Lethenteron;Lethenteron mitsukurii;NA;NA;NA
AF149991.1	NA;Chordata;Actinopteri;Batrachoidiformes;Batrachoididae;Opsanus;Opsanus tau;NA;NA;NA
Pseudupeneus	NA;Chordata;Actinopteri;Syngnathiformes;Mullidae;Pseudupeneus;Pseudupeneus maculatus;NA;NA;NA
LC579948.1	NA;Chordata;Actinopteri;Syngnathiformes;Mullidae;Parupeneus;Parupeneus ciliatus;NA;NA;NA
Mulloidichthys	NA;Chordata;Actinopteri;Syngnathiformes;Mullidae;Mulloidichthys;Mulloidichthys vanicolensis;NA;NA;NA
AB355921.1	NA;Chordata;Actinopteri;Syngnathiformes;Mullidae;Upeneus;Upeneus japonicus;NA;NA;NA
OP718221.1	NA;Chordata;Actinopteri;Syngnathiformes;Mullidae;Parupeneus;Parupeneus multifasciatus;NA;NA;NA
MT410885.1	NA;Chordata;Actinopteri;Syngnathiformes;Mullidae;Mullus;Mullus surmuletus;NA;NA;NA
KY421807.1	NA;Chordata;Actinopteri;Labriformes;Labridae;Calotomus;Calotomus carolinus;NA;NA;NA
Centropristis	NA;Pseudomonadota;Gammaproteobacteria;Vibrionales;Vibrionaceae;Vibrio;Vibrio alginolyticus;NA;NA;NA
PV710306.1	NA;Chordata;Actinopteri;Perciformes;Serranidae;Centropristis;Centropristis philadelphica;NA;NA;NA
PX987570.1	NA;Chordata;Actinopteri;Perciformes;Serranidae;Serranus;Serranus maytagi;NA;NA;NA
MZ351455.1	NA;Chordata;Mammalia;Artiodactyla;Delphinidae;Orcaella;Orcaella brevirostris;NA;NA;NA
NC_022805.1	NA;Chordata;Mammalia;Artiodactyla;Delphinidae;Tursiops;Tursiops australis;NA;NA;NA
MW183360.1	NA;Chordata;Mammalia;Artiodactyla;Delphinidae;Tursiops;Tursiops truncatus;NA;NA;NA
EU557093.1	NA;Chordata;Mammalia;Artiodactyla;Delphinidae;Tursiops;Tursiops truncatus;NA;NA;NA
PP727284.1	NA;Chordata;Mammalia;Artiodactyla;Delphinidae;Delphinus;Delphinus delphis;NA;NA;NA
NC_012061.1	NA;Chordata;Mammalia;Artiodactyla;Delphinidae;Delphinus;Delphinus capensis;NA;NA;NA
JF339972.1	NA;Chordata;Mammalia;Artiodactyla;Delphinidae;Globicephala;Globicephala melas;NA;NA;NA
MZ351448.1	NA;Chordata;Mammalia;Artiodactyla;Delphinidae;Orcaella;Orcaella brevirostris;NA;NA;NA
LC630882.1	NA;Chordata;Mammalia;Artiodactyla;Delphinidae;Grampus;Grampus griseus;NA;NA;NA
MT410900.1	NA;Chordata;Mammalia;Artiodactyla;Delphinidae;Leucopleurus;Leucopleurus acutus;NA;NA;NA
JF339977.1	NA;Chordata;Mammalia;Artiodactyla;Delphinidae;Orcaella;Orcaella heinsohni;NA;NA;NA
NC_019577.1	NA;Chordata;Mammalia;Artiodactyla;Delphinidae;Pseudorca;Pseudorca crassidens;NA;NA;NA
LC868004.1	NA;Chordata;Mammalia;Artiodactyla;Delphinidae;Orcinus;Orcinus orca;NA;NA;NA
MN365274.1	NA;Chordata;Mammalia;Artiodactyla;Delphinidae;Sousa;Sousa teuszii;NA;NA;NA
PX519993.1	NA;Chordata;Mammalia;Artiodactyla;Balaenopteridae;Balaenoptera;Balaenoptera bonaerensis;NA;NA;NA
NC_012058.1	NA;Chordata;Mammalia;Artiodactyla;Delphinidae;Tursiops;Tursiops aduncus;NA;NA;NA
AP012944.1	NA;Chordata;Actinopteri;Scombriformes;Trichiuridae;Aphanopus;Aphanopus carbo;NA;NA;NA
PQ859329.1	NA;Chordata;Actinopteri;Scombriformes;Trichiuridae;Lepidopus;Lepidopus caudatus;NA;NA;NA
Lepturacanthus	NA;Chordata;Actinopteri;Scombriformes;Trichiuridae;Lepturacanthus;Lepturacanthus savala;NA;NA;NA
MW719078.1	NA;Chordata;Actinopteri;Scombriformes;Trichiuridae;Trichiurus;Trichiurus lepturus;NA;NA;NA
BK071526.1	NA;Chordata;Mammalia;Artiodactyla;Phocoenidae;Neophocaena;Neophocaena asiaeorientalis;Neophocaena asiaeorientalis asiaeorientalis;NA;NA
OR353710.1	NA;Chordata;Mammalia;Artiodactyla;Phocoenidae;Neophocaena;Neophocaena phocaenoides;NA;NA;NA
ON675352.1	NA;Chordata;Mammalia;Artiodactyla;Balaenopteridae;Balaenoptera;Balaenoptera musculus;NA;NA;NA
ON675314.1	NA;Chordata;Mammalia;Artiodactyla;Balaenopteridae;Balaenoptera;Balaenoptera musculus;NA;NA;NA
ON675282.1	NA;Chordata;Mammalia;Artiodactyla;Balaenopteridae;Balaenoptera;Balaenoptera musculus;NA;NA;NA
AM181036.1	NA;Chordata;Mammalia;Carnivora;Phocidae;Pusa;Pusa hispida;NA;NA;NA
ON675355.1	NA;Chordata;Mammalia;Artiodactyla;Balaenopteridae;Balaenoptera;Balaenoptera musculus;NA;NA;NA
AM181030.1	NA;Chordata;Mammalia;Carnivora;Phocidae;Phoca;Phoca groenlandica;NA;NA;NA
KP942571.1	NA;Chordata;Mammalia;Carnivora;Phocidae;Phoca;Phoca groenlandica;NA;NA;NA
PQ827035.1	NA;Chordata;Mammalia;Carnivora;Phocidae;Phoca;Phoca groenlandica;NA;NA;NA
KP942568.1	NA;Chordata;Mammalia;Carnivora;Phocidae;Phoca;Phoca groenlandica;NA;NA;NA
AM181032.1	NA;Chordata;Mammalia;Carnivora;Phocidae;Phoca;Phoca vitulina;NA;NA;NA
GU174596.1	NA;Chordata;Mammalia;Carnivora;Phocidae;Phoca;Phoca groenlandica;NA;NA;NA
KP942573.1	NA;Chordata;Mammalia;Carnivora;Phocidae;Phoca;Phoca groenlandica;NA;NA;NA
AM181028.1	NA;Chordata;Mammalia;Carnivora;Phocidae;Cystophora;Cystophora cristata;NA;NA;NA
JX477078.1	NA;Chordata;Actinopteri;Scombriformes;Trichiuridae;Trichiurus;Trichiurus lepturus;Trichiurus lepturus nanhaiensis;NA;NA
LC891860.2	NA;Chordata;Actinopteri;Scombriformes;Trichiuridae;Trichiurus;Trichiurus lepturus;NA;NA;NA
PQ628767.1	NA;Chordata;Actinopteri;NA;Polynemidae;Polynemus;Polynemus decadactylus;NA;NA;NA
PZ253499.1	NA;Chordata;Actinopteri;Labriformes;Labridae;Halichoeres;Halichoeres chloropterus;NA;NA;NA
Colistium	NA;Platyhelminthes;Trematoda;Opisthorchiida;Acanthocolpidae;Stephanostomum;Stephanostomum sp. 1 JB-2023;NA;NA;NA
NC_052757.1	NA;Chordata;Actinopteri;Gobiiformes;Gobiidae;Neogobius;Neogobius melanostomus;NA;NA;NA
FJ215004.1	NA;Chordata;Actinopteri;Gadiformes;Macrouridae;Coelorinchus;Coelorinchus fasciatus;NA;NA;NA
KX929910.1	NA;Chordata;Actinopteri;Gadiformes;Macrouridae;Nezumia;Nezumia bairdii;NA;NA;NA
Acanthocybium	NA;Chordata;Actinopteri;Scombriformes;Scombridae;Acanthocybium;Acanthocybium solandri;NA;NA;NA
PP032949.1	NA;Chordata;Actinopteri;Scombriformes;Scombridae;Acanthocybium;Acanthocybium solandri;NA;NA;NA
Pomatomus	NA;Chordata;Actinopteri;Scombriformes;Pomatomidae;Pomatomus;Pomatomus saltator;NA;NA;NA
OR911369.1	NA;Chordata;Actinopteri;Scombriformes;Pomatomidae;Pomatomus;Pomatomus saltator;NA;NA;NA
GU109281.1	NA;Chordata;Actinopteri;Scombriformes;Scombridae;Scomberomorus;Scomberomorus niphonius;NA;NA;NA
DQ536428.1	NA;Chordata;Actinopteri;Scombriformes;Scombridae;Scomberomorus;Scomberomorus cavalla;NA;NA;NA
KJ408216.1	NA;Chordata;Actinopteri;Scombriformes;Gempylidae;Rexea;Rexea solandri;NA;NA;NA
EU861054.1	NA;Chordata;Actinopteri;NA;Malacanthidae;Branchiostegus;Branchiostegus argentatus;NA;NA;NA
AP006804.1	NA;Chordata;Actinopteri;NA;Malacanthidae;Branchiostegus;Branchiostegus japonicus;NA;NA;NA
NC_066972.1	NA;Chordata;Actinopteri;Scombriformes;Gempylidae;Thyrsites;Thyrsites atun;NA;NA;NA
OP598801.1	NA;Chordata;Actinopteri;Scombriformes;Gempylidae;Thyrsites;Thyrsites atun;NA;NA;NA
PV642269.1	NA;Chordata;Actinopteri;Clupeiformes;Clupeidae;Sardinella;Sardinella aurita;NA;NA;NA
OR812674.1	NA;Chordata;Chondrichthyes;Rajiformes;Rajidae;Amblyraja;Amblyraja radiata;NA;NA;NA
PX430014.1	NA;Chordata;Actinopteri;Clupeiformes;Chirocentridae;Chirocentrus;Chirocentrus dorab;NA;NA;NA
AP018763.1	NA;Chordata;Actinopteri;Clupeiformes;Chirocentridae;Chirocentrus;Chirocentrus dorab;NA;NA;NA
PX904198.1	NA;Chordata;Actinopteri;Clupeiformes;Chirocentridae;Chirocentrus;Chirocentrus dorab;NA;NA;NA
AP008990.1	NA;Chordata;Actinopteri;Gadiformes;Macrouridae;Trachyrincus;Trachyrincus murrayi;NA;NA;NA
Doederleinia	NA;Chordata;Actinopteri;Acropomatiformes;Acropomatidae;Doederleinia;Doederleinia berycoides;NA;NA;NA
PZ315220.1	NA;Chordata;Actinopteri;Perciformes;Serranidae;Pseudogramma;Pseudogramma gregoryi;NA;NA;NA
GQ352661.1	NA;Chordata;Actinopteri;Atheriniformes;Atherinidae;Atherina;Atherina boyeri;NA;NA;NA
OP035248.1	NA;Chordata;Actinopteri;Perciformes;Serranidae;Suttonia;Suttonia lineata;NA;NA;NA
LC814583.1	NA;Chordata;Actinopteri;Labriformes;Labridae;Pseudolabrus;Pseudolabrus sieboldi;NA;NA;NA
LC790131.1	NA;Chordata;Actinopteri;Labriformes;Labridae;Pseudolabrus;Pseudolabrus sieboldi;NA;NA;NA
LC649220.1	NA;Chordata;Actinopteri;Labriformes;Labridae;Pseudolabrus;Pseudolabrus eoethinus;NA;NA;NA
NC_022140.1	NA;Chordata;Actinopteri;Perciformes;Serranidae;Triso;Triso dermopterus;NA;NA;NA
LC681776.1	NA;Chordata;Actinopteri;Labriformes;Labridae;Stethojulis;Stethojulis terina;NA;NA;NA
PV454009.1	NA;Chordata;Actinopteri;Labriformes;Labridae;Decodon;Decodon melasma;NA;NA;NA
PZ253521.1	NA;Chordata;Actinopteri;Labriformes;Labridae;Halichoeres;Halichoeres biocellatus;NA;NA;NA
AF150008.1	NA;Chordata;Actinopteri;Pleuronectiformes;Bothidae;Bothus;Bothus lunatus;NA;NA;NA
OP035108.1	NA;Chordata;Actinopteri;Carangiformes;Carangidae;Decapterus;Decapterus punctatus;NA;NA;NA
MH377782.1	NA;Chordata;Actinopteri;NA;Malacanthidae;Lopholatilus;Lopholatilus chamaeleonticeps;NA;NA;NA
Polydactylus	NA;Chordata;Actinopteri;NA;Polynemidae;Polydactylus;Polydactylus sextarius;NA;NA;NA
AF447999.1	NA;Chordata;Chondrichthyes;Lamniformes;Lamnidae;Isurus;Isurus oxyrinchus;NA;NA;NA
PX904184.1	NA;Chordata;Actinopteri;Pleuronectiformes;Soleidae;Dagetichthys;Dagetichthys commersonnii;NA;NA;NA
AY949385.1	NA;Chordata;Actinopteri;Perciformes;Serranidae;Cephalopholis;Cephalopholis cruentata;NA;NA;NA
NC_088014.1	NA;Chordata;Actinopteri;Centrarchiformes;Cheilodactylidae;Nemadactylus;Nemadactylus bergi;NA;NA;NA
PP467815.1	NA;Chordata;Actinopteri;Spariformes;Sparidae;Boops;Boops boops;NA;NA;NA
AY949351.1	NA;Chordata;Actinopteri;Perciformes;Serranidae;Paranthias;Paranthias colonus;NA;NA;NA
PX987547.1	NA;Chordata;Actinopteri;Perciformes;Serranidae;Cephalopholis;Cephalopholis panamensis;NA;NA;NA
PX987545.1	NA;Chordata;Actinopteri;Perciformes;Serranidae;Cephalopholis;Cephalopholis cruentata;NA;NA;NA
PQ628738.1	NA;Chordata;Actinopteri;Perciformes;Serranidae;Cephalopholis;Cephalopholis nigri;NA;NA;NA
Aethaloperca	NA;Chordata;Actinopteri;Perciformes;Serranidae;Aethaloperca;Aethaloperca rogaa;NA;NA;NA
Cephalopholis	NA;Chordata;Actinopteri;Perciformes;Serranidae;Cephalopholis;Cephalopholis boenak;NA;NA;NA
AY949400.1	NA;Chordata;Actinopteri;Perciformes;Serranidae;Cephalopholis;Cephalopholis miniata;NA;NA;NA
AY949387.1	NA;Chordata;Actinopteri;Perciformes;Serranidae;Cephalopholis;Cephalopholis taeniops;NA;NA;NA
Cephalopholis_1	NA;Chordata;Actinopteri;Perciformes;Serranidae;Cephalopholis;Cephalopholis boenak;NA;NA;NA
AY949395.1	NA;Chordata;Actinopteri;Perciformes;Serranidae;Cephalopholis;Cephalopholis fulva;NA;NA;NA
AY949404.1	NA;Chordata;Actinopteri;Perciformes;Serranidae;Cephalopholis;Cephalopholis sonnerati;NA;NA;NA
KU681001.1	NA;Chordata;Actinopteri;Perciformes;Serranidae;Cephalopholis;Cephalopholis sonnerati;NA;NA;NA
NC_024100.1	NA;Chordata;Actinopteri;Perciformes;Serranidae;Cephalopholis;Cephalopholis sexmaculata;NA;NA;NA
MW560467.1	NA;Chordata;Actinopteri;Perciformes;Serranidae;Cephalopholis;Cephalopholis leopardus;NA;NA;NA
MH248173.1	NA;Chordata;Actinopteri;Perciformes;Serranidae;Cephalopholis;Cephalopholis hemistiktos;NA;NA;NA
AB560490.1	NA;Chordata;Chondrichthyes;Hexanchiformes;Hexanchidae;Hexanchus;Hexanchus griseus;NA;NA;NA
LC669503.1	NA;Chordata;Actinopteri;Aulopiformes;Chlorophthalmidae;Chlorophthalmus;Chlorophthalmus albatrossis;NA;NA;NA
LC661307.1	NA;Chordata;Actinopteri;Aulopiformes;Chlorophthalmidae;Chlorophthalmus;Chlorophthalmus albatrossis;NA;NA;NA
OQ851448.1	NA;Chordata;Actinopteri;Siluriformes;Siluridae;Silurus;Silurus asotus;NA;NA;NA
HM114376.1	NA;Chordata;Actinopteri;Siluriformes;Callichthyidae;Callichthys;Callichthys callichthys;NA;NA;NA
HM114379.1	NA;Chordata;Actinopteri;Siluriformes;Callichthyidae;Callichthys;Callichthys callichthys;NA;NA;NA
OR459993.1	NA;Chordata;Actinopteri;Osteoglossiformes;Notopteridae;Notopterus;Notopterus notopterus;NA;NA;NA
EF153719.1	NA;Chordata;Aves;Galliformes;Phasianidae;Meleagris;Meleagris gallopavo;NA;NA;NA
HM063539.1	NA;Chordata;Aves;Anseriformes;Anatidae;Anas;Anas carolinensis;NA;NA;NA
AM902523.1	NA;Chordata;Aves;Anseriformes;Anatidae;Cairina;Cairina moschata;NA;NA;NA
AY164517.1	NA;Chordata;Aves;Anseriformes;Anatidae;Anas;Anas poecilorhyncha;NA;NA;NA
L22478.1	NA;Chordata;Aves;Anseriformes;Anatidae;Anas;Anas platyrhynchos;NA;NA;NA
OR242802.1	NA;Chordata;Aves;Anseriformes;Anatidae;Anas;Anas platyrhynchos;NA;NA;NA
Anas	NA;Negarnaviricota;Insthoviricetes;Articulavirales;Orthomyxoviridae;Alphainfluenzavirus;Alphainfluenzavirus influenzae;NA;NA;NA
NC_088020.1	NA;Chordata;Actinopteri;Uranoscopiformes;Pinguipedidae;Pseudopercis;Pseudopercis numida;NA;NA;NA
MF125278.1	NA;Chordata;Chondrichthyes;Lamniformes;Alopiidae;Alopias;Alopias vulpinus;NA;NA;NA
AF447989.1	NA;Chordata;Chondrichthyes;Lamniformes;Lamnidae;Carcharodon;Carcharodon carcharias;NA;NA;NA
PQ249369.1	NA;Chordata;Chondrichthyes;Lamniformes;Lamnidae;Isurus;Isurus oxyrinchus;NA;NA;NA
Alopias	NA;Chordata;Chondrichthyes;Lamniformes;Alopiidae;Alopias;Alopias vulpinus;NA;NA;NA
PQ249324.1	NA;Chordata;Chondrichthyes;Lamniformes;Lamnidae;Isurus;Isurus oxyrinchus;NA;NA;NA
PV919171.1	NA;Chordata;Chondrichthyes;Lamniformes;Lamnidae;Lamna;Lamna ditropis;NA;NA;NA
PQ249320.1	NA;Chordata;Chondrichthyes;Lamniformes;Lamnidae;Isurus;Isurus oxyrinchus;NA;NA;NA
MZ923833.1	NA;Chordata;Chondrichthyes;Lamniformes;Lamnidae;Isurus;Isurus oxyrinchus;NA;NA;NA
Alopias_1	NA;Chordata;Chondrichthyes;Lamniformes;Alopiidae;Alopias;Alopias vulpinus;NA;NA;NA
Isurus	NA;Chordata;Chondrichthyes;Lamniformes;Lamnidae;Isurus;Isurus oxyrinchus;NA;NA;NA
MF150045.1	NA;Chordata;Chondrichthyes;Lamniformes;Lamnidae;Lamna;Lamna nasus;NA;NA;NA
Carcharodon	NA;Chordata;Chondrichthyes;Lamniformes;Lamnidae;Carcharodon;Carcharodon carcharias;NA;NA;NA
EF373300.1	NA;Chordata;Aves;Columbiformes;Columbidae;Ocyphaps;Ocyphaps lophotes;NA;NA;NA
MH248174.1	NA;Chordata;Actinopteri;Anguilliformes;Congridae;Conger;Conger cinereus;NA;NA;NA
NC_023479.1	NA;Arthropoda;Malacostraca;Decapoda;Parastacidae;Cherax;Cherax quinquecarinatus;NA;NA;NA
Cherax	NA;Arthropoda;Malacostraca;Decapoda;Parastacidae;Cherax;Cherax quadricarinatus;NA;NA;NA
Cherax_1	NA;Arthropoda;Malacostraca;Decapoda;Parastacidae;Cherax;Cherax quadricarinatus;NA;NA;NA
MN648457.1	NA;Arthropoda;Malacostraca;Decapoda;Parastacidae;Cherax;Cherax quadricarinatus;NA;NA;NA
OQ915513.1	NA;Arthropoda;Malacostraca;Decapoda;Parastacidae;Cherax;Cherax quadricarinatus;NA;NA;NA
KU821450.1	NA;Arthropoda;Malacostraca;Decapoda;Parastacidae;Cherax;Cherax subterigneus;NA;NA;NA
NC_023482.1	NA;Arthropoda;Malacostraca;Decapoda;Parastacidae;Cherax;Cherax preissii;NA;NA;NA
MN648464.1	NA;Arthropoda;Malacostraca;Decapoda;Parastacidae;Cherax;Cherax cairnsensis;NA;NA;NA
MN648462.1	NA;Arthropoda;Malacostraca;Decapoda;Parastacidae;Cherax;Cherax parvus;NA;NA;NA
NC_024029.1	NA;Arthropoda;Malacostraca;Decapoda;Parastacidae;Cherax;Cherax crassimanus;NA;NA;NA
KU821446.1	NA;Arthropoda;Malacostraca;Decapoda;Parastacidae;Cherax;Cherax peknyi;NA;NA;NA
KU821447.1	NA;Arthropoda;Malacostraca;Decapoda;Parastacidae;Cherax;Cherax peknyi;NA;NA;NA
KF827943.1	NA;Arthropoda;Malacostraca;Decapoda;Nephropidae;Metanephrops;Metanephrops thomsoni;NA;NA;NA
KP889215.1	NA;Arthropoda;Malacostraca;Decapoda;Nephropidae;Metanephrops;Metanephrops thomsoni;NA;NA;NA
MG199589.1	NA;Arthropoda;Malacostraca;Decapoda;Parastacidae;Cherax;Cherax quadricarinatus;NA;NA;NA
KF649852.1	NA;Arthropoda;Malacostraca;Decapoda;Parastacidae;Cherax;Cherax glaber;NA;NA;NA
L16770.1	NA;Chordata;Aves;Anseriformes;Anatidae;Anas;Anas platyrhynchos;NA;NA;NA
PX430294.1	NA;Chordata;Actinopteri;Scombriformes;Scombridae;Rastrelliger;Rastrelliger kanagurta;NA;NA;NA
EU555283.1	NA;Chordata;Actinopteri;Scombriformes;Scombridae;Rastrelliger;Rastrelliger brachysoma;NA;NA;NA
Rastrelliger	NA;Chordata;Actinopteri;Scombriformes;Scombridae;Rastrelliger;Rastrelliger kanagurta;NA;NA;NA
LC774639.1	NA;Chordata;Actinopteri;NA;Sphyraenidae;Sphyraena;Sphyraena obtusata;NA;NA;NA
LC774642.1	NA;Chordata;Actinopteri;NA;Sphyraenidae;Sphyraena;Sphyraena obtusata;NA;NA;NA
LC681786.1	NA;Chordata;Actinopteri;NA;Sphyraenidae;Sphyraena;Sphyraena pinguis;NA;NA;NA
LC654228.1	NA;Chordata;Actinopteri;NA;Sphyraenidae;Sphyraena;Sphyraena iburiensis;NA;NA;NA
PX430415.1	NA;Chordata;Actinopteri;NA;Sphyraenidae;Sphyraena;Sphyraena pinguis;NA;NA;NA
LC458217.2	NA;Chordata;Actinopteri;NA;Sphyraenidae;Sphyraena;Sphyraena pinguis;NA;NA;NA
Gymnothorax	NA;Chordata;Actinopteri;Anguilliformes;Muraenidae;Gymnothorax;Gymnothorax vicinus;NA;NA;NA
EU357803.1	NA;Chordata;Actinopteri;Scombriformes;Stromateidae;Pampus;Pampus sp. LY-2009;NA;NA;NA
AY161233.1	NA;Chordata;Actinopteri;Gadiformes;Macrouridae;Coryphaenoides;Coryphaenoides rupestris;NA;NA;NA
FJ215021.1	NA;Chordata;Actinopteri;Gadiformes;Macrouridae;Coryphaenoides;Coryphaenoides rupestris;NA;NA;NA
KX929892.1	NA;Chordata;Actinopteri;Gadiformes;Macrouridae;Coryphaenoides;Coryphaenoides rupestris;NA;NA;NA
MN399860.1	NA;Chordata;Actinopteri;Labriformes;Labridae;Cheilinus;Cheilinus oxycephalus;NA;NA;NA
PZ319383.1	NA;Chordata;Actinopteri;Labriformes;Labridae;Oxycheilinus;Oxycheilinus arenatus;NA;NA;NA
FJ215047.1	NA;Chordata;Actinopteri;Gadiformes;Merlucciidae;Macruronus;Macruronus novaezelandiae;NA;NA;NA
PZ253515.1	NA;Chordata;Actinopteri;Labriformes;Labridae;Paracheilinus;Paracheilinus carpenteri;NA;NA;NA
EU601181.1	NA;Chordata;Actinopteri;Labriformes;Labridae;Cetoscarus;Cetoscarus bicolor;NA;NA;NA
PQ628829.1	NA;Chordata;Actinopteri;NA;Sphyraenidae;Sphyraena;Sphyraena afra;NA;NA;NA
PX430412.1	NA;Chordata;Actinopteri;NA;Sphyraenidae;Sphyraena;Sphyraena jello;NA;NA;NA
LC774582.1	NA;Chordata;Actinopteri;Labriformes;Labridae;Calotomus;Calotomus japonicus;NA;NA;NA
Dicentrarchus	NA;Pseudomonadota;Gammaproteobacteria;Pseudomonadales;Pseudomonadaceae;Pseudomonas;Pseudomonas rhodesiae;NA;NA;NA
HM114377.1	NA;Chordata;Actinopteri;Siluriformes;Callichthyidae;Callichthys;Callichthys callichthys;NA;NA;NA
AP006044.1	NA;Chordata;Actinopteri;Pleuronectiformes;Soleidae;Pardachirus;Pardachirus pavoninus;NA;NA;NA
KT596764.1	NA;Chordata;Mammalia;Perissodactyla;Equidae;Equus;Equus caballus;NA;NA;NA
OR575615.1	NA;Chordata;Actinopteri;Labriformes;Labridae;Oxycheilinus;Oxycheilinus bimaculatus;NA;NA;NA
OQ888791.1	NA;Chordata;Actinopteri;Batrachoidiformes;Batrachoididae;Opsanus;Opsanus beta;NA;NA;NA
OP056837.2	NA;Chordata;Actinopteri;Syngnathiformes;Aulostomidae;Aulostomus;Aulostomus maculatus;NA;NA;NA
MW036248.1	NA;Chordata;Actinopteri;Syngnathiformes;Mullidae;Upeneus;Upeneus sulphureus;NA;NA;NA
HM106491.1_1	NA;Chordata;Actinopteri;Osmeriformes;Salangidae;Mallotus;Mallotus villosus;NA;NA;NA
KP644354.1	NA;Chordata;Actinopteri;Gadiformes;Gadidae;Arctogadus;Arctogadus glacialis;NA;NA;NA
AP009535.1	NA;Chordata;Actinopteri;Tetraodontiformes;Tetraodontidae;Takifugu;Takifugu oblongus;NA;NA;NA
LC579333.2	NA;Chordata;Actinopteri;Tetraodontiformes;Tetraodontidae;Torquigener;Torquigener albomaculosus;NA;NA;NA
AP011937.1	NA;Chordata;Actinopteri;Tetraodontiformes;Tetraodontidae;Marilyna;Marilyna darwinii;NA;NA;NA
AP011939.1	NA;Chordata;Actinopteri;Tetraodontiformes;Tetraodontidae;Tylerius;Tylerius spinosissimus;NA;NA;NA
MT903228.1	NA;Chordata;Actinopteri;Tetraodontiformes;Tetraodontidae;Tylerius;Tylerius spinosissimus;NA;NA;NA
KT600981.1	NA;Chordata;Actinopteri;Tetraodontiformes;Tetraodontidae;Takifugu;Takifugu rubripes;NA;NA;NA
AP009530.1	NA;Chordata;Actinopteri;Tetraodontiformes;Tetraodontidae;Takifugu;Takifugu stictonotus;NA;NA;NA
AJ421455.1	NA;Chordata;Actinopteri;Tetraodontiformes;Tetraodontidae;Takifugu;Takifugu rubripes;NA;NA;NA
AP011926.1	NA;Chordata;Actinopteri;Tetraodontiformes;Tetraodontidae;Torquigener;Torquigener pleurogramma;NA;NA;NA
AP011913.1	NA;Chordata;Actinopteri;Tetraodontiformes;Tetraodontidae;Polyspina;Polyspina piosae;NA;NA;NA
PZ025845.1	NA;Chordata;Actinopteri;Tetraodontiformes;Tetraodontidae;Torquigener;Torquigener gloerfelti;NA;NA;NA
KM055362.1	NA;Chordata;Actinopteri;Scombriformes;Scombridae;Thunnus;Thunnus maccoyii;NA;NA;NA
KM055372.1	NA;Chordata;Actinopteri;Scombriformes;Scombridae;Sarda;Sarda orientalis;NA;NA;NA
EU715440.1	NA;Chordata;Actinopteri;Mugiliformes;Mugilidae;Mugil;Mugil platanus;NA;NA;NA
AP011935.1	NA;Chordata;Actinopteri;Tetraodontiformes;Tetraodontidae;Tetractenos;Tetractenos glaber;NA;NA;NA
KU521508.1	NA;Arthropoda;Malacostraca;Decapoda;Munididae;Grimothea;Grimothea gregaria;NA;NA;NA
PV231285.1	NA;Arthropoda;Malacostraca;Decapoda;Astacidae;Pacifastacus;Pacifastacus leniusculus;NA;NA;NA
HM851398.1	NA;Arthropoda;Malacostraca;Decapoda;Xanthidae;NA;Xanthidae gen. 2 sp. nov. 1 JCYL-2010;NA;NA;NA
HM851331.1	NA;Arthropoda;Malacostraca;Decapoda;Xanthidae;Euryxanthops;Euryxanthops orientalis;NA;NA;NA
HM851414.1	NA;Arthropoda;Malacostraca;Decapoda;Xanthidae;Paraxanthodes;Paraxanthodes obtusidens;NA;NA;NA
KF827852.1	NA;Arthropoda;Malacostraca;Decapoda;Scyllaridae;Scyllarides;Scyllarides nodifer;NA;NA;NA
KX148478.1	NA;Arthropoda;Malacostraca;Decapoda;Parastacidae;Gramastacus;Gramastacus insolitus;NA;NA;NA
NC_024295.1	NA;Arthropoda;Malacostraca;Decapoda;Parastacidae;Gramastacus;Gramastacus lacus;NA;NA;NA
HM851377.1	NA;Arthropoda;Malacostraca;Decapoda;Xanthidae;Meriola;Meriola corallina;NA;NA;NA
HM851388.1	NA;Arthropoda;Malacostraca;Decapoda;Xanthidae;Nanocassiope;Nanocassiope alcocki;NA;NA;NA
KY352240.1	NA;Arthropoda;Malacostraca;Decapoda;Albuneidae;Stemonopa;Stemonopa insignis;NA;NA;NA
KF182374.1	NA;Arthropoda;Malacostraca;Decapoda;Albuneidae;Paraleucolepidopa;Paraleucolepidopa myops;NA;NA;NA
JN800510.1	NA;Arthropoda;Malacostraca;Decapoda;Albuneidae;Albunea;Albunea catherinae;NA;NA;NA
PV066213.1	NA;Arthropoda;Malacostraca;Decapoda;Albuneidae;Albunea;Albunea symmysta;NA;NA;NA
KJ132418.1	NA;Arthropoda;Malacostraca;Decapoda;Hippidae;Hippa;Hippa adactyla;NA;NA;NA
KF827854.1	NA;Arthropoda;Malacostraca;Decapoda;Scyllaridae;Thenus;Thenus orientalis;NA;NA;NA
KX298711.1	NA;Chordata;Actinopteri;Perciformes;Serranidae;Plectropomus;Plectropomus areolatus;NA;NA;NA
AY072654.1	NA;Chordata;Actinopteri;Perciformes;Serranidae;Paralabrax;Paralabrax maculatofasciatus;NA;NA;NA
NC_063618.1	NA;Chordata;Actinopteri;Perciformes;Serranidae;Serranus;Serranus papilionaceus;NA;NA;NA
AY313986.1	NA;Chordata;Actinopteri;Perciformes;Serranidae;Paralabrax;Paralabrax nebulifer;NA;NA;NA
NC_063619.1	NA;Chordata;Actinopteri;Perciformes;Serranidae;Serranus;Serranus scriba;NA;NA;NA
PV434816.1	NA;Chordata;Actinopteri;Perciformes;Serranidae;Bullisichthys;Bullisichthys caribbaeus;NA;NA;NA
AY072665.1	NA;Chordata;Actinopteri;Perciformes;Serranidae;Paralabrax;Paralabrax callaensis;NA;NA;NA
OP056921.1	NA;Chordata;Actinopteri;Perciformes;Serranidae;Serranus;Serranus atrobranchus;NA;NA;NA
NC_083052.1	NA;Chordata;Actinopteri;Perciformes;Serranidae;Serranus;Serranus notospilus;NA;NA;NA
PV710299.1	NA;Chordata;Actinopteri;Perciformes;Serranidae;Serranus;Serranus phoebe;NA;NA;NA
PV423379.1	NA;Chordata;Actinopteri;Perciformes;Serranidae;Diplectrum;Diplectrum formosum;NA;NA;NA
NC_013832.1	NA;Chordata;Actinopteri;Perciformes;Serranidae;Hypoplectrus;Hypoplectrus gemma;NA;NA;NA
NC_083074.1	NA;Chordata;Actinopteri;Perciformes;Serranidae;Hypoplectrus;Hypoplectrus unicolor;NA;NA;NA
PX987557.1	NA;Chordata;Actinopteri;Perciformes;Serranidae;Hypoplectrus;Hypoplectrus affinis;NA;NA;NA
PX987571.1	NA;Chordata;Actinopteri;Perciformes;Serranidae;Serranus;Serranus tabacarius;NA;NA;NA
OP056902.2	NA;Chordata;Actinopteri;Perciformes;Serranidae;Schultzea;Schultzea beta;NA;NA;NA
OP056930.1	NA;Chordata;Actinopteri;Perciformes;Serranidae;Serranus;Serranus tortugarum;NA;NA;NA
PX741116.1	NA;Chordata;Chondrichthyes;Carcharhiniformes;Carcharhinidae;Carcharhinus;Carcharhinus limbatus;NA;NA;NA
LC649101.1	NA;Chordata;Actinopteri;Labriformes;Labridae;Pseudocheilinus;Pseudocheilinus evanidus;NA;NA;NA
KF375011.1	NA;Chordata;Actinopteri;Mugiliformes;Mugilidae;Pseudomyxus;Pseudomyxus capensis;NA;NA;NA
AY372811.1	NA;Chordata;Actinopteri;Lutjaniformes;Lutjanidae;Lutjanus;Lutjanus campechanus;NA;NA;NA
KC879584.1	NA;Cnidaria;Scyphozoa;Rhizostomeae;Stomolophidae;Stomolophus;Stomolophus meleagris;NA;NA;NA
KC879598.1	NA;Cnidaria;Scyphozoa;Rhizostomeae;Stomolophidae;Stomolophus;Stomolophus meleagris;NA;NA;NA
KC879593.1	NA;Cnidaria;Scyphozoa;Rhizostomeae;Stomolophidae;Stomolophus;Stomolophus meleagris;NA;NA;NA
AF436879.1	NA;Chordata;Actinopteri;NA;Pomacentridae;Abudefduf;Abudefduf sordidus;NA;NA;NA
KC879591.1	NA;Cnidaria;Scyphozoa;Rhizostomeae;Stomolophidae;Stomolophus;Stomolophus meleagris;NA;NA;NA
PX022895.1	NA;Chordata;Actinopteri;Carangiformes;Carangidae;Caranx;Caranx crysos;NA;NA;NA
KX254549.1	NA;Chordata;Actinopteri;Holocentriformes;Holocentridae;Sargocentron;Sargocentron spiniferum;NA;NA;NA
PZ310799.1	NA;Chordata;Actinopteri;Holocentriformes;Holocentridae;Corniger;Corniger spinosus;NA;NA;NA
LC069511.2	NA;Chordata;Actinopteri;Holocentriformes;Holocentridae;Sargocentron;Sargocentron punctatissimum;NA;NA;NA
PZ310801.1	NA;Chordata;Actinopteri;Holocentriformes;Holocentridae;Holocentrus;Holocentrus adscensionis;NA;NA;NA
AP002940.1	NA;Chordata;Actinopteri;Holocentriformes;Holocentridae;Myripristis;Myripristis berndti;NA;NA;NA
LC578995.2	NA;Chordata;Actinopteri;Holocentriformes;Holocentridae;Myripristis;Myripristis amaena;NA;NA;NA
OP035109.1	NA;Chordata;Actinopteri;Holocentriformes;Holocentridae;Myripristis;Myripristis amaena;NA;NA;NA
BK068458.1	NA;Chordata;Mammalia;Artiodactyla;Cervidae;Odocoileus;Odocoileus virginianus;NA;NA;NA
Bos	NA;Chordata;Mammalia;Artiodactyla;Bovidae;Bos;Bos taurus;NA;NA;NA
MZ901578.1	NA;Chordata;Mammalia;Artiodactyla;Bovidae;Bos;Bos taurus;NA;NA;NA
MZ901540.1	NA;Chordata;Mammalia;Artiodactyla;Bovidae;Bos;Bos taurus;NA;NA;NA
KX451362.1	NA;Chordata;Mammalia;Artiodactyla;Bovidae;Bison;Bison bison;Bison bison athabascae;NA;NA
AF091687.1	NA;Chordata;Mammalia;Artiodactyla;Bovidae;Bison;Bison bison;NA;NA;NA
NC_020696.1	NA;Chordata;Mammalia;Artiodactyla;Delphinidae;Cephalorhynchus;Cephalorhynchus heavisidii;NA;NA;NA
MH910343.1	NA;Chordata;Mammalia;Artiodactyla;Delphinidae;Steno;Steno bredanensis;NA;NA;NA
AF334516.1	NA;Chordata;Mammalia;Artiodactyla;Iniidae;Inia;Inia geoffrensis;Inia geoffrensis geoffrensis;NA;NA
AF334515.1	NA;Chordata;Mammalia;Artiodactyla;Iniidae;Inia;Inia geoffrensis;Inia geoffrensis geoffrensis;NA;NA
AJ554059.1	NA;Chordata;Mammalia;Artiodactyla;Iniidae;Inia;Inia geoffrensis;NA;NA;NA
AF334517.1	NA;Chordata;Mammalia;Artiodactyla;Iniidae;Inia;Inia boliviensis;NA;NA;NA
MK381456.1	NA;Chordata;Mammalia;Artiodactyla;Bovidae;Ovis;Ovis aries;NA;NA;NA
LC649167.1	NA;Chordata;Mammalia;Artiodactyla;Bovidae;Ovis;Ovis aries;NA;NA;NA
MT768212.1	NA;Chordata;Mammalia;Artiodactyla;Bovidae;Ovis;Ovis aries;NA;NA;NA
Capra	NA;Chordata;Mammalia;Artiodactyla;Bovidae;Capra;Capra hircus;NA;NA;NA
OR459725.1	NA;Chordata;Mammalia;Artiodactyla;Bovidae;Ovis;Ovis aries;NA;NA;NA
LC902909.1	NA;Chordata;Mammalia;Artiodactyla;Bovidae;Ovis;Ovis aries;NA;NA;NA
MW200986.1	NA;Chordata;Mammalia;Artiodactyla;Bovidae;Ovis;Ovis aries;NA;NA;NA
Ovis	NA;Chordata;Mammalia;Artiodactyla;Bovidae;Ovis;Ovis aries;NA;NA;NA
Cervus	NA;Chordata;Mammalia;Artiodactyla;Cervidae;Cervus;Cervus canadensis;NA;NA;NA
KM612274.1	NA;Chordata;Mammalia;Artiodactyla;Cervidae;Odocoileus;Odocoileus virginianus;NA;NA;NA
AB245426.1	NA;Chordata;Mammalia;Artiodactyla;Cervidae;Rangifer;Rangifer tarandus;NA;NA;NA
JN632672.1	NA;Chordata;Mammalia;Artiodactyla;Cervidae;Odocoileus;Odocoileus virginianus;NA;NA;NA
JN632673.1	NA;Chordata;Mammalia;Artiodactyla;Cervidae;Odocoileus;Odocoileus virginianus;NA;NA;NA
AY184438.1	NA;Chordata;Mammalia;Artiodactyla;Cervidae;Rangifer;Rangifer tarandus;NA;NA;NA
Alces	NA;Chordata;Mammalia;Artiodactyla;Cervidae;Alces;Alces alces;NA;NA;NA
MK234705.1	NA;Chordata;Mammalia;Artiodactyla;Bovidae;Capra;Capra hircus;NA;NA;NA
Cephalophus	NA;Chordata;Mammalia;Artiodactyla;Bovidae;Cephalophorus;Cephalophorus natalensis;NA;NA;NA
AP012519.1	NA;Chordata;Actinopteri;Scombriformes;Gempylidae;Lepidocybium;Lepidocybium flavobrunneum;NA;NA;NA
OP035316.2	NA;Chordata;Actinopteri;Scombriformes;Gempylidae;Lepidocybium;Lepidocybium flavobrunneum;NA;NA;NA
JQ996457.1	NA;Chordata;Actinopteri;Mugiliformes;Mugilidae;Mugil;Mugil incilis;NA;NA;NA
KF374978.1	NA;Chordata;Actinopteri;Mugiliformes;Mugilidae;Mugil;Mugil incilis;NA;NA;NA
JQ996463.1	NA;Chordata;Actinopteri;Mugiliformes;Mugilidae;Mugil;Mugil incilis;NA;NA;NA
JQ996479.1	NA;Chordata;Actinopteri;Mugiliformes;Mugilidae;Mugil;Mugil curema;NA;NA;NA
JF911710.1	NA;Chordata;Actinopteri;Mugiliformes;Mugilidae;Mugil;Mugil curema;NA;NA;NA
KF374983.1	NA;Chordata;Actinopteri;Mugiliformes;Mugilidae;Mugil;Mugil thoburni;NA;NA;NA
JQ996469.1	NA;Chordata;Actinopteri;Mugiliformes;Mugilidae;Mugil;Mugil curema;NA;NA;NA
JQ996475.1	NA;Chordata;Actinopteri;Mugiliformes;Mugilidae;Mugil;Mugil curema;NA;NA;NA
DQ225770.1	NA;Chordata;Actinopteri;Mugiliformes;Mugilidae;Mugil;Mugil curema;NA;NA;NA
KF374975.1	NA;Chordata;Actinopteri;Mugiliformes;Mugilidae;Mugil;Mugil curema;NA;NA;NA
PZ315327.1	NA;Chordata;Actinopteri;NA;Pomacentridae;Chrysiptera;Chrysiptera glauca;NA;NA;NA
LC814891.1	NA;Chordata;Actinopteri;NA;Pomacentridae;Chrysiptera;Chrysiptera glauca;NA;NA;NA
JF911711.1	NA;Chordata;Actinopteri;Mugiliformes;Mugilidae;Pseudomyxus;Pseudomyxus capensis;NA;NA;NA
KP400584.1	NA;Chordata;Chondrichthyes;Rhinopristiformes;Pristidae;Pristis;Pristis pectinata;NA;NA;NA
OR260561.2	NA;Chordata;Mammalia;Carnivora;Canidae;Canis;Canis lupus;Canis lupus familiaris;NA;NA
NC_002008.4	NA;Chordata;Mammalia;Carnivora;Canidae;Canis;Canis lupus;Canis lupus familiaris;NA;NA
Bubalus	NA;Chordata;Mammalia;Artiodactyla;Bovidae;Bubalus;Bubalus bubalis;NA;NA;NA
AJ554058.1	NA;Chordata;Mammalia;Artiodactyla;Platanistidae;Platanista;Platanista minor;NA;NA;NA
OR582672.1	NA;Chordata;Actinopteri;Scombriformes;Trichiuridae;Trichiurus;Trichiurus lepturus;NA;NA;NA
OP057006.2	NA;Chordata;Actinopteri;Scombriformes;Trichiuridae;Trichiurus;Trichiurus lepturus;NA;NA;NA
PP070532.1	NA;Chordata;Mammalia;Carnivora;Felidae;Felis;Felis catus;NA;NA;NA
OM743378.1	NA;Chordata;Mammalia;Carnivora;Canidae;Canis;Canis lupus;NA;NA;NA
AY012149.1	NA;Chordata;Mammalia;Carnivora;Felidae;Felis;Felis catus;NA;NA;NA
Felis	NA;Chordata;Mammalia;Carnivora;Felidae;Felis;Felis catus;NA;NA;NA
MN447121.1	NA;Chordata;Mammalia;Carnivora;Felidae;Felis;Felis catus;NA;NA;NA
AJ428576.2	NA;Chordata;Mammalia;Carnivora;Odobenidae;Odobenus;Odobenus rosmarus;Odobenus rosmarus rosmarus;NA;NA
OP057099.2	NA;Chordata;Actinopteri;Scombriformes;Trichiuridae;Trichiurus;Trichiurus lepturus;NA;NA;NA
PP454653.1	NA;Chordata;Mammalia;Carnivora;Canidae;Canis;Canis lupus;Canis lupus familiaris;NA;NA
MT237623.1	NA;Chordata;Mammalia;Artiodactyla;Bovidae;Bubalus;Bubalus bubalis;NA;NA;NA
GU174602.1	NA;Chordata;Mammalia;Carnivora;Phocidae;Monachus;Monachus monachus;NA;NA;NA
AM181026.1	NA;Chordata;Mammalia;Carnivora;Phocidae;Hydrurga;Hydrurga leptonyx;NA;NA;NA
AY377288.1	NA;Chordata;Mammalia;Carnivora;Phocidae;Hydrurga;Hydrurga leptonyx;NA;NA;NA
AM181024.1	NA;Chordata;Mammalia;Carnivora;Phocidae;Lobodon;Lobodon carcinophaga;NA;NA;NA
KP942567.1	NA;Chordata;Mammalia;Carnivora;Phocidae;Phoca;Phoca groenlandica;NA;NA;NA
AM181033.1	NA;Chordata;Mammalia;Carnivora;Phocidae;Pusa;Pusa caspica;NA;NA;NA
AM181025.1	NA;Chordata;Mammalia;Carnivora;Phocidae;Leptonychotes;Leptonychotes weddellii;NA;NA;NA
AY377287.1	NA;Chordata;Mammalia;Carnivora;Phocidae;Ommatophoca;Ommatophoca rossii;NA;NA;NA
AM181027.1	NA;Chordata;Mammalia;Carnivora;Phocidae;Erignathus;Erignathus barbatus;NA;NA;NA
AM181023.1	NA;Chordata;Mammalia;Carnivora;Phocidae;Mirounga;Mirounga leonina;NA;NA;NA
PX416532.1	NA;Chordata;Actinopteri;Siluriformes;Pseudopimelodidae;Microglanis;Microglanis secundus;NA;NA;NA
AJ005780.1	NA;Chordata;Mammalia;Rodentia;Muridae;Rattus;Rattus rattus;NA;NA;NA
FJ355927.1	NA;Chordata;Mammalia;Rodentia;Muridae;Rattus;Rattus rattus;NA;NA;NA
NC_083065.1	NA;Chordata;Actinopteri;Perciformes;Serranidae;Pseudogramma;Pseudogramma paucilepis;NA;NA;NA
LC499267.2	NA;Chordata;Actinopteri;NA;Malacanthidae;Hoplolatilus;Hoplolatilus purpureus;NA;NA;NA
LC499265.2	NA;Chordata;Actinopteri;NA;Malacanthidae;Hoplolatilus;Hoplolatilus marcosi;NA;NA;NA
OP057100.2	NA;Chordata;Actinopteri;Labriformes;Labridae;Xyrichtys;Xyrichtys splendens;NA;NA;NA
KX686099.1	NA;Chordata;Actinopteri;Cyprinodontiformes;Fundulidae;Fundulus;Fundulus majalis;NA;NA;NA
LC858679.1	NA;Chordata;Actinopteri;Labriformes;Labridae;Coris;Coris batuensis;NA;NA;NA
DQ225769.1	NA;Chordata;Actinopteri;Mugiliformes;Mugilidae;Mugil;Mugil curema;NA;NA;NA
KF374973.1	NA;Chordata;Actinopteri;Mugiliformes;Mugilidae;Mugil;Mugil capurrii;NA;NA;NA
OP056922.1	NA;Chordata;Actinopteri;Pleuronectiformes;Cyclopsettidae;Citharichthys;Citharichthys spilopterus;NA;NA;NA
PV814481.1	NA;Chordata;Actinopteri;NA;Centropomidae;Centropomus;Centropomus robalito;NA;NA;NA
OR582709.1	NA;Chordata;Actinopteri;Cyprinodontiformes;Fundulidae;Fundulus;Fundulus majalis;NA;NA;NA
PV814468.1	NA;Chordata;Actinopteri;NA;Centropomidae;Centropomus;Centropomus nigrescens;NA;NA;NA
PQ628783.1	NA;Chordata;Actinopteri;Mugiliformes;Mugilidae;Mugil;Mugil bananensis;NA;NA;NA
KF374972.1	NA;Chordata;Actinopteri;Mugiliformes;Mugilidae;Mugil;Mugil bananensis;NA;NA;NA
AY279661.1	NA;Chordata;Actinopteri;Labriformes;Odacidae;Odax;Odax pullus;NA;NA;NA
PZ314420.1	NA;Chordata;Actinopteri;Tetraodontiformes;Tetraodontidae;Tetraodon;Tetraodon pustulatus;NA;NA;NA
AP011928.1	NA;Chordata;Actinopteri;Tetraodontiformes;Tetraodontidae;Chelonodontops;Chelonodontops pleurospilus;NA;NA;NA
KT715694.1	NA;Chordata;Actinopteri;Tetraodontiformes;Tetraodontidae;Tetraodon;Tetraodon lineatus;NA;NA;NA
AP011922.1	NA;Chordata;Actinopteri;Tetraodontiformes;Tetraodontidae;Tetraodon;Tetraodon miurus;NA;NA;NA
AP009541.1	NA;Chordata;Actinopteri;Tetraodontiformes;Tetraodontidae;Chelonodontops;Chelonodontops patoca;NA;NA;NA
Cephalopholis_2	NA;Chordata;Actinopteri;Perciformes;Serranidae;Cephalopholis;Cephalopholis boenak;NA;NA;NA
AY949401.1	NA;Chordata;Actinopteri;Perciformes;Serranidae;Epinephelus;Epinephelus fasciatus;NA;NA;NA
PZ315196.1	NA;Chordata;Actinopteri;Perciformes;Serranidae;Epinephelus;Epinephelus fasciatus;NA;NA;NA
PX416987.1	NA;Chordata;Actinopteri;Siluriformes;Auchenipteridae;Tatia;Tatia punctata;NA;NA;NA
PX416832.1	NA;Chordata;Actinopteri;Siluriformes;Loricariidae;Pseudacanthicus;Pseudacanthicus serratus;NA;NA;NA
AF433906.1	NA;Chordata;Mammalia;Rodentia;Cuniculidae;Cuniculus;Cuniculus paca;NA;NA;NA
JQ349001.1	NA;Chordata;Actinopteri;Pleuronectiformes;Cynoglossidae;Paraplagusia;Paraplagusia bilineata;NA;NA;NA
LC717534.1	NA;Chordata;Actinopteri;Pleuronectiformes;Paralichthyidae;Pseudorhombus;Pseudorhombus arsius;NA;NA;NA
KT600982.1	NA;Chordata;Actinopteri;Tetraodontiformes;Tetraodontidae;Pao;Pao palembangensis;NA;NA;NA
AP006046.1	NA;Chordata;Actinopteri;Tetraodontiformes;Tetraodontidae;Tetraodon;Tetraodon nigroviridis;NA;NA;NA
KF781143.1	NA;Chordata;Actinopteri;Tetraodontiformes;Tetraodontidae;Tetraodon;Tetraodon nigroviridis;NA;NA;NA
AP011921.1	NA;Chordata;Actinopteri;Tetraodontiformes;Tetraodontidae;Tetraodon;Tetraodon biocellatus;NA;NA;NA
KP013619.1	NA;Chordata;Actinopteri;Tetraodontiformes;Tetraodontidae;Lagocephalus;Lagocephalus suezensis;NA;NA;NA
AP002975.2	NA;Chordata;Actinopteri;Notacanthiformes;Notacanthidae;Notacanthus;Notacanthus chemnitzii;NA;NA;NA
GQ273734.1	NA;Chordata;Actinopteri;Tetraodontiformes;Tetraodontidae;Lagocephalus;Lagocephalus lunaris;NA;NA;NA
KF781135.1	NA;Chordata;Actinopteri;Tetraodontiformes;Tetraodontidae;Lagocephalus;Lagocephalus lunaris;NA;NA;NA
AP011910.1	NA;Chordata;Actinopteri;Tetraodontiformes;Tetraodontidae;Colomesus;Colomesus psittacus;NA;NA;NA
AP011932.1	NA;Chordata;Actinopteri;Tetraodontiformes;Tetraodontidae;Lagocephalus;Lagocephalus sceleratus;NA;NA;NA
GQ273736.1	NA;Chordata;Actinopteri;Tetraodontiformes;Tetraodontidae;Lagocephalus;Lagocephalus inermis;NA;NA;NA
KT600936.1	NA;Chordata;Actinopteri;Tetraodontiformes;Tetraodontidae;Arothron;Arothron manilensis;NA;NA;NA
AP011931.1	NA;Chordata;Actinopteri;Tetraodontiformes;Tetraodontidae;Arothron;Arothron mappa;NA;NA;NA
AP019600.1	NA;Chordata;Actinopteri;Tetraodontiformes;Tetraodontidae;Arothron;Arothron immaculatus;NA;NA;NA
AP011929.1	NA;Chordata;Actinopteri;Tetraodontiformes;Tetraodontidae;Arothron;Arothron manilensis;NA;NA;NA
PZ315496.1	NA;Chordata;Actinopteri;Tetraodontiformes;Tetraodontidae;Arothron;Arothron immaculatus;NA;NA;NA
AP011916.1	NA;Chordata;Actinopteri;Tetraodontiformes;Tetraodontidae;Sphoeroides;Sphoeroides testudineus;NA;NA;NA
AP006745.1	NA;Chordata;Actinopteri;Tetraodontiformes;Tetraodontidae;Sphoeroides;Sphoeroides pachygaster;NA;NA;NA
AP019608.1	NA;Chordata;Actinopteri;Tetraodontiformes;Tetraodontidae;Arothron;Arothron reticularis;NA;NA;NA
KT600935.1	NA;Chordata;Actinopteri;Tetraodontiformes;Tetraodontidae;Arothron;Arothron hispidus;NA;NA;NA
AP011930.1	NA;Chordata;Actinopteri;Tetraodontiformes;Tetraodontidae;Arothron;Arothron hispidus;NA;NA;NA
LC778713.1	NA;Chordata;Actinopteri;Tetraodontiformes;Tetraodontidae;Arothron;Arothron hispidus;NA;NA;NA
AP019603.1	NA;Chordata;Actinopteri;Tetraodontiformes;Tetraodontidae;Arothron;Arothron hispidus;NA;NA;NA
AP006742.1	NA;Chordata;Actinopteri;Tetraodontiformes;Tetraodontidae;Arothron;Arothron firmamentum;NA;NA;NA
AP019610.1	NA;Chordata;Actinopteri;Tetraodontiformes;Tetraodontidae;Arothron;Arothron multilineatus;NA;NA;NA
PQ628758.1	NA;Chordata;Actinopteri;Tetraodontiformes;Tetraodontidae;Ephippion;Ephippion guttifer;NA;NA;NA
AP011915.1	NA;Chordata;Actinopteri;Tetraodontiformes;Tetraodontidae;Sphoeroides;Sphoeroides annulatus;NA;NA;NA
AP011914.1	NA;Chordata;Actinopteri;Tetraodontiformes;Tetraodontidae;Sphoeroides;Sphoeroides parvus;NA;NA;NA
AY700283.1	NA;Chordata;Actinopteri;Tetraodontiformes;Tetraodontidae;Sphoeroides;Sphoeroides dorsalis;NA;NA;NA
PV357917.1	NA;Chordata;Actinopteri;Tetraodontiformes;Tetraodontidae;Sphoeroides;Sphoeroides parvus;NA;NA;NA
AY700284.1	NA;Chordata;Actinopteri;Tetraodontiformes;Tetraodontidae;Sphoeroides;Sphoeroides spengleri;NA;NA;NA
AP011936.1	NA;Chordata;Actinopteri;Tetraodontiformes;Tetraodontidae;Omegophora;Omegophora armilla;NA;NA;NA
AP011919.1	NA;Chordata;Actinopteri;Tetraodontiformes;Tetraodontidae;Carinotetraodon;Carinotetraodon salivator;NA;NA;NA
AP019604.1	NA;Chordata;Actinopteri;Tetraodontiformes;Tetraodontidae;Arothron;Arothron diadematus;NA;NA;NA
PX416531.1	NA;Chordata;Actinopteri;Siluriformes;Pseudopimelodidae;Microglanis;Microglanis poecilus;NA;NA;NA
OP056876.1	NA;Chordata;Chondrichthyes;Squaliformes;Squalidae;Squalus;Squalus cubensis;NA;NA;NA
DQ912038.1	NA;Chordata;Actinopteri;Clupeiformes;Dussumieriidae;Etrumeus;Etrumeus teres;NA;NA;NA
OP154182.1	NA;Chordata;Actinopteri;Aulopiformes;Synodontidae;Synodus;Synodus foetens;NA;NA;NA
NC_083026.1	NA;Chordata;Actinopteri;Aulopiformes;Synodontidae;Synodus;Synodus foetens;NA;NA;NA
MH380816.1	NA;Chordata;Actinopteri;Clupeiformes;Engraulidae;Coilia;Coilia rebentischii;NA;NA;NA
AP017952.1	NA;Chordata;Actinopteri;Clupeiformes;Engraulidae;Encrasicholina;Encrasicholina heteroloba;NA;NA;NA
OR812669.1	NA;Chordata;Chondrichthyes;Rajiformes;Rajidae;Amblyraja;Amblyraja radiata;NA;NA;NA
JQ996493.1	NA;Chordata;Actinopteri;Mugiliformes;Mugilidae;Mugil;Mugil hospes;NA;NA;NA
JQ996485.1	NA;Chordata;Actinopteri;Mugiliformes;Mugilidae;Mugil;Mugil rubrioculus;NA;NA;NA
EU715445.1	NA;Chordata;Actinopteri;Mugiliformes;Mugilidae;Mugil;Mugil curema;NA;NA;NA
JQ996492.1	NA;Chordata;Actinopteri;Mugiliformes;Mugilidae;Mugil;Mugil rubrioculus;NA;NA;NA
JQ996484.1	NA;Chordata;Actinopteri;Mugiliformes;Mugilidae;Mugil;Mugil sp. LBP6128 29540;NA;NA;NA
PZ133642.1	NA;Chordata;Actinopteri;Labriformes;Labridae;Iniistius;Iniistius evides;NA;NA;NA
HM114382.1	NA;Chordata;Actinopteri;Siluriformes;Callichthyidae;Hoplosternum;Hoplosternum littorale;NA;NA;NA
KF374977.1	NA;Chordata;Actinopteri;Mugiliformes;Mugilidae;Mugil;Mugil hospes;NA;NA;NA
KF374982.1	NA;Chordata;Actinopteri;Mugiliformes;Mugilidae;Mugil;Mugil trichodon;NA;NA;NA
JQ996455.1	NA;Chordata;Actinopteri;Mugiliformes;Mugilidae;Mugil;Mugil trichodon;NA;NA;NA
AY292695.1	NA;NA;NA;NA;NA;NA;NA;NA;NA;NA
AF433909.1	NA;Chordata;Mammalia;Rodentia;Caviidae;Cavia;Cavia porcellus;NA;NA;NA
KU057219.1	NA;Chordata;Mammalia;Lagomorpha;Leporidae;Sylvilagus;Sylvilagus brasiliensis;NA;NA;NA
U58927.1	NA;Chordata;Mammalia;Lagomorpha;Leporidae;Sylvilagus;Sylvilagus aquaticus;NA;NA;NA
KU057251.1	NA;Chordata;Mammalia;Lagomorpha;Leporidae;Sylvilagus;Sylvilagus dicei;NA;NA;NA
AY292696.1	NA;Chordata;Mammalia;Lagomorpha;Leporidae;Sylvilagus;Sylvilagus audubonii;NA;NA;NA
KU057223.1	NA;Chordata;Mammalia;Lagomorpha;Leporidae;Sylvilagus;Sylvilagus brasiliensis;NA;NA;NA
KU057212.1	NA;Chordata;Mammalia;Lagomorpha;Leporidae;Sylvilagus;Sylvilagus audubonii;Sylvilagus audubonii minor;NA;NA
AF038019.1	NA;Chordata;Mammalia;Lagomorpha;Leporidae;Sylvilagus;Sylvilagus audubonii;NA;NA;NA
KU057222.1	NA;Chordata;Mammalia;Lagomorpha;Leporidae;Sylvilagus;Sylvilagus brasiliensis;NA;NA;NA
KU057211.1	NA;Chordata;Mammalia;Lagomorpha;Leporidae;Sylvilagus;Sylvilagus floridanus;NA;NA;NA
KJ993871.2	NA;Chordata;Actinopteri;Characiformes;Serrasalmidae;Piaractus;Piaractus brachypomus;NA;NA;NA
KJ433482.1	NA;Chordata;Actinopteri;Pleuronectiformes;Soleidae;Pseudaesopia;Pseudaesopia japonica;NA;NA;NA
AF231028.1	NA;Chordata;Mammalia;Artiodactyla;Bovidae;Bubalus;Bubalus bubalis;NA;NA;NA
HM623876.1	NA;Chordata;Mammalia;Artiodactyla;Bovidae;Bubalus;Bubalus bubalis;NA;NA;NA
Eleutheronema	NA;Chordata;Actinopteri;NA;Polynemidae;Eleutheronema;Eleutheronema tetradactylum;NA;NA;NA
OP035178.2	NA;Chordata;Actinopteri;NA;Polynemidae;Polydactylus;Polydactylus sexfilis;NA;NA;NA
PQ675802.1	NA;Chordata;Actinopteri;NA;Polynemidae;Leptomelanosoma;Leptomelanosoma indicum;NA;NA;NA
PV077896.1	NA;Chordata;Actinopteri;NA;Polynemidae;Eleutheronema;Eleutheronema tetradactylum;NA;NA;NA
PX644059.1	NA;Chordata;Actinopteri;Labriformes;Labridae;Chlorurus;Chlorurus sp.;NA;NA;NA
OP205177.1	NA;Chordata;Mammalia;Artiodactyla;Balaenidae;Eubalaena;Eubalaena australis;NA;NA;NA
AP006043.1	NA;Chordata;Actinopteri;Pleuronectiformes;Soleidae;Aesopia;Aesopia cornuta;NA;NA;NA
OK545541.1	NA;Chordata;Actinopteri;Pleuronectiformes;Pleuronectidae;Eopsetta;Eopsetta jordani;NA;NA;NA
MF572009.1	NA;Chordata;Actinopteri;NA;Sillaginidae;Sillago;Sillago sihama;NA;NA;NA
PZ237780.1	NA;Chordata;Actinopteri;Labriformes;Labridae;Pteragogus;Pteragogus cryptus;NA;NA;NA
Lutjanus	NA;Pseudomonadota;Gammaproteobacteria;Vibrionales;Vibrionaceae;Vibrio;Vibrio alginolyticus;NA;NA;NA
KP013098.1	NA;Chordata;Actinopteri;Perciformes;Percidae;Sander;Sander vitreus;NA;NA;NA
KT211477.1	NA;Chordata;Actinopteri;Perciformes;Percidae;Sander;Sander canadensis;NA;NA;NA
OR552090.1	NA;Chordata;Actinopteri;Perciformes;Percidae;Sander;Sander vitreus;NA;NA;NA
KT211441.1	NA;Chordata;Actinopteri;Perciformes;Percidae;Sander;Sander vitreus;NA;NA;NA
NC_083037.1	NA;Chordata;Actinopteri;Perciformes;Triglidae;Prionotus;Prionotus carolinus;NA;NA;NA
KT211421.1	NA;Chordata;Actinopteri;Perciformes;Percidae;Sander;Sander vitreus;NA;NA;NA
PZ315209.1	NA;Chordata;Actinopteri;Perciformes;Serranidae;Liopropoma;Liopropoma pallidum;NA;NA;NA
PZ315207.1	NA;Chordata;Actinopteri;Perciformes;Serranidae;Liopropoma;Liopropoma mitratum;NA;NA;NA
MF572011.1	NA;Chordata;Actinopteri;NA;Sillaginidae;Sillago;Sillago sihama;NA;NA;NA
KF374994.1	NA;Chordata;Actinopteri;Mugiliformes;Mugilidae;Osteomugil;Osteomugil robustus;NA;NA;NA
MF572005.1	NA;Chordata;Actinopteri;NA;Sillaginidae;Sillago;Sillago sihama;NA;NA;NA
OP035163.1	NA;Chordata;Actinopteri;Labriformes;Labridae;Polylepion;Polylepion russelli;NA;NA;NA
PZ237789.1	NA;Chordata;Actinopteri;Labriformes;Labridae;Labrichthys;Labrichthys unilineatus;NA;NA;NA
PZ315378.1	NA;Chordata;Actinopteri;Labriformes;Labridae;Bodianus;Bodianus anthioides;NA;NA;NA
Atherinops	NA;Chordata;Actinopteri;Atheriniformes;Atherinopsidae;Atherinops;Atherinops affinis;NA;NA;NA
EU257812.1	NA;Chordata;Actinopteri;NA;Sillaginidae;Sillago;Sillago sihama;NA;NA;NA
JQ048935.1	NA;Chordata;Actinopteri;NA;Sillaginidae;Sillago;Sillago sihama;NA;NA;NA
MF572001.1	NA;Chordata;Actinopteri;NA;Sillaginidae;Sillaginodes;Sillaginodes punctatus;NA;NA;NA
PX740846.1	NA;Chordata;Actinopteri;Scombriformes;Scombridae;Thunnus;Thunnus thynnus;NA;NA;NA
KM055364.1	NA;Chordata;Actinopteri;Scombriformes;Scombridae;Thunnus;Thunnus alalunga;NA;NA;NA
KM055366.1	NA;Chordata;Actinopteri;Scombriformes;Scombridae;Katsuwonus;Katsuwonus pelamis;NA;NA;NA
KM055363.1	NA;Chordata;Actinopteri;Scombriformes;Scombridae;Thunnus;Thunnus obesus;NA;NA;NA
AM931028.1	NA;Chordata;Actinopteri;Scombriformes;Scombridae;Thunnus;Thunnus alalunga;NA;NA;NA
AB097669.1	NA;Chordata;Actinopteri;Scombriformes;Scombridae;Thunnus;Thunnus thynnus;Thunnus thynnus thynnus;NA;NA
AP006033.1	NA;Chordata;Actinopteri;Scombriformes;Scombridae;Gasterochisma;Gasterochisma melampus;NA;NA;NA
AB103467.1	NA;Chordata;Actinopteri;Scombriformes;Scombridae;Auxis;Auxis rochei;NA;NA;NA
KM055368.1	NA;Chordata;Actinopteri;Scombriformes;Scombridae;Auxis;Auxis rochei;NA;NA;NA
Epinnula	NA;Chordata;Actinopteri;Scombriformes;Gempylidae;Epinnula;Epinnula magistralis;NA;NA;NA
Sarda	NA;Chordata;Actinopteri;Scombriformes;Scombridae;Sarda;Sarda orientalis;NA;NA;NA
Gymnosarda	NA;Chordata;Actinopteri;Scombriformes;Scombridae;Gymnosarda;Gymnosarda unicolor;NA;NA;NA
KP828047.1	NA;Chordata;Actinopteri;Scombriformes;Scombridae;Auxis;Auxis thazard;NA;NA;NA
Ruvettus	NA;Chordata;Actinopteri;Scombriformes;Gempylidae;Ruvettus;Ruvettus pretiosus;NA;NA;NA
KM055370.1	NA;Chordata;Actinopteri;Scombriformes;Scombridae;Euthynnus;Euthynnus affinis;NA;NA;NA
KM055365.1	NA;Chordata;Actinopteri;Scombriformes;Scombridae;Thunnus;Thunnus albacares;NA;NA;NA
PQ628766.1	NA;Chordata;Actinopteri;Scombriformes;Scombridae;Euthynnus;Euthynnus alletteratus;NA;NA;NA
AB099716.1	NA;Chordata;Actinopteri;Scombriformes;Scombridae;Euthynnus;Euthynnus alletteratus;NA;NA;NA
AF231582.1	NA;Chordata;Actinopteri;Scombriformes;Scombridae;Scomberomorus;Scomberomorus tritor;NA;NA;NA
PX223046.1	NA;Chordata;Actinopteri;Scombriformes;Stromateidae;Stromateus;Stromateus stellatus;NA;NA;NA
OR482497.1	NA;Chordata;Actinopteri;Carangiformes;Carangidae;Caranx;Caranx hippos;NA;NA;NA
AP012947.1	NA;Chordata;Actinopteri;Scombriformes;Stromateidae;Peprilus;Peprilus burti;NA;NA;NA
AB938174.2	NA;Chordata;Actinopteri;Scombriformes;Bramidae;Pterycombus;Pterycombus petersii;NA;NA;NA
AP005998.1	NA;Chordata;Actinopteri;Scombriformes;Bramidae;Brama;Brama japonica;NA;NA;NA
KT908039.1	NA;Chordata;Actinopteri;Scombriformes;Bramidae;Brama;Brama japonica;NA;NA;NA
KR349364.1	NA;Chordata;Actinopteri;Scombriformes;Bramidae;Taractes;Taractes rubescens;NA;NA;NA
LC672494.1	NA;Chordata;Actinopteri;Scombriformes;Bramidae;Taractes;Taractes rubescens;NA;NA;NA
Pteraclis	NA;Chordata;Actinopteri;Scombriformes;Bramidae;Pteraclis;Pteraclis aesticola;NA;NA;NA
AP012497.1	NA;Chordata;Actinopteri;Scombriformes;Bramidae;Eumegistus;Eumegistus illustris;NA;NA;NA
KT153629.1	NA;Chordata;Actinopteri;Scombriformes;Bramidae;Taractichthys;Taractichthys steindachneri;NA;NA;NA
LC672495.1	NA;Chordata;Actinopteri;Scombriformes;Bramidae;Taractichthys;Taractichthys steindachneri;NA;NA;NA
LC685937.1	NA;Chordata;Actinopteri;Scombriformes;Bramidae;Brama;Brama pauciradiata;NA;NA;NA
MH409959.1	NA;Chordata;Actinopteri;Scombriformes;Bramidae;Brama;Brama dussumieri;NA;NA;NA
Salmostoma	NA;Chordata;Actinopteri;Cypriniformes;Danionidae;Salmostoma;Salmostoma bacalia;NA;NA;NA
AF149984.1	NA;Chordata;Actinopteri;Lampriformes;Lampridae;Lampris;Lampris guttatus;NA;NA;NA
AF049726.1	NA;Chordata;Actinopteri;Lampriformes;Lampridae;Lampris;Lampris guttatus;NA;NA;NA
PV720033.1	NA;Chordata;Actinopteri;Scombriformes;Gempylidae;Nesiarchus;Nesiarchus nasutus;NA;NA;NA
AP011604.1	NA;Chordata;Actinopteri;Clupeiformes;Clupeidae;Tenualosa;Tenualosa thibaudeaui;NA;NA;NA
MH380852.1	NA;Chordata;Actinopteri;Clupeiformes;Engraulidae;Thryssa;Thryssa polybranchialis;NA;NA;NA
NC_016698.1	NA;Chordata;Actinopteri;Clupeiformes;Clupeidae;Potamothrissa;Potamothrissa obtusirostris;NA;NA;NA
PP437201.1	NA;Chordata;Actinopteri;Scombriformes;Scombridae;Scomberomorus;Scomberomorus guttatus;NA;NA;NA
Catla	NA;Chordata;Actinopteri;Cypriniformes;Cyprinidae;Labeo;Labeo rohita;NA;NA;NA
AP012143.1	NA;Chordata;Actinopteri;Cypriniformes;Cyprinidae;Labeo;Labeo calbasu;NA;NA;NA
JQ911695.1	NA;Chordata;Actinopteri;Cypriniformes;Cyprinidae;Carassius;Carassius carassius;NA;NA;NA
AY714387.1	NA;Chordata;Actinopteri;Cypriniformes;Cyprinidae;Carassius;Carassius carassius;NA;NA;NA
AF508082.1	NA;Chordata;Actinopteri;Cypriniformes;Cyprinidae;Labeo;Labeo catla;NA;NA;NA
PX416850.1	NA;Chordata;Actinopteri;Clupeiformes;Engraulidae;Pterengraulis;Pterengraulis atherinoides;NA;NA;NA
AP009135.1	NA;Chordata;Actinopteri;Clupeiformes;Engraulidae;Coilia;Coilia nasus;NA;NA;NA
PX416316.1	NA;Chordata;Actinopteri;Siluriformes;Trichomycteridae;Ituglanis;Ituglanis aff. nebulosus;NA;NA;NA
EU715446.1	NA;Chordata;Actinopteri;Mugiliformes;Mugilidae;Chelon;Chelon auratus;NA;NA;NA
AB355919.1	NA;Chordata;Actinopteri;NA;Polynemidae;Polynemus;Polynemus paradiseus;NA;NA;NA
PQ628796.1	NA;Chordata;Actinopteri;NA;Polynemidae;Polydactylus;Polydactylus quadrifilis;NA;NA;NA
PQ675801.1	NA;Chordata;Actinopteri;NA;Polynemidae;Polydactylus;Polydactylus macrochir;NA;NA;NA
PV442279.1	NA;Chordata;Actinopteri;Pleuronectiformes;Cyclopsettidae;Citharichthys;Citharichthys dinoceros;NA;NA;NA
OP056883.1	NA;Chordata;Actinopteri;Pleuronectiformes;Cyclopsettidae;Citharichthys;Citharichthys macrops;NA;NA;NA
AM181017.1	NA;Chordata;Mammalia;Carnivora;Otariidae;Zalophus;Zalophus californianus;NA;NA;NA
MK397764.1	NA;Chordata;Mammalia;Carnivora;Phocidae;Neomonachus;Neomonachus tropicalis;NA;NA;NA
Brachirus	NA;Chordata;Actinopteri;Pleuronectiformes;Soleidae;Brachirus;Brachirus orientalis;NA;NA;NA
PX644058.1	NA;Chordata;Actinopteri;Pleuronectiformes;Soleidae;Brachirus;Brachirus sp.;NA;NA;NA
MH377788.1	NA;Chordata;Chondrichthyes;Myliobatiformes;Myliobatidae;Myliobatis;Myliobatis freminvillei;NA;NA;NA
MT410863.1	NA;Chordata;Actinopteri;Zeiformes;Zeidae;Zeus;Zeus faber;NA;NA;NA
MH061062.1	NA;Chordata;Actinopteri;Gadiformes;Gadidae;Eleginus;Eleginus gracilis;NA;NA;NA
KU057258.1	NA;Chordata;Mammalia;Lagomorpha;Leporidae;Sylvilagus;Sylvilagus andinus;NA;NA;NA
OP057109.2	NA;Chordata;Actinopteri;Perciformes;Scorpaenidae;Scorpaena;Scorpaena grandicornis;NA;NA;NA
OP035254.1	NA;Chordata;Actinopteri;Centrarchiformes;Cirrhitidae;Cirrhitus;Cirrhitus pinnulatus;NA;NA;NA
PQ997938.1	NA;Chordata;Mammalia;Artiodactyla;Balaenopteridae;Balaenoptera;Balaenoptera ricei;NA;NA;NA
OP205167.1	NA;Chordata;Mammalia;Artiodactyla;Balaenidae;Eubalaena;Eubalaena australis;NA;NA;NA
OP205182.1	NA;Chordata;Mammalia;Artiodactyla;Balaenidae;Eubalaena;Eubalaena glacialis;NA;NA;NA
OP205195.1	NA;Chordata;Mammalia;Artiodactyla;Balaenidae;Eubalaena;Eubalaena japonica;NA;NA;NA
KJ473717.1	NA;Chordata;Actinopteri;Spariformes;Nemipteridae;Nemipterus;Nemipterus japonicus;NA;NA;NA
KC879590.1	NA;Cnidaria;Scyphozoa;Rhizostomeae;Stomolophidae;Stomolophus;Stomolophus meleagris;NA;NA;NA
KC879595.1	NA;Cnidaria;Scyphozoa;Rhizostomeae;Stomolophidae;Stomolophus;Stomolophus meleagris;NA;NA;NA
DQ125234.1	NA;Chordata;Actinopteri;Perciformes;Scorpaenidae;Scorpaena;Scorpaena scrofa;NA;NA;NA
LC069503.2	NA;Chordata;Actinopteri;Gadiformes;Moridae;Laemonema;Laemonema longipes;NA;NA;NA
PV170553.1	NA;Chordata;Actinopteri;Lutjaniformes;Lutjanidae;Pristipomoides;Pristipomoides zonatus;NA;NA;NA
LC146073.2	NA;Chordata;Actinopteri;Lutjaniformes;Lutjanidae;Paracaesio;Paracaesio xanthurus;NA;NA;NA
PZ310928.1	NA;Chordata;Actinopteri;Lutjaniformes;Lutjanidae;Pristipomoides;Pristipomoides macrophthalmus;NA;NA;NA
MF571998.1	NA;Chordata;Actinopteri;NA;Sillaginidae;Sillago;Sillago sihama;NA;NA;NA
PZ310934.1	NA;Chordata;Actinopteri;Spariformes;Lethrinidae;Gymnocranius;Gymnocranius grandoculis;NA;NA;NA
PZ310949.1	NA;Chordata;Actinopteri;Spariformes;Lethrinidae;Wattsia;Wattsia mossambica;NA;NA;NA
AP009166.1	NA;Chordata;Actinopteri;Spariformes;Lethrinidae;Monotaxis;Monotaxis grandoculis;NA;NA;NA
AP004412.1	NA;Chordata;Actinopteri;Gadiformes;Lotidae;Lota;Lota lota;NA;NA;NA
AP018423.1	NA;Chordata;Actinopteri;Gadiformes;Lotidae;Molva;Molva dypterygia;NA;NA;NA
FJ215094.1	NA;Chordata;Actinopteri;Gadiformes;Phycidae;Urophycis;Urophycis floridana;NA;NA;NA
Brosme	NA;Chordata;Actinopteri;Gadiformes;Lotidae;Brosme;Brosme brosme;NA;NA;NA
FJ215077.1	NA;Chordata;Actinopteri;Gadiformes;Phycidae;Phycis;Phycis chesteri;NA;NA;NA
FJ215091.1	NA;Chordata;Actinopteri;Gadiformes;Phycidae;Urophycis;Urophycis regia;NA;NA;NA
PV656767.1	NA;Chordata;Actinopteri;Gadiformes;Phycidae;Urophycis;Urophycis earllii;NA;NA;NA
Amphilophus	NA;Chordata;Actinopteri;Cichliformes;Cichlidae;Amphilophus;Amphilophus citrinellus;NA;NA;NA
FJ215025.1	NA;Chordata;Actinopteri;Gadiformes;Gaidropsaridae;Enchelyopus;Enchelyopus cimbrius;NA;NA;NA
FJ215012.1	NA;Chordata;Actinopteri;Gadiformes;Lotidae;Ciliata;Ciliata mustela;NA;NA;NA
FJ214989.1	NA;Chordata;Actinopteri;Gadiformes;Moridae;Antimora;Antimora rostrata;NA;NA;NA
NC_083163.1	NA;Chordata;Actinopteri;NA;Malacanthidae;Caulolatilus;Caulolatilus cyanops;NA;NA;NA
LC864469.1	NA;Chordata;Actinopteri;Perciformes;Serranidae;Hyporthodus;Hyporthodus septemfasciatus;NA;NA;NA
KT985639.1	NA;Chordata;Actinopteri;Priacanthiformes;Priacanthidae;Priacanthus;Priacanthus tayenus;NA;NA;NA
KX891352.1	NA;Chordata;Actinopteri;Priacanthiformes;Priacanthidae;Priacanthus;Priacanthus tayenus;NA;NA;NA
LC649119.1	NA;Chordata;Actinopteri;Priacanthiformes;Priacanthidae;Priacanthus;Priacanthus hamrur;NA;NA;NA
Gudusia	NA;Chordata;Actinopteri;Clupeiformes;Clupeidae;Gudusia;Gudusia chapra;NA;NA;NA
AF149994.1	NA;Chordata;Actinopteri;Zeiformes;Zeidae;Zenopsis;Zenopsis nebulosus;NA;NA;NA
Trypauchen	NA;Chordata;Actinopteri;Gobiiformes;Gobiidae;Trypauchen;Trypauchen vagina;NA;NA;NA
FJ215053.1	NA;Chordata;Actinopteri;Gadiformes;Gadidae;Merlangius;Merlangius merlangus;NA;NA;NA
FJ215063.1	NA;Chordata;Actinopteri;Gadiformes;Gadidae;Microgadus;Microgadus tomcod;NA;NA;NA
FJ215064.1	NA;Chordata;Actinopteri;Gadiformes;Gadidae;Micromesistius;Micromesistius poutassou;NA;NA;NA
AM489716.1	NA;Chordata;Actinopteri;Gadiformes;Gadidae;Gadus;Gadus morhua;NA;NA;NA
AY949429.1	NA;Chordata;Actinopteri;Perciformes;Serranidae;Hyporthodus;Hyporthodus quernus;NA;NA;NA
LC774593.1	NA;Chordata;Actinopteri;Perciformes;Serranidae;Hyporthodus;Hyporthodus octofasciatus;NA;NA;NA
KX267072.1	NA;Chordata;Actinopteri;Gadiformes;Gadidae;Gadus;Gadus morhua;NA;NA;NA
MH035590.1	NA;Chordata;Actinopteri;Gadiformes;Gadidae;Gadus;Gadus chalcogrammus;NA;NA;NA
OQ210110.1	NA;Chordata;Actinopteri;Gadiformes;Gadidae;Gadus;Gadus morhua;NA;NA;NA
MH035598.1	NA;Chordata;Actinopteri;Gadiformes;Gadidae;Gadus;Gadus chalcogrammus;NA;NA;NA
AB094061.1	NA;Chordata;Actinopteri;Gadiformes;Gadidae;Gadus;Gadus chalcogrammus;NA;NA;NA
DQ020497.1	NA;Chordata;Actinopteri;Gadiformes;Gadidae;Melanogrammus;Melanogrammus aeglefinus;NA;NA;NA
Eleginus	NA;Chordata;Actinopteri;Gadiformes;Gadidae;Eleginus;Eleginus gracilis;NA;NA;NA
KX267019.1	NA;Chordata;Actinopteri;Gadiformes;Gadidae;Gadus;Gadus morhua;NA;NA;NA
Boreogadus	NA;Chordata;Actinopteri;Gadiformes;Gadidae;Boreogadus;Boreogadus saida;NA;NA;NA
MH061084.1	NA;Chordata;Actinopteri;Gadiformes;Gadidae;Eleginus;Eleginus gracilis;NA;NA;NA
MH061068.1	NA;Chordata;Actinopteri;Gadiformes;Gadidae;Eleginus;Eleginus gracilis;NA;NA;NA
NC_080231.1	NA;Chordata;Actinopteri;NA;Sciaenidae;Pama;Pama pama;NA;NA;NA
PV357918.1	NA;Chordata;Actinopteri;Perciformes;Sebastidae;Helicolenus;Helicolenus dactylopterus;NA;NA;NA
OP035099.2	NA;Chordata;Actinopteri;Perciformes;Sebastidae;Sebastes;Sebastes ovalis;NA;NA;NA
Miichthys	NA;Chordata;Actinopteri;NA;Sciaenidae;Miichthys;Miichthys miiuy;NA;NA;NA
PP467732.1	NA;Chordata;Actinopteri;Perciformes;Sebastidae;Helicolenus;Helicolenus dactylopterus;NA;NA;NA
EF218634.1	NA;Chordata;Actinopteri;Gobiiformes;Gobiidae;Zosterisessor;Zosterisessor ophiocephalus;NA;NA;NA
KJ739816.1	NA;Chordata;Actinopteri;Perciformes;Scorpaenidae;Pterois;Pterois volitans;NA;NA;NA
AP006800.1	NA;Chordata;Actinopteri;Priacanthiformes;Priacanthidae;Priacanthus;Priacanthus macracanthus;NA;NA;NA
PP467789.1	NA;Chordata;Actinopteri;Gadiformes;Lotidae;Molva;Molva macrophthalma;NA;NA;NA
AP004435.1	NA;Chordata;Actinopteri;Zeiformes;Oreosomatidae;Allocyttus;Allocyttus niger;NA;NA;NA
LC661332.1	NA;Chordata;Actinopteri;Zeiformes;Zeidae;Zeus;Zeus faber;NA;NA;NA
AP002941.1	NA;Chordata;Actinopteri;Zeiformes;Zeidae;Zeus;Zeus faber;NA;NA;NA
AF149993.1	NA;Chordata;Actinopteri;Zeiformes;Zeidae;Zeus;Zeus faber;NA;NA;NA
LC661331.1	NA;Chordata;Actinopteri;Zeiformes;Zeidae;Zeus;Zeus faber;NA;NA;NA
NC_082790.1	NA;Chordata;Actinopteri;Perciformes;Sebastidae;Sebastes;Sebastes melanostomus;NA;NA;NA
NC_082757.1	NA;Chordata;Actinopteri;Perciformes;Sebastidae;Sebastes;Sebastes alutus;NA;NA;NA
NC_082760.1	NA;Chordata;Actinopteri;Perciformes;Sebastidae;Sebastes;Sebastes mystinus;NA;NA;NA
KX929917.1	NA;Chordata;Actinopteri;Perciformes;Sebastidae;Sebastes;Sebastes mentella;NA;NA;NA
NC_066933.1	NA;Chordata;Actinopteri;Perciformes;Sebastidae;Sebastes;Sebastes caurinus;NA;NA;NA
Sebastolobus	NA;Chordata;Actinopteri;Perciformes;Sebastidae;Sebastolobus;Sebastolobus alascanus;NA;NA;NA
NC_082762.1	NA;Chordata;Actinopteri;Perciformes;Sebastidae;Sebastes;Sebastes wilsoni;NA;NA;NA
PX724947.1	NA;Chordata;Actinopteri;Perciformes;Sebastidae;Sebastes;Sebastes semicinctus;NA;NA;NA
OR641531.1	NA;Chordata;Actinopteri;Perciformes;Sebastidae;Sebastes;Sebastes jordani;NA;NA;NA
NC_082759.1	NA;Chordata;Actinopteri;Perciformes;Sebastidae;Sebastes;Sebastes saxicola;NA;NA;NA
LC645306.1	NA;Chordata;Actinopteri;Perciformes;Scorpaenidae;Pontinus;Pontinus macrocephalus;NA;NA;NA
PZ044150.1	NA;Chordata;Actinopteri;Perciformes;Sebastidae;Sebastes;Sebastes rufus;NA;NA;NA
OP326519.1	NA;Chordata;Actinopteri;Gobiiformes;Gobiidae;Taenioides;Taenioides cirratus;NA;NA;NA
Taenioides	NA;Chordata;Actinopteri;Gobiiformes;Gobiidae;Taenioides;Taenioides cirratus;NA;NA;NA
KJ944420.1	NA;Chordata;Actinopteri;Gobiiformes;Gobiidae;Taenioides;Taenioides cirratus;NA;NA;NA
LC672451.1	NA;Chordata;Actinopteri;Labriformes;Labridae;Parajulis;Parajulis poecilepterus;NA;NA;NA
Glossogobius	NA;Chordata;Actinopteri;Gobiiformes;Gobiidae;Glossogobius;Glossogobius giuris;NA;NA;NA
AY484981.1	NA;Chordata;Actinopteri;Spariformes;Lethrinidae;Lethrinus;Lethrinus lentjan;NA;NA;NA
PZ213518.1	NA;Chordata;Actinopteri;Spariformes;Lethrinidae;Lethrinus;Lethrinus harak;NA;NA;NA
KU680995.1	NA;Chordata;Actinopteri;Spariformes;Lethrinidae;Lethrinus;Lethrinus harak;NA;NA;NA
KU680997.1	NA;Chordata;Actinopteri;Spariformes;Lethrinidae;Lethrinus;Lethrinus mahsena;NA;NA;NA
OQ420716.1	NA;Chordata;Actinopteri;Spariformes;Lethrinidae;Lethrinus;Lethrinus atlanticus;NA;NA;NA
PZ213532.1	NA;Chordata;Actinopteri;Spariformes;Lethrinidae;Lethrinus;Lethrinus microdon;NA;NA;NA
PZ213513.1	NA;Chordata;Actinopteri;Spariformes;Lethrinidae;Lethrinus;Lethrinus erythracanthus;NA;NA;NA
LC717546.1	NA;Chordata;Actinopteri;Labriformes;Labridae;Cirrhilabrus;Cirrhilabrus lanceolatus;NA;NA;NA
NC_064113.1	NA;Chordata;Actinopteri;Labriformes;Labridae;Cirrhilabrus;Cirrhilabrus exquisitus;NA;NA;NA
PZ315381.1	NA;Chordata;Actinopteri;Labriformes;Labridae;Cirrhilabrus;Cirrhilabrus scottorum;NA;NA;NA
LC649133.1	NA;Chordata;Actinopteri;Labriformes;Labridae;Cirrhilabrus;Cirrhilabrus temminckii;NA;NA;NA
OP168897.1	NA;Chordata;Actinopteri;Scombriformes;Gempylidae;Thyrsites;Thyrsites atun;NA;NA;NA
AP012518.1	NA;Chordata;Actinopteri;Scombriformes;Stromateidae;Peprilus;Peprilus triacanthus;NA;NA;NA
NC_088029.1	NA;Chordata;Actinopteri;Scombriformes;Gempylidae;Thyrsites;Thyrsites lepidopodea;NA;NA;NA
AF333599.1	NA;Chordata;Actinopteri;Cypriniformes;Catostomidae;Minytrema;Minytrema melanops;NA;NA;NA
MN867911.1	NA;Chordata;Actinopteri;Cypriniformes;Botiidae;Botia;Botia dario;NA;NA;NA
AF333596.1	NA;Chordata;Actinopteri;Cypriniformes;Catostomidae;Catostomus;Catostomus commersonii;NA;NA;NA
AB127394.1	NA;Chordata;Actinopteri;Cypriniformes;Catostomidae;Catostomus;Catostomus commersonii;NA;NA;NA
KP013114.1	NA;Chordata;Actinopteri;Cypriniformes;Catostomidae;Catostomus;Catostomus commersonii;NA;NA;NA
Harriotta	NA;Chordata;Chondrichthyes;Chimaeriformes;Rhinochimaeridae;Harriotta;Harriotta raleighana;NA;NA;NA
PX070021.1	NA;Chordata;Chondrichthyes;Chimaeriformes;Rhinochimaeridae;Harriotta;Harriotta raleighana;NA;NA;NA
Catostomus	NA;Platyhelminthes;Cestoda;Caryophyllidea;Caryophyllaeidae;Hypocaryophyllaeus;Hypocaryophyllaeus paratarius;NA;NA;NA
AB242166.1	NA;Chordata;Actinopteri;Cypriniformes;Catostomidae;Minytrema;Minytrema melanops;NA;NA;NA
PQ064519.1	NA;Chordata;Actinopteri;Cypriniformes;Catostomidae;Moxostoma;Moxostoma macrolepidotum;NA;NA;NA
MW856876.1	NA;Chordata;Actinopteri;Cypriniformes;Catostomidae;Moxostoma;Moxostoma macrolepidotum;NA;NA;NA
Cycleptus	NA;Chordata;Actinopteri;Cypriniformes;Catostomidae;Cycleptus;Cycleptus elongatus;NA;NA;NA
AB126083.1	NA;Chordata;Actinopteri;Cypriniformes;Catostomidae;Carpiodes;Carpiodes carpio;NA;NA;NA
AF333593.1	NA;Chordata;Actinopteri;Cypriniformes;Catostomidae;Ictiobus;Ictiobus bubalus;NA;NA;NA
OL878366.1	NA;Chordata;Actinopteri;Cypriniformes;Catostomidae;Carpiodes;Carpiodes cyprinus;NA;NA;NA
AP011289.1	NA;Chordata;Actinopteri;Cypriniformes;Cobitidae;Canthophrys;Canthophrys gongota;NA;NA;NA
JF773764.1	NA;Chordata;Chondrichthyes;Chimaeriformes;Callorhinchidae;Callorhinchus;Callorhinchus milii;NA;NA;NA
Amblypharyngodon	NA;Chordata;Actinopteri;Cypriniformes;Danionidae;Amblypharyngodon;Amblypharyngodon mola;NA;NA;NA
EU343733.1	NA;Chordata;Actinopteri;Cypriniformes;Xenocyprididae;Hypophthalmichthys;Hypophthalmichthys nobilis;NA;NA;NA
AP011217.1	NA;Chordata;Actinopteri;Cypriniformes;Xenocyprididae;Hypophthalmichthys;Hypophthalmichthys nobilis;NA;NA;NA
AP012107.1	NA;Chordata;Actinopteri;Cypriniformes;Leuciscidae;Semotilus;Semotilus atromaculatus;NA;NA;NA
AF038484.1	NA;Chordata;Actinopteri;Cypriniformes;Leuciscidae;Rutilus;Rutilus rutilus;NA;NA;NA
AB239597.1	NA;Chordata;Actinopteri;Cypriniformes;Leuciscidae;Pelecus;Pelecus cultratus;NA;NA;NA
AB218686.1	NA;Chordata;Actinopteri;Cypriniformes;Tincidae;Tinca;Tinca tinca;NA;NA;NA
AP009305.1	NA;Chordata;Actinopteri;Cypriniformes;Leuciscidae;Abramis;Abramis brama;NA;NA;NA
Hypophthalmichthys	NA;Chordata;Actinopteri;Cypriniformes;Xenocyprididae;Hypophthalmichthys;Hypophthalmichthys molitrix;NA;NA;NA
AP010775.1	NA;Chordata;Actinopteri;Cypriniformes;Leuciscidae;Rutilus;Rutilus rutilus;NA;NA;NA
AY897013.1	NA;Chordata;Actinopteri;Cypriniformes;Xenocyprididae;Ctenopharyngodon;Ctenopharyngodon idella;NA;NA;NA
AF038494.1	NA;Chordata;Actinopteri;Cypriniformes;Leuciscidae;Ptychocheilus;Ptychocheilus oregonensis;NA;NA;NA
NC_066937.1	NA;Chordata;Actinopteri;Cypriniformes;Leuciscidae;Ptychocheilus;Ptychocheilus oregonensis;NA;NA;NA
MW344880.1	NA;Chordata;Actinopteri;Cypriniformes;Xenocyprididae;Hypophthalmichthys;Hypophthalmichthys molitrix;NA;NA;NA
Lampris	NA;Chordata;Actinopteri;Lampriformes;Lampridae;Lampris;Lampris guttatus;NA;NA;NA
NC_009588.1	NA;Chordata;Actinopteri;Clupeiformes;Clupeidae;Spratelloides;Spratelloides delicatulus;NA;NA;NA
Spratelloides	NA;Chordata;Actinopteri;Clupeiformes;Clupeidae;Spratelloides;Spratelloides gracilis;NA;NA;NA
KC879582.1	NA;Cnidaria;Scyphozoa;Rhizostomeae;Stomolophidae;Stomolophus;Stomolophus meleagris;NA;NA;NA
KC879596.1	NA;Cnidaria;Scyphozoa;Rhizostomeae;Stomolophidae;Stomolophus;Stomolophus meleagris;NA;NA;NA
LC731791.1	NA;Chordata;Actinopteri;Clupeiformes;Clupeidae;Sardinella;Sardinella zunasi;NA;NA;NA
KC879580.1	NA;Cnidaria;Scyphozoa;Rhizostomeae;Stomolophidae;Stomolophus;Stomolophus meleagris;NA;NA;NA
KC879589.1	NA;Cnidaria;Scyphozoa;Rhizostomeae;Stomolophidae;Stomolophus;Stomolophus meleagris;NA;NA;NA
KC879587.1	NA;Cnidaria;Scyphozoa;Rhizostomeae;Stomolophidae;Stomolophus;Stomolophus meleagris;NA;NA;NA
KC879592.1	NA;Cnidaria;Scyphozoa;Rhizostomeae;Stomolophidae;Stomolophus;Stomolophus meleagris;NA;NA;NA
DQ912032.1	NA;Chordata;Actinopteri;Clupeiformes;Clupeidae;Sardinella;Sardinella aurita;NA;NA;NA
NC_023824.1	NA;Chordata;Actinopteri;Clupeiformes;Clupeidae;Nematalosa;Nematalosa nasus;NA;NA;NA
PZ377780.1	NA;Chordata;Actinopteri;Clupeiformes;Clupeidae;Sardinella;Sardinella marquesensis;NA;NA;NA
PX430112.1	NA;Chordata;Actinopteri;Clupeiformes;Clupeidae;Hilsa;Hilsa kelee;NA;NA;NA
AP011600.1	NA;Chordata;Actinopteri;Clupeiformes;Clupeidae;Tenualosa;Tenualosa toli;NA;NA;NA
AP011610.1	NA;Chordata;Actinopteri;Clupeiformes;Clupeidae;Tenualosa;Tenualosa ilisha;NA;NA;NA
NC_002616.1	NA;Chordata;Actinopteri;Clupeiformes;Clupeidae;Sardinops;Sardinops melanosticta;NA;NA;NA
OR482441.1	NA;Chordata;Actinopteri;Clupeiformes;Clupeidae;Sardinops;Sardinops sagax;NA;NA;NA
PX741123.1	NA;Chordata;Chondrichthyes;Squaliformes;Squalidae;Cirrhigaleus;Cirrhigaleus asper;NA;NA;NA
AB938108.2	NA;Chordata;Chondrichthyes;Squaliformes;Squalidae;Cirrhigaleus;Cirrhigaleus barbifer;NA;NA;NA
MN873044.1	NA;Chordata;Chondrichthyes;Squaliformes;Squalidae;Squalus;Squalus blainville;NA;NA;NA
KT459334.1	NA;Chordata;Chondrichthyes;Squaliformes;Squalidae;Squalus;Squalus montalbani;NA;NA;NA
GU130625.1	NA;Chordata;Chondrichthyes;Squaliformes;Squalidae;Squalus;Squalus megalops;NA;NA;NA
LC635110.1	NA;Chordata;Chondrichthyes;Squaliformes;Squalidae;Squalus;Squalus japonicus;NA;NA;NA
PX430084.1	NA;Chordata;Actinopteri;Clupeiformes;Dussumieriidae;Etrumeus;Etrumeus teres;NA;NA;NA
MH380856.1	NA;Chordata;Actinopteri;Clupeiformes;Engraulidae;Thryssa;Thryssa vitrirostris;NA;NA;NA
KX096870.1	NA;Chordata;Actinopteri;Clupeiformes;Engraulidae;Thryssa;Thryssa hamiltonii;NA;NA;NA
MH380844.1	NA;Chordata;Actinopteri;Clupeiformes;Engraulidae;Thryssa;Thryssa hamiltonii;NA;NA;NA
PX430451.1	NA;Chordata;Actinopteri;Clupeiformes;Engraulidae;Thryssa;Thryssa katana;NA;NA;NA
AP017958.1	NA;Chordata;Actinopteri;Clupeiformes;Engraulidae;Thryssa;Thryssa setirostris;NA;NA;NA
MH380854.1	NA;Chordata;Actinopteri;Clupeiformes;Engraulidae;Thryssa;Thryssa vitrirostris;NA;NA;NA
PX430085.1	NA;Chordata;Actinopteri;Clupeiformes;Dussumieriidae;Etrumeus;Etrumeus teres;NA;NA;NA
NC_016678.1	NA;Chordata;Actinopteri;Clupeiformes;Clupeidae;Odaxothrissa;Odaxothrissa losera;NA;NA;NA
NC_009590.1	NA;Chordata;Actinopteri;Clupeiformes;Clupeidae;Pellonula;Pellonula vorax;NA;NA;NA
NC_009591.1	NA;Chordata;Actinopteri;Clupeiformes;Clupeidae;Pellonula;Pellonula leonensis;NA;NA;NA
NC_016683.1	NA;Chordata;Actinopteri;Clupeiformes;Clupeidae;Microthrissa;Microthrissa royauxi;NA;NA;NA
PX430305.1	NA;Chordata;Actinopteri;Clupeiformes;Clupeidae;Sardinella;Sardinella albella;NA;NA;NA
NC_016671.1	NA;Chordata;Actinopteri;Clupeiformes;Clupeidae;Hyperlophus;Hyperlophus vittatus;NA;NA;NA
NC_035874.1	NA;Chordata;Actinopteri;Clupeiformes;Clupeidae;Sardinella;Sardinella fijiensis;NA;NA;NA
Ethmidium	NA;Chordata;Actinopteri;Clupeiformes;Clupeidae;Ethmidium;Ethmidium maculatum;NA;NA;NA
Harengula	NA;Chordata;Actinopteri;Clupeiformes;Clupeidae;Harengula;Harengula jaguana;NA;NA;NA
PZ377779.1	NA;Chordata;Actinopteri;Clupeiformes;Clupeidae;Harengula;Harengula jaguana;NA;NA;NA
NC_009587.1	NA;Chordata;Actinopteri;Clupeiformes;Clupeidae;Sardinella;Sardinella maderensis;NA;NA;NA
Ethmalosa	NA;Chordata;Actinopteri;Clupeiformes;Clupeidae;Ethmalosa;Ethmalosa fimbriata;NA;NA;NA
NC_021446.1	NA;Chordata;Actinopteri;Clupeiformes;Clupeidae;Anodontostoma;Anodontostoma chacunda;NA;NA;NA
PV863448.1	NA;Chordata;Actinopteri;Clupeiformes;Clupeidae;Strangomera;Strangomera bentincki;NA;NA;NA
NC_021447.1	NA;Chordata;Actinopteri;Clupeiformes;Clupeidae;Nematalosa;Nematalosa come;NA;NA;NA
LC920417.1	NA;Chordata;Actinopteri;Clupeiformes;Clupeidae;Nematalosa;Nematalosa come;NA;NA;NA
NC_043853.1	NA;Chordata;Actinopteri;Clupeiformes;Clupeidae;Nematalosa;Nematalosa erebi;NA;NA;NA
NC_009586.1	NA;Chordata;Actinopteri;Clupeiformes;Clupeidae;Nematalosa;Nematalosa japonica;NA;NA;NA
Opisthonema	NA;Chordata;Actinopteri;Clupeiformes;Clupeidae;Opisthonema;Opisthonema oglinum;NA;NA;NA
KU665488.1	NA;Chordata;Actinopteri;Clupeiformes;Clupeidae;Sardinella;Sardinella gibbosa;NA;NA;NA
AP011607.1	NA;Chordata;Actinopteri;Clupeiformes;Clupeidae;Sprattus;Sprattus muelleri;NA;NA;NA
Dorosoma	NA;Chordata;Actinopteri;Clupeiformes;Clupeidae;Dorosoma;Dorosoma cepedianum;NA;NA;NA
PQ010188.1	NA;Chordata;Actinopteri;Clupeiformes;Clupeidae;Sardina;Sardina pilchardus;NA;NA;NA
KX686084.1	NA;Chordata;Actinopteri;Clupeiformes;Clupeidae;Brevoortia;Brevoortia tyrannus;NA;NA;NA
Brevoortia	NA;Chordata;Actinopteri;Clupeiformes;Clupeidae;Brevoortia;Brevoortia tyrannus;NA;NA;NA
AP009132.1	NA;Chordata;Actinopteri;Clupeiformes;Clupeidae;Alosa;Alosa pseudoharengus;NA;NA;NA
NC_068728.1	NA;Chordata;Actinopteri;Clupeiformes;Clupeidae;Stolothrissa;Stolothrissa tanganicae;NA;NA;NA
PQ010181.1	NA;Chordata;Actinopteri;Clupeiformes;Clupeidae;Sardina;Sardina pilchardus;NA;NA;NA
PQ010210.1	NA;Chordata;Actinopteri;Clupeiformes;Clupeidae;Sardina;Sardina pilchardus;NA;NA;NA
Clupea	NA;Chordata;Actinopteri;Clupeiformes;Clupeidae;Clupea;Clupea pallasii;NA;NA;NA
KC193767.1	NA;Chordata;Actinopteri;Clupeiformes;Clupeidae;Clupea;Clupea harengus;NA;NA;NA
AP009136.1	NA;Chordata;Actinopteri;Clupeiformes;Clupeidae;Dorosoma;Dorosoma petenense;NA;NA;NA
AM931029.1	NA;Chordata;Actinopteri;Clupeiformes;Clupeidae;Sardina;Sardina pilchardus;NA;NA;NA
DQ912053.1	NA;Chordata;Actinopteri;Clupeiformes;Clupeidae;Sardina;Sardina pilchardus;NA;NA;NA
PQ010147.1	NA;Chordata;Actinopteri;Clupeiformes;Clupeidae;Sardina;Sardina pilchardus;NA;NA;NA
Escualosa	NA;Chordata;Actinopteri;Clupeiformes;Clupeidae;Escualosa;Escualosa thoracata;NA;NA;NA
NC_035064.1	NA;Chordata;Actinopteri;Clupeiformes;Clupeidae;Amblygaster;Amblygaster sirm;NA;NA;NA
OP056858.1	NA;Chordata;Actinopteri;Aulopiformes;Synodontidae;Synodus;Synodus intermedius;NA;NA;NA
KR000002.1	NA;Chordata;Actinopteri;Clupeiformes;Clupeidae;Sardinella;Sardinella longiceps;NA;NA;NA
AP009133.1	NA;Chordata;Actinopteri;Clupeiformes;Clupeidae;Clupea;Clupea harengus;NA;NA;NA
KC193763.1	NA;Chordata;Actinopteri;Clupeiformes;Clupeidae;Clupea;Clupea harengus;NA;NA;NA
PQ385613.1	NA;Chordata;Actinopteri;Clupeiformes;Engraulidae;Thryssa;Thryssa vitrirostris;NA;NA;NA
OR575616.1	NA;Chordata;Actinopteri;Clupeiformes;Clupeidae;Sardinella;Sardinella marquesensis;NA;NA;NA
OR582673.1	NA;Chordata;Actinopteri;Clupeiformes;Clupeidae;Herklotsichthys;Herklotsichthys quadrimaculatus;NA;NA;NA
MH380879.1	NA;Chordata;Actinopteri;Clupeiformes;Engraulidae;Stolephorus;Stolephorus waitei;NA;NA;NA
AP011562.1	NA;Chordata;Actinopteri;Clupeiformes;Engraulidae;Lycothrissa;Lycothrissa crocodilus;NA;NA;NA
Catlocarpio	NA;Chordata;Actinopteri;Cypriniformes;Cyprinidae;Catlocarpio;Catlocarpio siamensis;NA;NA;NA
AP013325.1	NA;Chordata;Actinopteri;Cypriniformes;Cyprinidae;Cirrhinus;Cirrhinus reba;NA;NA;NA
AB238966.1	NA;Chordata;Actinopteri;Cypriniformes;Cyprinidae;Barbonymus;Barbonymus gonionotus;NA;NA;NA
(Cyprinus	NA;Peploviricota;Herviviricetes;Herpesvirales;Alloherpesviridae;Cyvirus;Cyvirus cyprinidallo3;NA;NA;NA
KU681006.1	NA;Chordata;Actinopteri;Cypriniformes;Cyprinidae;Cyprinus;Cyprinus carpio;NA;NA;NA
AP011181.1	NA;Chordata;Actinopteri;Cypriniformes;Cyprinidae;Barbonymus;Barbonymus altus;NA;NA;NA
AP011198.1	NA;Chordata;Actinopteri;Cypriniformes;Cyprinidae;Labeo;Labeo bata;NA;NA;NA
AP009047.1	NA;Chordata;Actinopteri;Cypriniformes;Cyprinidae;Cyprinus;Cyprinus carpio;NA;NA;NA
AP011357.1	NA;Chordata;Actinopteri;Cypriniformes;Cyprinidae;Cirrhinus;Cirrhinus microlepis;NA;NA;NA
Probarbus	NA;Chordata;Actinopteri;Cypriniformes;Cyprinidae;Probarbus;Probarbus jullieni;NA;NA;NA
AP012150.1	NA;Chordata;Actinopteri;Cypriniformes;Cyprinidae;Cirrhinus;Cirrhinus cirrhosus;NA;NA;NA
Cirrhinus	NA;Pseudomonadota;Gammaproteobacteria;Aeromonadales;Aeromonadaceae;Aeromonas;Aeromonas dhakensis;NA;NA;NA
PP937076.1	NA;Chordata;Actinopteri;Cypriniformes;Cyprinidae;Barbonymus;Barbonymus schwanefeldii;NA;NA;NA
AY050546.1	NA;Chordata;Actinopteri;Cypriniformes;Cyprinidae;Cirrhinus;Cirrhinus molitorella;NA;NA;NA
Engraulis	NA;Bacillota;Bacilli;Caryophanales;Bacillaceae;Salimicrobium;Salimicrobium jeotgali;NA;NA;NA
MG786488.1	NA;Chordata;Actinopteri;Clupeiformes;Engraulidae;Thryssa;Thryssa vitrirostris;NA;NA;NA
AP011559.1	NA;Chordata;Actinopteri;Clupeiformes;Engraulidae;Coilia;Coilia reynaldi;NA;NA;NA
MH380882.1	NA;Chordata;Actinopteri;Clupeiformes;Engraulidae;Stolephorus;Stolephorus commersonnii;NA;NA;NA
Bathyraja	NA;Chordata;Chondrichthyes;Rajiformes;Arhynchobatidae;Bathyraja;Bathyraja smithii;NA;NA;NA
Bathyraja_1	NA;Chordata;Chondrichthyes;Rajiformes;Arhynchobatidae;Bathyraja;Bathyraja smithii;NA;NA;NA
Bathyraja_2	NA;Chordata;Chondrichthyes;Rajiformes;Arhynchobatidae;Bathyraja;Bathyraja smithii;NA;NA;NA
MF993540.1	NA;Chordata;Chondrichthyes;NA;Squatinidae;Squatina;Squatina dumeril;NA;NA;NA
PZ285093.1	NA;Chordata;Actinopteri;Carangiformes;Coryphaenidae;Coryphaena;Coryphaena equiselis;NA;NA;NA
AP017953.1	NA;Chordata;Actinopteri;Clupeiformes;Engraulidae;Thryssa;Thryssa dussumieri;NA;NA;NA
MH380818.1	NA;Chordata;Actinopteri;Clupeiformes;Engraulidae;Coilia;Coilia macrognathos;NA;NA;NA
DQ912056.1	NA;Chordata;Actinopteri;Clupeiformes;Engraulidae;Setipinna;Setipinna taty;NA;NA;NA
MH380829.1	NA;Chordata;Actinopteri;Clupeiformes;Engraulidae;Setipinna;Setipinna breviceps;NA;NA;NA
MH380847.1	NA;Chordata;Actinopteri;Clupeiformes;Engraulidae;Thryssa;Thryssa mystax;NA;NA;NA
MH380820.1	NA;Chordata;Actinopteri;Clupeiformes;Engraulidae;Setipinna;Setipinna melanochir;NA;NA;NA
MH380871.1	NA;Chordata;Actinopteri;Clupeiformes;Engraulidae;Stolephorus;Stolephorus indicus;NA;NA;NA
AP017954.1	NA;Chordata;Actinopteri;Clupeiformes;Engraulidae;Encrasicholina;Encrasicholina pseudoheteroloba;NA;NA;NA
KX753639.1	NA;Chordata;Actinopteri;Clupeiformes;Engraulidae;Stolephorus;Stolephorus commersonnii;NA;NA;NA
MH380877.1	NA;Chordata;Actinopteri;Clupeiformes;Engraulidae;Stolephorus;Stolephorus waitei;NA;NA;NA
DQ912048.1	NA;Chordata;Actinopteri;Clupeiformes;Engraulidae;Anchoa;Anchoa choerostoma;NA;NA;NA
AP017951.1	NA;Chordata;Actinopteri;Clupeiformes;Engraulidae;Encrasicholina;Encrasicholina punctifer;NA;NA;NA
AP017956.1	NA;Chordata;Actinopteri;Clupeiformes;Engraulidae;Encrasicholina;Encrasicholina punctifer;NA;NA;NA
Engraulis_1	NA;Bacillota;Bacilli;Caryophanales;Bacillaceae;Salimicrobium;Salimicrobium jeotgali;NA;NA;NA
DQ912040.1	NA;Chordata;Actinopteri;Clupeiformes;Engraulidae;Anchoa;Anchoa hepsetus;NA;NA;NA
PV642271.1	NA;Chordata;Actinopteri;Clupeiformes;Engraulidae;Anchoa;Anchoa hepsetus;NA;NA;NA
MH380833.1	NA;Chordata;Actinopteri;Clupeiformes;Engraulidae;Thryssa;Thryssa encrasicholoides;NA;NA;NA
KT985048.1	NA;Chordata;Actinopteri;Clupeiformes;Engraulidae;Thryssa;Thryssa kammalensis;NA;NA;NA
MH380832.1	NA;Chordata;Actinopteri;Clupeiformes;Engraulidae;Thryssa;Thryssa baelama;NA;NA;NA
AP009616.1	NA;Chordata;Actinopteri;Clupeiformes;Engraulidae;Thryssa;Thryssa baelama;NA;NA;NA
PX415544.1	NA;Chordata;Actinopteri;Clupeiformes;Engraulidae;Anchoviella;Anchoviella lepidentostole;NA;NA;NA
AP012524.1	NA;Chordata;Actinopteri;Clupeiformes;Engraulidae;Anchoviella;Anchoviella sp. CBM-ZF-12586;NA;NA;NA
PX416477.1	NA;Chordata;Actinopteri;Clupeiformes;Engraulidae;Lycengraulis;Lycengraulis batesii;NA;NA;NA
AP011563.1	NA;Chordata;Actinopteri;Clupeiformes;Engraulidae;Lycengraulis;Lycengraulis grossidens;NA;NA;NA
EF422317.1	NA;Chordata;Actinopteri;Clupeiformes;Engraulidae;Coilia;Coilia mystus;NA;NA;NA
DQ912057.1	NA;Chordata;Actinopteri;Clupeiformes;Engraulidae;Coilia;Coilia mystus;NA;NA;NA
EF422315.1	NA;Chordata;Actinopteri;Clupeiformes;Engraulidae;Coilia;Coilia mystus;NA;NA;NA
GU382852.1	NA;Chordata;Actinopteri;Clupeiformes;Engraulidae;Coilia;Coilia sp. JKK-2010;NA;NA;NA
MH380858.1	NA;Chordata;Actinopteri;Clupeiformes;Engraulidae;Thryssa;Thryssa malabarica;NA;NA;NA
AB040676.1	NA;Chordata;Actinopteri;Clupeiformes;Engraulidae;Engraulis;Engraulis japonicus;NA;NA;NA
DQ912037.1	NA;Chordata;Actinopteri;Clupeiformes;Engraulidae;Engraulis;Engraulis mordax;NA;NA;NA
AP009137.1	NA;Chordata;Actinopteri;Clupeiformes;Engraulidae;Engraulis;Engraulis encrasicolus;NA;NA;NA
PV814431.1	NA;Chordata;Actinopteri;Clupeiformes;Engraulidae;Anchoa;Anchoa parva;NA;NA;NA
DQ912036.1	NA;Chordata;Actinopteri;Clupeiformes;Engraulidae;Anchoa;Anchoa delicatissima;NA;NA;NA
PV814432.1	NA;Chordata;Actinopteri;Clupeiformes;Engraulidae;Anchoa;Anchoa spinifer;NA;NA;NA
MH732976.1	NA;Chordata;Actinopteri;Clupeiformes;Engraulidae;Stolephorus;Stolephorus insularis;NA;NA;NA
DQ912049.1	NA;Chordata;Actinopteri;Clupeiformes;Engraulidae;Anchoa;Anchoa lyolepis;NA;NA;NA
Anchoa	NA;Chordata;Actinopteri;Clupeiformes;Engraulidae;Anchoa;Anchoa hepsetus;NA;NA;NA
OP056849.1	NA;Chordata;Actinopteri;Clupeiformes;Engraulidae;Anchoa;Anchoa cayorum;NA;NA;NA
PX416319.1	NA;Chordata;Actinopteri;Siluriformes;Trichomycteridae;Ituglanis;Ituglanis aff. nebulosus;NA;NA;NA
EF422316.1	NA;Chordata;Actinopteri;Clupeiformes;Engraulidae;Coilia;Coilia mystus;NA;NA;NA
EF422314.1	NA;Chordata;Actinopteri;Clupeiformes;Engraulidae;Coilia;Coilia mystus;NA;NA;NA
EF422318.1	NA;Chordata;Actinopteri;Clupeiformes;Engraulidae;Coilia;Coilia mystus;NA;NA;NA
Mylocheilus	NA;Chordata;Actinopteri;Cypriniformes;Leuciscidae;Mylocheilus;Mylocheilus caurinus;NA;NA;NA
Mylopharyngodon	NA;Chordata;Actinopteri;Cypriniformes;Xenocyprididae;Mylopharyngodon;Mylopharyngodon piceus;NA;NA;NA
PX416111.1	NA;Chordata;Actinopteri;Siluriformes;Loricariidae;Harttiella;Harttiella sp. Makwali;NA;NA;NA
PX416101.1	NA;Chordata;Actinopteri;Siluriformes;Loricariidae;Harttiella;Harttiella intermedia;NA;NA;NA
PX416112.1	NA;Chordata;Actinopteri;Siluriformes;Loricariidae;Harttiella;Harttiella parva;NA;NA;NA
PX416105.1	NA;Chordata;Actinopteri;Siluriformes;Loricariidae;Harttiella;Harttiella lucifer;NA;NA;NA
PX416102.1	NA;Chordata;Actinopteri;Siluriformes;Loricariidae;Harttiella;Harttiella janmoli;NA;NA;NA
PX430327.1	NA;Chordata;Actinopteri;Clupeiformes;Clupeidae;Sardinella;Sardinella melanura;NA;NA;NA
KU951280.1	NA;Chordata;Chondrichthyes;Squaliformes;Squalidae;Squalus;Squalus formosus;NA;NA;NA
KX929890.1	NA;Chordata;Chondrichthyes;Squaliformes;Etmopteridae;Centroscyllium;Centroscyllium fabricii;NA;NA;NA
OR812570.1	NA;Chordata;Chondrichthyes;Rajiformes;Rajidae;Amblyraja;Amblyraja radiata;NA;NA;NA
LC193178.2	NA;Chordata;Chondrichthyes;Squaliformes;Centrophoridae;Centrophorus;Centrophorus squamosus;NA;NA;NA
GU130628.1	NA;Chordata;Chondrichthyes;Squaliformes;Centrophoridae;Centrophorus;Centrophorus squamosus;NA;NA;NA
KC914434.1	NA;Chordata;Chondrichthyes;Rajiformes;Rajidae;Caliraja;Caliraja rhina;NA;NA;NA
PV434813.1	NA;Chordata;Chondrichthyes;Rajiformes;Rajidae;Breviraja;Breviraja spinosa;NA;NA;NA
PX741170.1	NA;Chordata;Chondrichthyes;Rajiformes;Rajidae;Rajella;Rajella leopardus;NA;NA;NA
JQ034406.1	NA;Chordata;Chondrichthyes;Rajiformes;Rajidae;Leucoraja;Leucoraja erinaceus;NA;NA;NA
NC_082808.1	NA;Chordata;Chondrichthyes;Rajiformes;Rajidae;Beringraja;Beringraja binoculata;NA;NA;NA
Amblyraja	NA;Chordata;Chondrichthyes;Rajiformes;Rajidae;Amblyraja;Amblyraja radiata;NA;NA;NA
MH377802.1	NA;Chordata;Chondrichthyes;Rajiformes;Rajidae;Dipturus;Dipturus laevis;NA;NA;NA
PP467761.1	NA;Chordata;Chondrichthyes;Rajiformes;Rajidae;Leucoraja;Leucoraja naevus;NA;NA;NA
PX741162.1	NA;Chordata;Chondrichthyes;Rajiformes;Rajidae;Leucoraja;Leucoraja wallacei;NA;NA;NA
PZ091388.1	NA;Chordata;Chondrichthyes;Rajiformes;Rajidae;Okamejei;Okamejei hollandi;NA;NA;NA
MH377759.1	NA;Chordata;Chondrichthyes;Rajiformes;Rajidae;Rostroraja;Rostroraja eglanteria;NA;NA;NA
Leucoraja	NA;Chordata;Chondrichthyes;Rajiformes;Rajidae;Leucoraja;Leucoraja wallacei;NA;NA;NA
AP017950.1	NA;Chordata;Actinopteri;Clupeiformes;Engraulidae;Setipinna;Setipinna tenuifilis;NA;NA;NA
MH380814.1	NA;Chordata;Actinopteri;Clupeiformes;Engraulidae;Coilia;Coilia dussumieri;NA;NA;NA
AM181018.1	NA;Chordata;Mammalia;Carnivora;Otariidae;Arctocephalus;Arctocephalus pusillus;NA;NA;NA
AM181022.1	NA;Chordata;Mammalia;Carnivora;Phocidae;Neomonachus;Neomonachus schauinslandi;NA;NA;NA
AF513820.1	NA;Chordata;Mammalia;Carnivora;Otariidae;Arctocephalus;Arctocephalus forsteri;NA;NA;NA
AM181019.1	NA;Chordata;Mammalia;Carnivora;Otariidae;Phocarctos;Phocarctos hookeri;NA;NA;NA
AM181021.1	NA;Chordata;Mammalia;Carnivora;Otariidae;Arctocephalus;Arctocephalus townsendi;NA;NA;NA
AJ428578.2	NA;Chordata;Mammalia;Carnivora;Otariidae;Eumetopias;Eumetopias jubatus;NA;NA;NA
AP008922.1	NA;Chordata;Actinopteri;Osteoglossiformes;Notopteridae;Chitala;Chitala lopis;NA;NA;NA
KC879583.1	NA;Cnidaria;Scyphozoa;Rhizostomeae;Stomolophidae;Stomolophus;Stomolophus meleagris;NA;NA;NA
AP011934.1	NA;Chordata;Actinopteri;Tetraodontiformes;Tetraodontidae;Lagocephalus;Lagocephalus laevigatus;NA;NA;NA
GQ273735.1	NA;Chordata;Actinopteri;Tetraodontiformes;Tetraodontidae;Lagocephalus;Lagocephalus gloveri;NA;NA;NA
MF572010.1	NA;Chordata;Actinopteri;NA;Sillaginidae;Sillago;Sillago sihama;NA;NA;NA
KY609156.1	NA;Chordata;Actinopteri;Synbranchiformes;Mastacembelidae;Mastacembelus;Mastacembelus armatus;NA;NA;NA
KF374988.1	NA;Chordata;Actinopteri;Mugiliformes;Mugilidae;Neomyxus;Neomyxus leuciscus;NA;NA;NA
KC879579.1	NA;Cnidaria;Scyphozoa;Rhizostomeae;Stomolophidae;Stomolophus;Stomolophus meleagris;NA;NA;NA
LC549804.1	NA;Chordata;Actinopteri;Spariformes;Nemipteridae;Nemipterus;Nemipterus furcosus;NA;NA;NA
AY484975.1	NA;Chordata;Actinopteri;Lutjaniformes;Lutjanidae;Pristipomoides;Pristipomoides filamentosus;NA;NA;NA
KC879594.1	NA;Cnidaria;Scyphozoa;Rhizostomeae;Stomolophidae;Stomolophus;Stomolophus meleagris;NA;NA;NA
MH325578.1	NA;Chordata;Actinopteri;Clupeiformes;Pristigasteridae;Ilisha;Ilisha pristigastroides;NA;NA;NA
DQ912055.1	NA;Chordata;Actinopteri;Clupeiformes;Pristigasteridae;Ilisha;Ilisha elongata;NA;NA;NA
AP017945.1	NA;Chordata;Actinopteri;Clupeiformes;Pristigasteridae;Opisthopterus;Opisthopterus tardoore;NA;NA;NA
MH325565.1	NA;Chordata;Actinopteri;Clupeiformes;Pristigasteridae;Ilisha;Ilisha elongata;NA;NA;NA
MH325568.1	NA;Chordata;Actinopteri;Clupeiformes;Pristigasteridae;Ilisha;Ilisha melastoma;NA;NA;NA
MH325589.1	NA;Chordata;Actinopteri;Clupeiformes;Pristigasteridae;Opisthopterus;Opisthopterus tardoore;NA;NA;NA
Nemipterus	NA;Chordata;Actinopteri;Spariformes;Nemipteridae;Nemipterus;Nemipterus hexodon;NA;NA;NA
PX430201.1	NA;Chordata;Actinopteri;Spariformes;Nemipteridae;Nemipterus;Nemipterus japonicus;NA;NA;NA
MH248251.1	NA;Chordata;Actinopteri;Spariformes;Nemipteridae;Nemipterus;Nemipterus bipunctatus;NA;NA;NA
AB012104.1	NA;Chordata;NA;Testudines;Cheloniidae;Chelonia;Chelonia mydas;NA;NA;NA
AY770536.1	NA;Chordata;NA;Testudines;Cheloniidae;Chelonia;Chelonia mydas;NA;NA;NA
JQ700100.1	NA;Chordata;Actinopteri;Pleuronectiformes;Soleidae;Zebrias;Zebrias zebra;NA;NA;NA
PV872034.1	NA;Chordata;Actinopteri;Spariformes;Nemipteridae;Pentapodus;Pentapodus caninus;NA;NA;NA
Selar	NA;Chordata;Actinopteri;Carangiformes;Carangidae;Selar;Selar crumenophthalmus;NA;NA;NA
JQ753955.1	NA;Chordata;Actinopteri;Clupeiformes;Clupeidae;Konosirus;Konosirus punctatus;NA;NA;NA
Konosirus	NA;Chordata;Actinopteri;Clupeiformes;Clupeidae;Konosirus;Konosirus punctatus;NA;NA;NA
PV185778.1	NA;Chordata;Actinopteri;Carangiformes;Carangidae;Selar;Selar crumenophthalmus;NA;NA;NA
PV590089.1	NA;Chordata;Actinopteri;NA;Polynemidae;Polydactylus;Polydactylus octonemus;NA;NA;NA
PV814573.1	NA;Chordata;Actinopteri;NA;Polynemidae;Polydactylus;Polydactylus approximans;NA;NA;NA
KY213964.1	NA;Chordata;Actinopteri;NA;Centropomidae;Psammoperca;Psammoperca waigiensis;NA;NA;NA
PX429954.1	NA;Chordata;Actinopteri;Carangiformes;Carangidae;Alectis;Alectis ciliaris;NA;NA;NA
FJ374786.1	NA;Chordata;Actinopteri;Carangiformes;Nematistiidae;Nematistius;Nematistius pectoralis;NA;NA;NA
PX416293.1	NA;Chordata;Actinopteri;Siluriformes;Loricariidae;Hypostomus;Hypostomus gymnorhynchus;NA;NA;NA
AB043025.1	NA;Chordata;Actinopteri;Osteoglossiformes;Osteoglossidae;Osteoglossum;Osteoglossum bicirrhosum;NA;NA;NA
MH377766.1	NA;Chordata;Actinopteri;Pleuronectiformes;Scophthalmidae;Scophthalmus;Scophthalmus aquosus;NA;NA;NA
MH377767.1	NA;Chordata;Actinopteri;Pleuronectiformes;Scophthalmidae;Scophthalmus;Scophthalmus aquosus;NA;NA;NA
EU419747.1	NA;Chordata;Actinopteri;Pleuronectiformes;Scophthalmidae;Scophthalmus;Scophthalmus maximus;NA;NA;NA
OR582667.1	NA;Chordata;Actinopteri;NA;Centropomidae;Centropomus;Centropomus undecimalis;NA;NA;NA
AM931031.1	NA;Chordata;Actinopteri;Pleuronectiformes;Scophthalmidae;Lepidorhombus;Lepidorhombus boscii;NA;NA;NA
PP467739.1	NA;Chordata;Actinopteri;Pleuronectiformes;Scophthalmidae;Lepidorhombus;Lepidorhombus whiffiagonis;NA;NA;NA
OR786469.1	NA;Chordata;Actinopteri;Synbranchiformes;Mastacembelidae;Macrognathus;Macrognathus aculeatus;NA;NA;NA
Otolithes	NA;Chordata;Actinopteri;NA;Sciaenidae;Otolithes;Otolithes ruber;NA;NA;NA
AP006788.1	NA;Chordata;Actinopteri;NA;Centropomidae;Lates;Lates japonicus;NA;NA;NA
KF649843.1	NA;Chordata;Actinopteri;Carangiformes;Carangidae;Caranx;Caranx melampygus;NA;NA;NA
Carangoides	NA;Chordata;Actinopteri;Carangiformes;Carangidae;Platycaranx;Platycaranx malabaricus;NA;NA;NA
MH248181.1	NA;Chordata;Actinopteri;Carangiformes;Carangidae;Gnathanodon;Gnathanodon speciosus;NA;NA;NA
DQ010541.1	NA;Chordata;Actinopteri;NA;Centropomidae;Lates;Lates calcarifer;NA;NA;NA
KR349919.1	NA;Chordata;Actinopteri;NA;Centropomidae;Lates;Lates calcarifer;NA;NA;NA
OP359071.1	NA;Chordata;Actinopteri;NA;Centropomidae;Lates;Lates calcarifer;NA;NA;NA
KC136576.1	NA;Chordata;Actinopteri;Scombriformes;Centrolophidae;Hyperoglyphe;Hyperoglyphe antarctica;NA;NA;NA
MH248192.1	NA;Chordata;Actinopteri;Lutjaniformes;Haemulidae;Pomadasys;Pomadasys kaakan;NA;NA;NA
OM891516.1	NA;Chordata;Actinopteri;Perciformes;Serranidae;Chelidoperca;Chelidoperca hirundinacea;NA;NA;NA
MH301081.1	NA;Chordata;Actinopteri;Centrarchiformes;Centrarchidae;Pomoxis;Pomoxis nigromaculatus;NA;NA;NA
OK235336.1	NA;Chordata;Actinopteri;Centrarchiformes;Centrarchidae;Pomoxis;Pomoxis nigromaculatus;NA;NA;NA
KP013112.1	NA;Chordata;Actinopteri;Centrarchiformes;Centrarchidae;Pomoxis;Pomoxis nigromaculatus;NA;NA;NA
NC_088030.1	NA;Chordata;Actinopteri;NA;Sciaenidae;Umbrina;Umbrina canosai;NA;NA;NA
PZ237782.1	NA;Chordata;Actinopteri;Labriformes;Labridae;Labroides;Labroides bicolor;NA;NA;NA
Archoplites	NA;Chordata;Actinopteri;Centrarchiformes;Centrarchidae;Archoplites;Archoplites interruptus;NA;NA;NA
PZ315403.1	NA;Chordata;Actinopteri;Labriformes;Labridae;Labropsis;Labropsis xanthonota;NA;NA;NA
OP056852.1	NA;Chordata;Actinopteri;Lutjaniformes;Lutjanidae;Lutjanus;Lutjanus analis;NA;NA;NA
Sciaenops	NA;Chordata;Actinopteri;NA;Sciaenidae;Sciaenops;Sciaenops ocellatus;NA;NA;NA
Emmelichthys	NA;Chordata;Actinopteri;NA;Emmelichthyidae;Emmelichthys;Emmelichthys papillatus;NA;NA;NA
OR551988.1	NA;Chordata;Actinopteri;Centrarchiformes;Centrarchidae;Pomoxis;Pomoxis annularis;NA;NA;NA
KM370980.1	NA;Chordata;Actinopteri;Centrarchiformes;Centrarchidae;Micropterus;Micropterus punctulatus;NA;NA;NA
AP014537.1	NA;Chordata;Actinopteri;Centrarchiformes;Centrarchidae;Micropterus;Micropterus salmoides;NA;NA;NA
OP056986.1	NA;Chordata;Actinopteri;Labriformes;Labridae;Halichoeres;Halichoeres maculipinna;NA;NA;NA
OM736897.1	NA;Chordata;Actinopteri;Centrarchiformes;Centrarchidae;Ambloplites;Ambloplites rupestris;NA;NA;NA
Ambloplites	NA;NA;Dinophyceae;Suessiales;Suessiaceae;Dermisichthinium;Dermisichthinium pseudosporum;NA;NA;NA
OR551989.1	NA;Chordata;Actinopteri;Centrarchiformes;Centrarchidae;Ambloplites;Ambloplites constellatus;NA;NA;NA
OR896914.1	NA;Chordata;Actinopteri;Perciformes;Serranidae;Saloptia;Saloptia powelli;NA;NA;NA
LC606652.1	NA;Chordata;Actinopteri;Acropomatiformes;Lateolabracidae;Lateolabrax;Lateolabrax japonicus;NA;NA;NA
PX416773.1	NA;Chordata;Actinopteri;NA;Sciaenidae;Plagioscion;Plagioscion squamosissimus;NA;NA;NA
OP035201.1	NA;Chordata;Actinopteri;Lutjaniformes;Lutjanidae;Pristipomoides;Pristipomoides filamentosus;NA;NA;NA
Aphareus	NA;Chordata;Actinopteri;Lutjaniformes;Lutjanidae;Aphareus;Aphareus rutilans;NA;NA;NA
AP006789.1	NA;Chordata;Actinopteri;Acropomatiformes;Lateolabracidae;Lateolabrax;Lateolabrax japonicus;NA;NA;NA
OM891514.1	NA;Chordata;Actinopteri;Perciformes;Serranidae;Liopropoma;Liopropoma aragai;NA;NA;NA
OM749734.1	NA;Chordata;Actinopteri;Perciformes;Serranidae;Liopropoma;Liopropoma japonicum;NA;NA;NA
PZ319363.1	NA;Chordata;Actinopteri;Perciformes;Serranidae;Liopropoma;Liopropoma rubre;NA;NA;NA
LC708243.1	NA;Chordata;Actinopteri;Labriformes;Labridae;Hemigymnus;Hemigymnus fasciatus;NA;NA;NA
OP035097.1	NA;Chordata;Actinopteri;Labriformes;Labridae;Gomphosus;Gomphosus varius;NA;NA;NA
PZ237758.1	NA;Chordata;Actinopteri;Labriformes;Labridae;Thalassoma;Thalassoma lunare;NA;NA;NA
PZ237756.1	NA;Chordata;Actinopteri;Labriformes;Labridae;Thalassoma;Thalassoma hardwicke;NA;NA;NA
NC_071873.1	NA;Chordata;Actinopteri;Labriformes;Labridae;Thalassoma;Thalassoma jansenii;NA;NA;NA
PZ237760.1	NA;Chordata;Actinopteri;Labriformes;Labridae;Stethojulis;Stethojulis strigiventer;NA;NA;NA
OP035191.1	NA;Chordata;Actinopteri;Labriformes;Labridae;Thalassoma;Thalassoma duperrey;NA;NA;NA
PZ237786.1	NA;Chordata;Actinopteri;Labriformes;Labridae;Stethojulis;Stethojulis bandanensis;NA;NA;NA
Plagiogeneion	NA;Chordata;Actinopteri;NA;Emmelichthyidae;Plagiogeneion;Plagiogeneion rubiginosum;NA;NA;NA
LC672480.1	NA;Chordata;Actinopteri;Labriformes;Labridae;Coris;Coris aygula;NA;NA;NA
FJ171339.1	NA;Chordata;Actinopteri;Lutjaniformes;Lutjanidae;Lutjanus;Lutjanus bengalensis;NA;NA;NA
LC278089.2	NA;Chordata;Actinopteri;Lutjaniformes;Lutjanidae;Lutjanus;Lutjanus rivulatus;NA;NA;NA
Erilepis	NA;Chordata;Actinopteri;Perciformes;Anoplopomatidae;Erilepis;Erilepis zonifer;NA;NA;NA
LC649226.1	NA;Chordata;Actinopteri;Lutjaniformes;Lutjanidae;Lutjanus;Lutjanus bohar;NA;NA;NA
Lutjanus_1	NA;Pseudomonadota;Gammaproteobacteria;Vibrionales;Vibrionaceae;Vibrio;Vibrio alginolyticus;NA;NA;NA
OP056933.1	NA;Chordata;Actinopteri;Lutjaniformes;Lutjanidae;Lutjanus;Lutjanus mahogoni;NA;NA;NA
PZ310919.1	NA;Chordata;Actinopteri;Lutjaniformes;Lutjanidae;Macolor;Macolor macularis;NA;NA;NA
PV814557.1	NA;Chordata;Actinopteri;Lutjaniformes;Lutjanidae;Lutjanus;Lutjanus colorado;NA;NA;NA
PQ628782.1	NA;Chordata;Actinopteri;Lutjaniformes;Lutjanidae;Lutjanus;Lutjanus goreensis;NA;NA;NA
AY484978.1	NA;Chordata;Actinopteri;Lutjaniformes;Lutjanidae;Lutjanus;Lutjanus argentimaculatus;NA;NA;NA
NC_088015.1	NA;Chordata;Actinopteri;Lutjaniformes;Lutjanidae;Ocyurus;Ocyurus chrysurus;NA;NA;NA
Lutjanus_2	NA;Pseudomonadota;Gammaproteobacteria;Vibrionales;Vibrionaceae;Vibrio;Vibrio alginolyticus;NA;NA;NA
KR362299.1	NA;Chordata;Actinopteri;Lutjaniformes;Lutjanidae;Lutjanus;Lutjanus peru;NA;NA;NA
MK092066.1	NA;Chordata;Actinopteri;Lutjaniformes;Lutjanidae;Lutjanus;Lutjanus carponotatus;NA;NA;NA
Cynoscion	NA;Chordata;Actinopteri;NA;Sciaenidae;Cynoscion;Cynoscion nothus;NA;NA;NA
Pseudotolithus	NA;Chordata;Actinopteri;NA;Sciaenidae;Pseudotolithus;Pseudotolithus typus;NA;NA;NA
PQ628810.1	NA;Chordata;Actinopteri;NA;Sciaenidae;Pseudotolithus;Pseudotolithus senegallus;NA;NA;NA
AM931025.1	NA;Chordata;Actinopteri;Perciformes;Serranidae;Epinephelus;Epinephelus marginatus;NA;NA;NA
KX686087.1	NA;Chordata;Actinopteri;NA;Sciaenidae;Leiostomus;Leiostomus xanthurus;NA;NA;NA
Larimus	NA;Chordata;Actinopteri;NA;Sciaenidae;Larimus;Larimus fasciatus;NA;NA;NA
Argyrosomus	NA;Chordata;Actinopteri;NA;Sciaenidae;Argyrosomus;Argyrosomus japonicus;NA;NA;NA
OP056936.1	NA;Chordata;Actinopteri;NA;Sciaenidae;Pareques;Pareques umbrosus;NA;NA;NA
JF972568.1	NA;Chordata;Actinopteri;Centrarchiformes;Sinipercidae;Siniperca;Siniperca chuatsi;NA;NA;NA
PP467779.1	NA;Chordata;Actinopteri;Uranoscopiformes;Ammodytidae;Hyperoplus;Hyperoplus immaculatus;NA;NA;NA
LC785476.1	NA;Chordata;Actinopteri;Acropomatiformes;Pentacerotidae;Pentaceros;Pentaceros wheeleri;NA;NA;NA
OR209138.1	NA;Chordata;Actinopteri;Uranoscopiformes;Ammodytidae;Hyperoplus;Hyperoplus lanceolatus;NA;NA;NA
KP939271.1	NA;Chordata;Actinopteri;Lutjaniformes;Lutjanidae;Lutjanus;Lutjanus erythropterus;NA;NA;NA
Ammodytes	NA;Chordata;Actinopteri;Uranoscopiformes;Ammodytidae;Ammodytes;Ammodytes dubius;NA;NA;NA
AM931023.1	NA;Chordata;Actinopteri;Acropomatiformes;Polyprionidae;Polyprion;Polyprion americanus;NA;NA;NA
Polyprion	NA;Chordata;Actinopteri;Acropomatiformes;Polyprionidae;Polyprion;Polyprion americanus;NA;NA;NA
AB972218.2	NA;Chordata;Actinopteri;Lutjaniformes;Lutjanidae;Lutjanus;Lutjanus stellatus;NA;NA;NA
Anoplopoma	NA;Pseudomonadota;Gammaproteobacteria;Aeromonadales;Aeromonadaceae;Aeromonas;Aeromonas salmonicida;NA;NA;NA
NC_082567.1	NA;Chordata;Actinopteri;Perciformes;Peristediidae;Peristedion;Peristedion miniatum;NA;NA;NA
LC841871.1	NA;Chordata;Actinopteri;Lutjaniformes;Lutjanidae;Paracaesio;Paracaesio caerulea;NA;NA;NA
JX629442.1	NA;Chordata;Actinopteri;Perciformes;Percidae;Perca;Perca flavescens;NA;NA;NA
AP005995.1	NA;Chordata;Actinopteri;Perciformes;Percidae;Perca;Perca fluviatilis;NA;NA;NA
AY372808.1	NA;Chordata;Actinopteri;Perciformes;Percidae;Sander;Sander lucioperca;NA;NA;NA
NC_028197.1	NA;Chordata;Actinopteri;Perciformes;Serranidae;NA;Serranidae sp. JL-2015;NA;NA;NA
AB938146.2	NA;Chordata;Actinopteri;Lutjaniformes;Lutjanidae;Lutjanus;Lutjanus kasmira;NA;NA;NA
Chelidonichthys	NA;Chordata;Actinopteri;Perciformes;Triglidae;Chelidonichthys;Chelidonichthys kumu;NA;NA;NA
LC552450.2	NA;Chordata;Actinopteri;Lutjaniformes;Lutjanidae;Lutjanus;Lutjanus fulvus;NA;NA;NA
PV742853.1	NA;Chordata;Actinopteri;Lutjaniformes;Lutjanidae;Lutjanus;Lutjanus campechanus;NA;NA;NA
PZ310915.1	NA;Chordata;Actinopteri;Lutjaniformes;Lutjanidae;Lutjanus;Lutjanus lutjanus;NA;NA;NA
AY279644.1	NA;Chordata;Actinopteri;Labriformes;Labridae;Semicossyphus;Semicossyphus pulcher;NA;NA;NA
OP035204.1	NA;Chordata;Actinopteri;Labriformes;Labridae;Pseudojuloides;Pseudojuloides cerasinus;NA;NA;NA
MH248186.1	NA;Chordata;Actinopteri;Lutjaniformes;Lutjanidae;Lutjanus;Lutjanus ehrenbergii;NA;NA;NA
PZ213503.1	NA;Chordata;Actinopteri;Lutjaniformes;Lutjanidae;Lutjanus;Lutjanus fulviflamma;NA;NA;NA
MG255115.1	NA;Chordata;Actinopteri;Lutjaniformes;Lutjanidae;Lutjanus;Lutjanus madras;NA;NA;NA
EF514208.1	NA;Chordata;Actinopteri;Lutjaniformes;Lutjanidae;Lutjanus;Lutjanus russellii;NA;NA;NA
MH248211.1	NA;Chordata;Actinopteri;Lutjaniformes;Lutjanidae;Lutjanus;Lutjanus fulviflamma;NA;NA;NA
AB972219.2	NA;Chordata;Actinopteri;Lutjaniformes;Lutjanidae;Lutjanus;Lutjanus ophuysenii;NA;NA;NA
Menticirrhus	NA;Chordata;Actinopteri;NA;Sciaenidae;Menticirrhus;Menticirrhus americanus;NA;NA;NA
PV423377.1	NA;Chordata;Actinopteri;Uranoscopiformes;Ammodytidae;Ammodytes;Ammodytes dubius;NA;NA;NA
AB734122.1	NA;Chordata;Actinopteri;Acropomatiformes;Pentacerotidae;Pseudopentaceros;Pseudopentaceros richardsoni;NA;NA;NA
AB378749.1	NA;Chordata;Actinopteri;Centrarchiformes;Centrarchidae;Micropterus;Micropterus dolomieu;NA;NA;NA
OP035111.1	NA;Chordata;Actinopteri;Labriformes;Labridae;Thalassoma;Thalassoma ballieui;NA;NA;NA
LC597199.2	NA;Chordata;Actinopteri;Lutjaniformes;Lutjanidae;Lutjanus;Lutjanus fulviflamma;NA;NA;NA
MG255110.1	NA;Chordata;Actinopteri;Lutjaniformes;Lutjanidae;Lutjanus;Lutjanus lemniscatus;NA;NA;NA
PV454008.1	NA;Chordata;Actinopteri;Uranoscopiformes;Uranoscopidae;Kathetostoma;Kathetostoma averruncus;NA;NA;NA
Hexagrammos	NA;Chordata;Actinopteri;Perciformes;Hexagrammidae;Hexagrammos;Hexagrammos agrammus;NA;NA;NA
AB753026.1	NA;Chordata;Actinopteri;Perciformes;Hexagrammidae;Pleurogrammus;Pleurogrammus monopterygius;NA;NA;NA
LC783563.1	NA;Chordata;Actinopteri;Labriformes;Labridae;Pteragogus;Pteragogus aurigarius;NA;NA;NA
LC671306.1	NA;Chordata;Actinopteri;Labriformes;Labridae;Pteragogus;Pteragogus aurigarius;NA;NA;NA
PZ315418.1	NA;Chordata;Actinopteri;Labriformes;Labridae;Pteragogus;Pteragogus enneacanthus;NA;NA;NA
PZ237767.1	NA;Chordata;Actinopteri;Labriformes;Labridae;Anampses;Anampses caeruleopunctatus;NA;NA;NA
PZ315373.1	NA;Chordata;Actinopteri;Labriformes;Labridae;Anampses;Anampses caeruleopunctatus;NA;NA;NA
PZ315387.1	NA;Chordata;Actinopteri;Labriformes;Labridae;Halichoeres;Halichoeres bathyphilus;NA;NA;NA
OP056819.1	NA;Chordata;Actinopteri;Labriformes;Labridae;Halichoeres;Halichoeres bivittatus;NA;NA;NA
OP056965.1	NA;Chordata;Actinopteri;Labriformes;Labridae;Halichoeres;Halichoeres poeyi;NA;NA;NA
OP035103.1	NA;Chordata;Actinopteri;Lutjaniformes;Lutjanidae;Etelis;Etelis carbunculus;NA;NA;NA
KT600930.1	NA;Chordata;Actinopteri;Tetraodontiformes;Ostraciidae;Acanthostracion;Acanthostracion polygonius;NA;NA;NA
AY700273.1	NA;Chordata;Actinopteri;Tetraodontiformes;Ostraciidae;Acanthostracion;Acanthostracion polygonius;NA;NA;NA
AY484982.1	NA;Chordata;Actinopteri;Lutjaniformes;Lutjanidae;Pinjalo;Pinjalo pinjalo;NA;NA;NA
Etelis	NA;Chordata;Actinopteri;Lutjaniformes;Lutjanidae;Etelis;Etelis oculatus;NA;NA;NA
Menidia	NA;Chordata;Actinopteri;Atheriniformes;Atherinopsidae;Menidia;Menidia menidia;NA;NA;NA
MH538779.1	NA;Chordata;Actinopteri;Atheriniformes;Atherinopsidae;Menidia;Menidia menidia;NA;NA;NA
MH538741.1	NA;Chordata;Actinopteri;Atheriniformes;Atherinopsidae;Menidia;Menidia menidia;NA;NA;NA
MH538895.1	NA;Chordata;Actinopteri;Atheriniformes;Atherinopsidae;Menidia;Menidia menidia;NA;NA;NA
PV170590.1	NA;Chordata;Actinopteri;Lutjaniformes;Lutjanidae;Etelis;Etelis carbunculus;NA;NA;NA
KT600958.1	NA;Chordata;Actinopteri;Tetraodontiformes;Balistidae;Odonus;Odonus niger;NA;NA;NA
Odonus	NA;Chordata;Actinopteri;Tetraodontiformes;Balistidae;Odonus;Odonus niger;NA;NA;NA
MH538718.1	NA;Chordata;Actinopteri;Atheriniformes;Atherinopsidae;Menidia;Menidia menidia;NA;NA;NA
MG599474.1	NA;Chordata;Actinopteri;NA;Sciaenidae;Aplodinotus;Aplodinotus grunniens;NA;NA;NA
PZ315218.1	NA;Chordata;Actinopteri;Perciformes;Serranidae;Pseudogramma;Pseudogramma brederi;NA;NA;NA
KX117921.1	NA;Chordata;Actinopteri;Perciformes;Anarhichadidae;Anarhichas;Anarhichas lupus;NA;NA;NA
KX118007.1	NA;Chordata;Actinopteri;Perciformes;Anarhichadidae;Anarhichas;Anarhichas minor;NA;NA;NA
DQ536425.1	NA;Chordata;Actinopteri;Centrarchiformes;Centrarchidae;Micropterus;Micropterus salmoides;NA;NA;NA
LC649162.1	NA;Chordata;Actinopteri;Perciformes;Serranidae;Diploprion;Diploprion bifasciatus;NA;NA;NA
AP006238.1	NA;Chordata;Actinopteri;Tetraodontiformes;Molidae;Mola;Mola mola;NA;NA;NA
MH377835.1	NA;Chordata;Actinopteri;Tetraodontiformes;Molidae;Mola;Mola mola;NA;NA;NA
AY700258.1	NA;Chordata;Actinopteri;Tetraodontiformes;Molidae;Mola;Mola mola;NA;NA;NA
LC771072.1	NA;Chordata;Actinopteri;Labriformes;Labridae;Suezichthys;Suezichthys notatus;NA;NA;NA
OM749733.1	NA;Chordata;Actinopteri;Perciformes;Serranidae;Aulacocephalus;Aulacocephalus temminckii;NA;NA;NA
AY700248.1	NA;Chordata;Actinopteri;Tetraodontiformes;Balistidae;Abalistes;Abalistes stellatus;NA;NA;NA
PZ237771.1	NA;Chordata;Actinopteri;Labriformes;Labridae;Pseudodax;Pseudodax moluccanus;NA;NA;NA
KT600941.1	NA;Chordata;Actinopteri;Tetraodontiformes;Balistidae;Balistes;Balistes vetula;NA;NA;NA
KT600953.1	NA;Chordata;Actinopteri;Tetraodontiformes;Balistidae;Melichthys;Melichthys niger;NA;NA;NA
AF150007.1	NA;Chordata;Actinopteri;Tetraodontiformes;Balistidae;Melichthys;Melichthys niger;NA;NA;NA
PX022903.1	NA;Chordata;Actinopteri;Tetraodontiformes;Balistidae;Melichthys;Melichthys niger;NA;NA;NA
AP009204.1	NA;Chordata;Actinopteri;Tetraodontiformes;Balistidae;Balistes;Balistes vetula;NA;NA;NA
KT600950.1	NA;Chordata;Actinopteri;Tetraodontiformes;Balistidae;Canthidermis;Canthidermis maculata;NA;NA;NA
Canthidermis	NA;Chordata;Actinopteri;Tetraodontiformes;Balistidae;Canthidermis;Canthidermis maculata;NA;NA;NA
KT600938.1	NA;Chordata;Actinopteri;Tetraodontiformes;Balistidae;Balistes;Balistes capriscus;NA;NA;NA
AY700238.1	NA;Chordata;Actinopteri;Tetraodontiformes;Balistidae;Balistes;Balistes capriscus;NA;NA;NA
AY700247.1	NA;Chordata;Actinopteri;Tetraodontiformes;Balistidae;Rhinecanthus;Rhinecanthus aculeatus;NA;NA;NA
AP009210.1	NA;Chordata;Actinopteri;Tetraodontiformes;Balistidae;Rhinecanthus;Rhinecanthus aculeatus;NA;NA;NA
KT600968.1	NA;Chordata;Actinopteri;Tetraodontiformes;Balistidae;Rhinecanthus;Rhinecanthus aculeatus;NA;NA;NA
KF999831.1	NA;Chordata;Actinopteri;Centrarchiformes;Terapontidae;Terapon;Terapon theraps;NA;NA;NA
OL471029.1	NA;Chordata;Actinopteri;Centrarchiformes;Centrarchidae;Lepomis;Lepomis gulosus;NA;NA;NA
MH301067.1	NA;Chordata;Actinopteri;Centrarchiformes;Centrarchidae;Lepomis;Lepomis gulosus;NA;NA;NA
Lepomis	NA;Chordata;Actinopteri;Centrarchiformes;Centrarchidae;Lepomis;Lepomis gibbosus;NA;NA;NA
Lepomis_1	NA;Chordata;Actinopteri;Centrarchiformes;Centrarchidae;Lepomis;Lepomis gibbosus;NA;NA;NA
Lepomis_2	NA;Chordata;Actinopteri;Centrarchiformes;Centrarchidae;Lepomis;Lepomis gibbosus;NA;NA;NA
KX117981.1	NA;Chordata;Actinopteri;Perciformes;Anarhichadidae;Anarhichas;Anarhichas lupus;NA;NA;NA
OP035247.2	NA;Chordata;Actinopteri;Tetraodontiformes;Balistidae;Melichthys;Melichthys niger;NA;NA;NA
Conodon	NA;Chordata;Actinopteri;Lutjaniformes;Haemulidae;Conodon;Conodon nobilis;NA;NA;NA
MF572015.1	NA;Chordata;Actinopteri;NA;Sillaginidae;Sillago;Sillago sihama;NA;NA;NA
NC_041194.1	NA;Chordata;Actinopteri;Labriformes;Labridae;Halichoeres;Halichoeres nigrescens;NA;NA;NA
OP057108.2	NA;Chordata;Actinopteri;Lutjaniformes;Haemulidae;Anisotremus;Anisotremus virginicus;NA;NA;NA
PZ253520.1	NA;Chordata;Actinopteri;Labriformes;Labridae;Bodianus;Bodianus axillaris;NA;NA;NA
MN255618.1	NA;Chordata;Actinopteri;Cichliformes;Cichlidae;Oreochromis;Oreochromis niloticus;NA;NA;NA
AY597335.1	NA;Chordata;Actinopteri;Cichliformes;Cichlidae;Oreochromis;Oreochromis mossambicus;NA;NA;NA
EU709731.1	NA;Chordata;Actinopteri;Cichliformes;Cichlidae;Oreochromis;Oreochromis aureus;NA;NA;NA
OP056839.1	NA;Chordata;Actinopteri;Labriformes;Labridae;Doratonotus;Doratonotus megalepis;NA;NA;NA
KY815246.1	NA;Chordata;Actinopteri;Labriformes;Labridae;Bodianus;Bodianus pulchellus;NA;NA;NA
AJ810126.1	NA;Chordata;Actinopteri;Labriformes;Labridae;Bodianus;Bodianus rufus;NA;NA;NA
PZ315395.1	NA;Chordata;Actinopteri;Labriformes;Labridae;Halichoeres;Halichoeres pictus;NA;NA;NA
KM057987.1	NA;Chordata;Actinopteri;Perciformes;Cottidae;Scorpaenichthys;Scorpaenichthys marmoratus;NA;NA;NA
AY949433.1	NA;Chordata;Actinopteri;Perciformes;Serranidae;Epinephelus;Epinephelus striatus;NA;NA;NA
PZ315200.1	NA;Chordata;Actinopteri;Perciformes;Serranidae;Gracila;Gracila albomarginata;NA;NA;NA
KM057974.1	NA;Chordata;Actinopteri;Perciformes;Cottidae;Myoxocephalus;Myoxocephalus polyacanthocephalus;NA;NA;NA
Hemilepidotus	NA;Chordata;Actinopteri;Perciformes;Cottidae;Hemilepidotus;Hemilepidotus jordani;NA;NA;NA
KM057961.1	NA;Chordata;Actinopteri;Perciformes;Agonidae;Hemitripterus;Hemitripterus americanus;NA;NA;NA
AY949425.1	NA;Chordata;Actinopteri;Perciformes;Serranidae;Epinephelus;Epinephelus morio;NA;NA;NA
Epinephelus	NA;Chordata;Actinopteri;Perciformes;Serranidae;Epinephelus;Epinephelus coioides;NA;NA;NA
AY949437.1	NA;Chordata;Actinopteri;Perciformes;Serranidae;Epinephelus;Epinephelus guttatus;NA;NA;NA
AY279648.1	NA;Chordata;Actinopteri;Labriformes;Labridae;Tautoga;Tautoga onitis;NA;NA;NA
OM891515.1	NA;Chordata;Actinopteri;Perciformes;Serranidae;Liopropoma;Liopropoma latifasciatum;NA;NA;NA
LC923541.1	NA;Chordata;Actinopteri;Perciformes;Serranidae;Liopropoma;Liopropoma latifasciatum;NA;NA;NA
OP056853.2	NA;Chordata;Actinopteri;Labriformes;Labridae;Thalassoma;Thalassoma bifasciatum;NA;NA;NA
LC589565.2	NA;Chordata;Actinopteri;Labriformes;Labridae;Thalassoma;Thalassoma cupido;NA;NA;NA
OP035098.1	NA;Chordata;Actinopteri;Labriformes;Labridae;Thalassoma;Thalassoma trilobatum;NA;NA;NA
PZ237776.1	NA;Chordata;Actinopteri;Labriformes;Labridae;Halichoeres;Halichoeres leucurus;NA;NA;NA
OP035272.2	NA;Chordata;Actinopteri;Labriformes;Labridae;Halichoeres;Halichoeres marginatus;NA;NA;NA
PZ237755.1	NA;Chordata;Actinopteri;Labriformes;Labridae;Halichoeres;Halichoeres argus;NA;NA;NA
LC589564.2	NA;Chordata;Actinopteri;Labriformes;Labridae;Thalassoma;Thalassoma amblycephalum;NA;NA;NA
OP154135.1	NA;Chordata;Actinopteri;NA;Sciaenidae;Cynoscion;Cynoscion nothus;NA;NA;NA
Cynoscion_1	NA;Chordata;Actinopteri;NA;Sciaenidae;Cynoscion;Cynoscion nothus;NA;NA;NA
PV814505.1	NA;Chordata;Actinopteri;NA;Sciaenidae;Cynoscion;Cynoscion reticulatus;NA;NA;NA
AF128402.1	NA;Chordata;Actinopteri;NA;Sciaenidae;Cynoscion;Cynoscion nebulosus;NA;NA;NA
OP057009.1	NA;Chordata;Actinopteri;NA;Sciaenidae;Cynoscion;Cynoscion nebulosus;NA;NA;NA
NC_028423.1	NA;Chordata;Actinopteri;Labriformes;Labridae;Bodianus;Bodianus oxycephalus;NA;NA;NA
OP035246.1	NA;Chordata;Actinopteri;Tetraodontiformes;Ostraciidae;Ostracion;Ostracion meleagris;NA;NA;NA
AY700274.1	NA;Chordata;Actinopteri;Tetraodontiformes;Ostraciidae;Rhinesomus;Rhinesomus triqueter;NA;NA;NA
AY700275.1	NA;Chordata;Actinopteri;Tetraodontiformes;Ostraciidae;Acanthostracion;Acanthostracion quadricornis;NA;NA;NA
PZ315374.1	NA;Chordata;Actinopteri;Labriformes;Labridae;Anampses;Anampses melanurus;NA;NA;NA
LC654211.1	NA;Chordata;Actinopteri;Labriformes;Labridae;Anampses;Anampses melanurus;NA;NA;NA
PZ237753.1	NA;Chordata;Actinopteri;Labriformes;Labridae;Halichoeres;Halichoeres scapularis;NA;NA;NA
LC778704.1	NA;Chordata;Actinopteri;Labriformes;Labridae;Labroides;Labroides dimidiatus;NA;NA;NA
Luvarus	NA;Chordata;Actinopteri;Acanthuriformes;Luvaridae;Luvarus;Luvarus imperialis;NA;NA;NA
NC_011199.1	NA;Chordata;Actinopteri;Labriformes;Labridae;Halichoeres;Halichoeres trimaculatus;NA;NA;NA
NC_083028.1	NA;Chordata;Actinopteri;Labriformes;Labridae;Xyrichtys;Xyrichtys novacula;NA;NA;NA
LC672477.1	NA;Chordata;Actinopteri;Lutjaniformes;Lutjanidae;Pterocaesio;Pterocaesio tile;NA;NA;NA
LC278265.2	NA;Chordata;Actinopteri;Acanthuriformes;Acanthuridae;Naso;Naso unicornis;NA;NA;NA
KP966562.1	NA;Chordata;Actinopteri;Lutjaniformes;Haemulidae;Plectorhinchus;Plectorhinchus orientalis;NA;NA;NA
KP976103.1	NA;Chordata;Actinopteri;Lutjaniformes;Haemulidae;Plectorhinchus;Plectorhinchus vittatus;NA;NA;NA
AB355914.1	NA;Chordata;Actinopteri;Lutjaniformes;Haemulidae;Diagramma;Diagramma pictum;NA;NA;NA
LC858682.1	NA;Chordata;Actinopteri;Lutjaniformes;Haemulidae;Plectorhinchus;Plectorhinchus chaetodonoides;NA;NA;NA
LC723805.1	NA;Chordata;Actinopteri;Acanthuriformes;Acanthuridae;Zebrasoma;Zebrasoma velifer;NA;NA;NA
PZ237787.1	NA;Chordata;Actinopteri;Labriformes;Labridae;Macropharyngodon;Macropharyngodon meleagris;NA;NA;NA
NC_028289.1	NA;Chordata;Actinopteri;Labriformes;Labridae;Macropharyngodon;Macropharyngodon negrosensis;NA;NA;NA
PZ237772.1	NA;Chordata;Actinopteri;Labriformes;Labridae;Anampses;Anampses geographicus;NA;NA;NA
AY279561.1	NA;Chordata;Actinopteri;Centrarchiformes;Kyphosidae;Kyphosus;Kyphosus vaigiensis;NA;NA;NA
PZ253503.1	NA;Chordata;Actinopteri;Labriformes;Labridae;Coris;Coris pictoides;NA;NA;NA
LC649157.1	NA;Chordata;Actinopteri;Labriformes;Labridae;Halichoeres;Halichoeres melanochir;NA;NA;NA
LC654188.1	NA;Chordata;Actinopteri;Labriformes;Labridae;Coris;Coris dorsomacula;NA;NA;NA
KP317810.1	NA;Chordata;Actinopteri;Centrarchiformes;Terapontidae;Scortum;Scortum barcoo;NA;NA;NA
OP154136.1	NA;Chordata;Actinopteri;Lutjaniformes;Lutjanidae;Lutjanus;Lutjanus jocu;NA;NA;NA
JN182927.1	NA;Chordata;Actinopteri;Lutjaniformes;Lutjanidae;Lutjanus;Lutjanus argentimaculatus;NA;NA;NA
OP056934.1	NA;Chordata;Actinopteri;Lutjaniformes;Lutjanidae;Lutjanus;Lutjanus griseus;NA;NA;NA
OP035162.1	NA;Chordata;Actinopteri;Lutjaniformes;Lutjanidae;Lutjanus;Lutjanus apodus;NA;NA;NA
PZ213523.1	NA;Chordata;Actinopteri;Lutjaniformes;Lutjanidae;Caesio;Caesio lunaris;NA;NA;NA
Rhomboplites	NA;Chordata;Actinopteri;Lutjaniformes;Lutjanidae;Rhomboplites;Rhomboplites aurorubens;NA;NA;NA
MN251863.1	NA;Chordata;Actinopteri;NA;Sciaenidae;Pseudotolithus;Pseudotolithus elongatus;NA;NA;NA
PX070000.1	NA;Chordata;Actinopteri;Priacanthiformes;Priacanthidae;Pristigenys;Pristigenys alta;NA;NA;NA
NC_009066.1	NA;Chordata;Actinopteri;Labriformes;Labridae;Halichoeres;Halichoeres melanurus;NA;NA;NA
LC669497.1	NA;Chordata;Actinopteri;Labriformes;Labridae;Halichoeres;Halichoeres tenuispinis;NA;NA;NA
NC_011191.1	NA;Chordata;Actinopteri;Labriformes;Labridae;Halichoeres;Halichoeres tenuispinis;NA;NA;NA
Anarrhichthys	NA;Chordata;Actinopteri;Perciformes;Anarhichadidae;Anarrhichthys;Anarrhichthys ocellatus;NA;NA;NA
LC493930.1	NA;Chordata;Actinopteri;Perciformes;Anarhichadidae;Anarhichas;Anarhichas orientalis;NA;NA;NA
OP056961.1	NA;Chordata;Actinopteri;NA;Sciaenidae;Eques;Eques punctatus;NA;NA;NA
AY072666.1	NA;Chordata;Actinopteri;Acropomatiformes;Polyprionidae;Stereolepis;Stereolepis gigas;NA;NA;NA
PX987551.1	NA;Chordata;Actinopteri;Perciformes;Serranidae;Jeboehlkia;Jeboehlkia gladifer;NA;NA;NA
PZ213527.1	NA;Chordata;Actinopteri;Lutjaniformes;Lutjanidae;Pterocaesio;Pterocaesio chrysozona;NA;NA;NA
AB938150.2	NA;Chordata;Actinopteri;Lutjaniformes;Lutjanidae;Pterocaesio;Pterocaesio marri;NA;NA;NA
PX987553.1	NA;Chordata;Actinopteri;Perciformes;Serranidae;Rypticus;Rypticus bicolor;NA;NA;NA
PZ315222.1	NA;Chordata;Actinopteri;Perciformes;Serranidae;Rypticus;Rypticus carpenteri;NA;NA;NA
NC_088022.1	NA;Chordata;Actinopteri;Perciformes;Serranidae;Rypticus;Rypticus randalli;NA;NA;NA
OP056927.1	NA;Chordata;Actinopteri;Perciformes;Serranidae;Rypticus;Rypticus subbifrenatus;NA;NA;NA
PX987554.1	NA;Chordata;Actinopteri;Perciformes;Serranidae;Rypticus;Rypticus nigripinnis;NA;NA;NA
OP035136.1	NA;Chordata;Actinopteri;Perciformes;Serranidae;Aporops;Aporops bilinearis;NA;NA;NA
PZ315195.1	NA;Chordata;Actinopteri;Perciformes;Serranidae;Aporops;Aporops bilinearis;NA;NA;NA
KC427094.1	NA;Chordata;Actinopteri;Centrarchiformes;Centrarchidae;Lepomis;Lepomis cyanellus;NA;NA;NA
LC672482.1	NA;Chordata;Actinopteri;Perciformes;Anarhichadidae;Anarhichas;Anarhichas orientalis;NA;NA;NA
OR582716.1	NA;Chordata;Actinopteri;Labriformes;Labridae;Cymolutes;Cymolutes torquatus;NA;NA;NA
PZ315211.1	NA;Chordata;Actinopteri;Perciformes;Serranidae;Mycteroperca;Mycteroperca venenosa;NA;NA;NA
AY949419.1	NA;Chordata;Actinopteri;Perciformes;Serranidae;Mycteroperca;Mycteroperca venenosa;NA;NA;NA
OP057017.2	NA;Chordata;Actinopteri;Labriformes;Labridae;Xyrichtys;Xyrichtys martinicensis;NA;NA;NA
OP035102.1	NA;Chordata;Actinopteri;Labriformes;Labridae;Iniistius;Iniistius pavo;NA;NA;NA
PZ133645.1	NA;Chordata;Actinopteri;Labriformes;Labridae;Iniistius;Iniistius trivittatus;NA;NA;NA
LC654213.1	NA;Chordata;Actinopteri;Labriformes;Labridae;Iniistius;Iniistius celebicus;NA;NA;NA
PZ210656.1	NA;Chordata;Actinopteri;Perciformes;Serranidae;Epinephelus;Epinephelus coeruleopunctatus;NA;NA;NA
NC_026731.1	NA;Chordata;Actinopteri;Perciformes;Serranidae;Epinephelus;Epinephelus corallicola;NA;NA;NA
KU877247.1	NA;Chordata;Actinopteri;Perciformes;Serranidae;Epinephelus;Epinephelus malabaricus;NA;NA;NA
OP057093.1	NA;Chordata;Actinopteri;NA;Sciaenidae;Menticirrhus;Menticirrhus americanus;NA;NA;NA
MF572017.1	NA;Chordata;Actinopteri;NA;Sillaginidae;Sillago;Sillago flindersi;NA;NA;NA
OP056928.2	NA;Chordata;Actinopteri;Lutjaniformes;Haemulidae;Haemulon;Haemulon macrostomum;NA;NA;NA
OP056946.1	NA;Chordata;Actinopteri;Lutjaniformes;Haemulidae;Haemulon;Haemulon plumierii;NA;NA;NA
OP056941.2	NA;Chordata;Actinopteri;Lutjaniformes;Haemulidae;Haemulon;Haemulon flavolineatum;NA;NA;NA
OP056956.1	NA;Chordata;Actinopteri;Lutjaniformes;Haemulidae;Haemulon;Haemulon carbonarium;NA;NA;NA
Anisotremus	NA;Chordata;Actinopteri;Lutjaniformes;Haemulidae;Anisotremus;Anisotremus virginicus;NA;NA;NA
PZ315416.1	NA;Chordata;Actinopteri;Labriformes;Labridae;Pseudojuloides;Pseudojuloides atavai;NA;NA;NA
PZ237769.1	NA;Chordata;Actinopteri;Labriformes;Labridae;Bodianus;Bodianus mesothorax;NA;NA;NA
LC340201.2	NA;Chordata;Actinopteri;Labriformes;Labridae;Bodianus;Bodianus tanyokidus;NA;NA;NA
Atherinopsis	NA;Chordata;Actinopteri;Atheriniformes;Atherinopsidae;Atherinopsis;Atherinopsis californiensis;NA;NA;NA
OP035070.2	NA;Chordata;Actinopteri;Labriformes;Labridae;Novaculichthys;Novaculichthys taeniourus;NA;NA;NA
PZ315406.1	NA;Chordata;Actinopteri;Labriformes;Labridae;Novaculoides;Novaculoides macrolepidotus;NA;NA;NA
OP056892.2	NA;Chordata;Actinopteri;NA;Sciaenidae;Stellifer;Stellifer lanceolatus;NA;NA;NA
PZ315396.1	NA;Chordata;Actinopteri;Labriformes;Labridae;Halichoeres;Halichoeres prosopeion;NA;NA;NA
KX686072.1	NA;Chordata;Actinopteri;NA;Sciaenidae;Menticirrhus;Menticirrhus saxatilis;NA;NA;NA
AF055600.1	NA;Chordata;Actinopteri;NA;Siganidae;Siganus;Siganus canaliculatus;NA;NA;NA
AP006031.1	NA;Chordata;Actinopteri;NA;Siganidae;Siganus;Siganus unimaculatus;NA;NA;NA
PV423371.1	NA;Chordata;Actinopteri;Labriformes;Labridae;Bodianus;Bodianus parrae;NA;NA;NA
OP035132.1	NA;Chordata;Actinopteri;Labriformes;Labridae;Bodianus;Bodianus albotaeniatus;NA;NA;NA
PX804240.1	NA;Chordata;Actinopteri;Labriformes;Labridae;Bodianus;Bodianus bilunulatus;NA;NA;NA
LC649134.1	NA;Chordata;Actinopteri;Perciformes;Serranidae;Pogonoperca;Pogonoperca punctata;NA;NA;NA
PX070019.1	NA;Chordata;Actinopteri;Ephippiformes;Ephippidae;Chaetodipterus;Chaetodipterus faber;NA;NA;NA
AF055596.1	NA;Chordata;Actinopteri;Ephippiformes;Ephippidae;Chaetodipterus;Chaetodipterus faber;NA;NA;NA
Haemulon	NA;Chordata;Actinopteri;Lutjaniformes;Haemulidae;Haemulon;Haemulon bonariense;NA;NA;NA
PV742865.1	NA;Chordata;Actinopteri;Lutjaniformes;Haemulidae;Haemulon;Haemulon striatum;NA;NA;NA
OP056910.2	NA;Chordata;Actinopteri;Lutjaniformes;Haemulidae;Brachygenys;Brachygenys chrysargyrea;NA;NA;NA
PZ310907.1	NA;Chordata;Actinopteri;Lutjaniformes;Haemulidae;Haemulon;Haemulon album;NA;NA;NA
OP056814.1	NA;Chordata;Actinopteri;Lutjaniformes;Haemulidae;Haemulon;Haemulon aurolineatum;NA;NA;NA
Brotula	NA;Chordata;Actinopteri;Ophidiiformes;Ophidiidae;Brotula;Brotula multibarbata;NA;NA;NA
PV656768.1	NA;Chordata;Actinopteri;Ophidiiformes;Ophidiidae;Brotula;Brotula barbata;NA;NA;NA
LC815099.1	NA;Chordata;Actinopteri;Labriformes;Labridae;Bodianus;Bodianus reticulatus;NA;NA;NA
Ophiodon	NA;Chordata;Actinopteri;Perciformes;Hexagrammidae;Ophiodon;Ophiodon elongatus;NA;NA;NA
FJ445403.1	NA;Chordata;Actinopteri;Cyprinodontiformes;Fundulidae;Fundulus;Fundulus heteroclitus;NA;NA;NA
Fundulus	NA;Chordata;Actinopteri;Cyprinodontiformes;Fundulidae;Fundulus;Fundulus heteroclitus;NA;NA;NA
OP056877.2	NA;Chordata;Actinopteri;Acropomatiformes;Acropomatidae;Synagrops;Synagrops bellus;NA;NA;NA
Aluterus	NA;Chordata;Actinopteri;Tetraodontiformes;Monacanthidae;Aluterus;Aluterus monoceros;NA;NA;NA
OP035105.1	NA;Chordata;Actinopteri;Cyprinodontiformes;Fundulidae;Fundulus;Fundulus confluentus;NA;NA;NA
AY279649.1	NA;Chordata;Actinopteri;Labriformes;Labridae;Tautogolabrus;Tautogolabrus adspersus;NA;NA;NA
PV276249.1	NA;Chordata;Actinopteri;Labriformes;Labridae;Tautogolabrus;Tautogolabrus adspersus;NA;NA;NA
LC545442.1	NA;Chordata;Actinopteri;Labriformes;Labridae;Ctenolabrus;Ctenolabrus rupestris;NA;NA;NA
Monacanthus	NA;Chordata;Actinopteri;Tetraodontiformes;Monacanthidae;Monacanthus;Monacanthus chinensis;NA;NA;NA
KT600932.1	NA;Chordata;Actinopteri;Tetraodontiformes;Monacanthidae;Aluterus;Aluterus schoepfii;NA;NA;NA
OR582707.1	NA;Chordata;Actinopteri;Tetraodontiformes;Monacanthidae;Aluterus;Aluterus schoepfii;NA;NA;NA
Hexagrammos_1	NA;Chordata;Actinopteri;Perciformes;Hexagrammidae;Hexagrammos;Hexagrammos agrammus;NA;NA;NA
LC722532.1	NA;Chordata;Actinopteri;Lutjaniformes;Haemulidae;Plectorhinchus;Plectorhinchus gibbosus;NA;NA;NA
KJ872545.1	NA;Chordata;Actinopteri;NA;Siganidae;Siganus;Siganus canaliculatus;NA;NA;NA
OP035150.2	NA;Chordata;Actinopteri;Labriformes;Labridae;Halichoeres;Halichoeres ornatissimus;NA;NA;NA
PZ253486.1	NA;Chordata;Actinopteri;Labriformes;Labridae;Halichoeres;Halichoeres claudia;NA;NA;NA
PZ237781.1	NA;Chordata;Actinopteri;Labriformes;Labridae;Halichoeres;Halichoeres nebulosus;NA;NA;NA
PQ738625.1	NA;Chordata;Actinopteri;Labriformes;Labridae;Halichoeres;Halichoeres margaritaceus;NA;NA;NA
PZ253512.1	NA;Chordata;Actinopteri;Labriformes;Labridae;Halichoeres;Halichoeres chrysus;NA;NA;NA
Grammatorcynus	NA;Chordata;Actinopteri;Scombriformes;Scombridae;Grammatorcynus;Grammatorcynus bilineatus;NA;NA;NA
KU852423.1	NA;Chordata;Actinopteri;Anabantiformes;Channidae;Channa;Channa striata;NA;NA;NA
PX416228.1	NA;Chordata;Actinopteri;Characiformes;Erythrinidae;Hoplias;Hoplias malabaricus;NA;NA;NA
PX416060.1	NA;Chordata;Actinopteri;Siluriformes;Loricariidae;Guyanancistrus;Guyanancistrus longispinis;NA;NA;NA
LC654189.1	NA;Chordata;Actinopteri;Labriformes;Labridae;Coris;Coris gaimard;NA;NA;NA
PZ237785.1	NA;Chordata;Actinopteri;Labriformes;Labridae;Pseudocoris;Pseudocoris yamashiroi;NA;NA;NA
Datnioides	NA;Chordata;Actinopteri;Lobotiformes;Datnioididae;Datnioides;Datnioides polota;NA;NA;NA
PX416486.1	NA;Chordata;Actinopteri;Siluriformes;Callichthyidae;Megalechis;Megalechis thoracata;NA;NA;NA
HM114385.1	NA;Chordata;Actinopteri;Siluriformes;Callichthyidae;Hoplosternum;Hoplosternum littorale;NA;NA;NA
HM114383.1	NA;Chordata;Actinopteri;Siluriformes;Callichthyidae;Hoplosternum;Hoplosternum littorale;NA;NA;NA
MG755556.1	NA;Chordata;Actinopteri;Siluriformes;Callichthyidae;Hoplosternum;Hoplosternum littorale;NA;NA;NA
HM114384.1	NA;Chordata;Actinopteri;Siluriformes;Callichthyidae;Hoplosternum;Hoplosternum littorale;NA;NA;NA
PX415745.1	NA;Chordata;Actinopteri;Siluriformes;Cetopsidae;Cetopsidium;Cetopsidium orientale;NA;NA;NA
PX415748.1	NA;Chordata;Actinopteri;Siluriformes;Cetopsidae;Cetopsidium;Cetopsidium orientale;NA;NA;NA
PX416751.1	NA;Chordata;Actinopteri;Siluriformes;Heptapteridae;Pimelodella;Pimelodella cf. cristata;NA;NA;NA
HM010690.1	NA;Chordata;Actinopteri;Cypriniformes;Cyprinidae;Systomus;Systomus sarana;NA;NA;NA
KU886061.1	NA;Chordata;Actinopteri;Cypriniformes;Cyprinidae;Systomus;Systomus sarana;Systomus sarana sarana;NA;NA
PX416893.1	NA;Chordata;Actinopteri;Siluriformes;Loricariidae;Rineloricaria;Rineloricaria aff. stewarti 3 CC-2025;NA;NA;NA
PX416891.1	NA;Chordata;Actinopteri;Siluriformes;Loricariidae;Rineloricaria;Rineloricaria aff. stewarti 3 CC-2025;NA;NA;NA
PX416004.1	NA;Chordata;Actinopteri;Siluriformes;Loricariidae;Farlowella;Farlowella reticulata;NA;NA;NA
PX416682.1	NA;Chordata;Actinopteri;Siluriformes;Loricariidae;Paralithoxus;Paralithoxus aff. planquettei;NA;NA;NA
PX416889.1	NA;Chordata;Actinopteri;Siluriformes;Loricariidae;Rineloricaria;Rineloricaria aff. stewarti 3 CC-2025;NA;NA;NA
Datnioides_1	NA;Chordata;Actinopteri;Lobotiformes;Datnioididae;Datnioides;Datnioides polota;NA;NA;NA
PX416887.1	NA;Chordata;Actinopteri;Siluriformes;Loricariidae;Rhinotocinclus;Rhinotocinclus halbothi;NA;NA;NA
PX416201.1	NA;Chordata;Actinopteri;Siluriformes;Heptapteridae;Heptapterus;Heptapterus bleekeri;NA;NA;NA
PX416200.1	NA;Chordata;Actinopteri;Siluriformes;Heptapteridae;Heptapterus;Heptapterus bleekeri;NA;NA;NA
PX416202.1	NA;Chordata;Actinopteri;Siluriformes;Heptapteridae;Heptapterus;Heptapterus bleekeri;NA;NA;NA
PX416320.1	NA;Chordata;Actinopteri;Siluriformes;Trichomycteridae;Ituglanis;Ituglanis amazonicus;NA;NA;NA
PX415899.1	NA;Chordata;Actinopteri;Siluriformes;Loricariidae;Curculionichthys;Curculionichthys cf. karipuna;NA;NA;NA
PX416698.1	NA;Chordata;Actinopteri;Siluriformes;Loricariidae;Parotocinclus;Parotocinclus cf. britskii;NA;NA;NA
PX415902.1	NA;Chordata;Actinopteri;Siluriformes;Loricariidae;Curculionichthys;Curculionichthys monolechis;NA;NA;NA
PX416322.1	NA;Chordata;Actinopteri;Siluriformes;Trichomycteridae;Ituglanis;Ituglanis amazonicus;NA;NA;NA
PX416888.1	NA;Chordata;Actinopteri;Siluriformes;Loricariidae;Rineloricaria;Rineloricaria aff. stewarti 2 CC-2025;NA;NA;NA
PX416460.1	NA;Chordata;Actinopteri;Siluriformes;Loricariidae;Loricaria;Loricaria aff. parnahybae;NA;NA;NA
PX416462.1	NA;Chordata;Actinopteri;Siluriformes;Loricariidae;Loricaria;Loricaria cataphracta;NA;NA;NA
PX416459.1	NA;Chordata;Actinopteri;Siluriformes;Loricariidae;Loricaria;Loricaria aff. nickeriensis;NA;NA;NA
PX416680.1	NA;Chordata;Actinopteri;Siluriformes;Loricariidae;Paralithoxus;Paralithoxus aff. planquettei;NA;NA;NA
PX416900.1	NA;Chordata;Actinopteri;Siluriformes;Loricariidae;Rineloricaria;Rineloricaria platyura;NA;NA;NA
PX416901.1	NA;Chordata;Actinopteri;Siluriformes;Loricariidae;Rineloricaria;Rineloricaria platyura;NA;NA;NA
PX416903.1	NA;Chordata;Actinopteri;Siluriformes;Loricariidae;Rineloricaria;Rineloricaria stewarti;NA;NA;NA
PX415898.1	NA;Chordata;Actinopteri;Siluriformes;Loricariidae;Cteniloricaria;Cteniloricaria platystoma;NA;NA;NA
PX416292.1	NA;Chordata;Actinopteri;Siluriformes;Loricariidae;Hypostomus;Hypostomus gymnorhynchus;NA;NA;NA
PX416173.1	NA;Chordata;Actinopteri;Siluriformes;Loricariidae;Hemiodontichthys;Hemiodontichthys acipenserinus;NA;NA;NA
PX416295.1	NA;Chordata;Actinopteri;Siluriformes;Loricariidae;Hypostomus;Hypostomus gymnorhynchus;NA;NA;NA
PX416290.1	NA;Chordata;Actinopteri;Siluriformes;Loricariidae;Hypostomus;Hypostomus gymnorhynchus;NA;NA;NA
PX416298.1	NA;Chordata;Actinopteri;Siluriformes;Loricariidae;Hypostomus;Hypostomus gymnorhynchus;NA;NA;NA
PX416307.1	NA;Chordata;Actinopteri;Siluriformes;Loricariidae;Hypostomus;Hypostomus nematopterus;NA;NA;NA
MW927704.1	NA;Chordata;Actinopteri;Lobotiformes;Datnioididae;Datnioides;Datnioides polota;NA;NA;NA
KT001153.1	NA;Chordata;Actinopteri;Anabantiformes;Anabantidae;Anabas;Anabas testudineus;NA;NA;NA
JQ972921.1	NA;Chordata;Actinopteri;Mugiliformes;Mugilidae;Mugil;Mugil liza;NA;NA;NA
KF374952.1	NA;Chordata;Actinopteri;Mugiliformes;Mugilidae;Cestraeus;Cestraeus goldiei;NA;NA;NA
Agonostomus	NA;Platyhelminthes;Trematoda;Plagiorchiida;Allocreadiidae;Pseudoparacreptotrema;Pseudoparacreptotrema yaguezani;NA;NA;NA
JF911708.1	NA;Chordata;Actinopteri;Mugiliformes;Mugilidae;Joturus;Joturus pichardi;NA;NA;NA
JF911704.1	NA;Chordata;Actinopteri;Mugiliformes;Mugilidae;Cestraeus;Cestraeus oxyrhyncus;NA;NA;NA
JF911705.1	NA;Chordata;Actinopteri;Mugiliformes;Mugilidae;Chaenomugil;Chaenomugil proboscideus;NA;NA;NA
AF149999.1	NA;Chordata;Actinopteri;Mugiliformes;Mugilidae;Mugil;Mugil curema;NA;NA;NA
PQ628743.1	NA;Chordata;Actinopteri;Mugiliformes;Mugilidae;Chelon;Chelon dumerili;NA;NA;NA
AY279571.1	NA;Chordata;Actinopteri;NA;Embiotocidae;Amphistichus;Amphistichus argenteus;NA;NA;NA
Cymatogaster	NA;Chordata;Actinopteri;NA;Embiotocidae;Cymatogaster;Cymatogaster aggregata;NA;NA;NA
JN125223.1	NA;Chordata;Actinopteri;NA;Embiotocidae;Amphistichus;Amphistichus koelzi;NA;NA;NA
JN125222.1	NA;Chordata;Actinopteri;NA;Embiotocidae;Amphistichus;Amphistichus argenteus;NA;NA;NA
Crenimugil	NA;Chordata;Actinopteri;Mugiliformes;Mugilidae;Crenimugil;Crenimugil sp.;NA;NA;NA
OR859449.1	NA;Chordata;Actinopteri;Mugiliformes;Mugilidae;Crenimugil;Crenimugil sp. C JDD-2024;NA;NA;NA
KF374964.1	NA;Chordata;Actinopteri;Mugiliformes;Mugilidae;Moolgarda;Moolgarda seheli;NA;NA;NA
Aldrichetta	NA;Negarnaviricota;Insthoviricetes;Articulavirales;Orthomyxoviridae;Sardinovirus;Sardinovirus pilchardi;NA;NA;NA
KF374968.1	NA;Chordata;Actinopteri;Mugiliformes;Mugilidae;Ellochelon;Ellochelon vaigiensis;NA;NA;NA
KF375008.1	NA;Chordata;Actinopteri;Mugiliformes;Mugilidae;Oedalechilus;Oedalechilus labiosus;NA;NA;NA
KP018402.1	NA;Chordata;Actinopteri;Mugiliformes;Mugilidae;Oedalechilus;Oedalechilus labiosus;NA;NA;NA
KF374959.1	NA;Chordata;Actinopteri;Mugiliformes;Mugilidae;Chelon;Chelon dumerili;NA;NA;NA
EU715448.1	NA;Chordata;Actinopteri;Mugiliformes;Mugilidae;Chelon;Chelon ramada;NA;NA;NA
JQ972916.1	NA;Chordata;Actinopteri;Mugiliformes;Mugilidae;Mugil;Mugil cephalus;NA;NA;NA
KF374997.1	NA;Chordata;Actinopteri;Mugiliformes;Mugilidae;Parachelon;Parachelon grandisquamis;NA;NA;NA
KF374958.1	NA;Chordata;Actinopteri;Mugiliformes;Mugilidae;Chelon;Chelon bandialensis;NA;NA;NA
EU715449.1	NA;Chordata;Actinopteri;Mugiliformes;Mugilidae;Chelon;Chelon saliens;NA;NA;NA
KF375000.1	NA;Chordata;Actinopteri;Mugiliformes;Mugilidae;Planiliza;Planiliza macrolepis;NA;NA;NA
KF375005.1	NA;Chordata;Actinopteri;Mugiliformes;Mugilidae;Planiliza;Planiliza alata;NA;NA;NA
JF911709.1	NA;Chordata;Actinopteri;Mugiliformes;Mugilidae;Planiliza;Planiliza affinis;NA;NA;NA
KF375002.1	NA;Chordata;Actinopteri;Mugiliformes;Mugilidae;Planiliza;Planiliza subviridis;NA;NA;NA
KF375004.1	NA;Chordata;Actinopteri;Mugiliformes;Mugilidae;Planiliza;Planiliza abu;NA;NA;NA
JF911706.1	NA;Chordata;Actinopteri;Mugiliformes;Mugilidae;Chelon;Chelon labrosus;NA;NA;NA
LC458116.2	NA;Chordata;Actinopteri;Mugiliformes;Mugilidae;Moolgarda;Moolgarda pedaraki;NA;NA;NA
KP018403.1	NA;Chordata;Actinopteri;Mugiliformes;Mugilidae;Mugil;Mugil cephalus;NA;NA;NA
JQ972924.1	NA;Chordata;Actinopteri;Mugiliformes;Mugilidae;Mugil;Mugil liza;NA;NA;NA
EU715430.1	NA;Chordata;Actinopteri;Mugiliformes;Mugilidae;Mugil;Mugil platanus;NA;NA;NA
JQ996423.1	NA;Chordata;Actinopteri;Mugiliformes;Mugilidae;Mugil;Mugil liza;NA;NA;NA
JQ972922.1	NA;Chordata;Actinopteri;Mugiliformes;Mugilidae;Mugil;Mugil liza;NA;NA;NA
EU715428.1	NA;Chordata;Actinopteri;Mugiliformes;Mugilidae;Mugil;Mugil platanus;NA;NA;NA
KF375001.1	NA;Chordata;Actinopteri;Mugiliformes;Mugilidae;Chelon;Chelon planiceps;NA;NA;NA
KF374976.1	NA;Chordata;Actinopteri;Mugiliformes;Mugilidae;Mugil;Mugil cephalus;NA;NA;NA
KF375007.1	NA;Chordata;Actinopteri;Mugiliformes;Mugilidae;Planiliza;Planiliza ordensis;NA;NA;NA
Anabas	NA;Pseudomonadota;Gammaproteobacteria;Aeromonadales;Aeromonadaceae;Aeromonas;uncultured Aeromonas sp.;NA;NA;NA
AP006832.1	NA;Chordata;Actinopteri;Anabantiformes;Anabantidae;Anabas;Anabas testudineus;NA;NA;NA
AP006834.1	NA;Chordata;Actinopteri;Anabantiformes;Osphronemidae;Osphronemus;Osphronemus goramy;NA;NA;NA
MF804538.1	NA;Chordata;Actinopteri;Anabantiformes;Channidae;Channa;Channa lucius;NA;NA;NA
Trichopodus	NA;Chordata;Actinopteri;Anabantiformes;Osphronemidae;Trichopodus;Trichopodus pectoralis;NA;NA;NA
OR859450.1	NA;Chordata;Actinopteri;Mugiliformes;Mugilidae;Crenimugil;Crenimugil sp. E JDD-2024;NA;NA;NA
AP006809.1	NA;Chordata;Actinopteri;Anabantiformes;Nandidae;Nandus;Nandus nandus;NA;NA;NA
EU715432.1	NA;Chordata;Actinopteri;Mugiliformes;Mugilidae;Mugil;Mugil platanus;NA;NA;NA
AY279572.1	NA;Chordata;Actinopteri;NA;Embiotocidae;Phanerodon;Phanerodon vacca;NA;NA;NA
Embiotoca	NA;Chordata;Actinopteri;NA;Embiotocidae;Embiotoca;Embiotoca jacksoni;NA;NA;NA
Embiotoca_1	NA;Chordata;Actinopteri;NA;Embiotocidae;Embiotoca;Embiotoca jacksoni;NA;NA;NA
KM368340.1	NA;Chordata;Actinopteri;Mugiliformes;Mugilidae;Mugil;Mugil cephalus;NA;NA;NA
DQ225772.1	NA;Chordata;Actinopteri;Mugiliformes;Mugilidae;Mugil;Mugil cephalus;NA;NA;NA
AP002930.1	NA;Chordata;Actinopteri;Mugiliformes;Mugilidae;Mugil;Mugil cephalus;NA;NA;NA
MG986721.1	NA;Chordata;Actinopteri;Anabantiformes;Channidae;Channa;Channa diplogramma;NA;NA;NA
Channa	NA;Chordata;Actinopteri;Anabantiformes;Channidae;Channa;Channa punctata;NA;NA;NA
AP006042.1	NA;Chordata;Actinopteri;Anabantiformes;Channidae;Parachanna;Parachanna insignis;NA;NA;NA
KF374966.1	NA;Chordata;Actinopteri;Mugiliformes;Mugilidae;Crenimugil;Crenimugil buchanani;NA;NA;NA
Channa_1	NA;Chordata;Actinopteri;Anabantiformes;Channidae;Channa;Channa punctata;NA;NA;NA
AP006041.1	NA;Chordata;Actinopteri;Anabantiformes;Channidae;Channa;Channa argus;NA;NA;NA
AB968638.1	NA;Chordata;Actinopteri;Anabantiformes;Channidae;Channa;Channa marulius;NA;NA;NA
AF508081.1	NA;Chordata;Actinopteri;Anabantiformes;Channidae;Channa;Channa orientalis;NA;NA;NA
KJ930190.1	NA;Chordata;Actinopteri;Anabantiformes;Channidae;Channa;Channa asiatica;NA;NA;NA
Channa_2	NA;Chordata;Actinopteri;Anabantiformes;Channidae;Channa;Channa punctata;NA;NA;NA
KT358951.1	NA;Chordata;Actinopteri;Anabantiformes;Channidae;Channa;Channa lucius;NA;NA;NA
NC_082225.1	NA;Chordata;Actinopteri;Anabantiformes;Channidae;Channa;Channa bleheri;NA;NA;NA
NC_071894.1	NA;Chordata;Actinopteri;Anabantiformes;Channidae;Channa;Channa ornatipinnis;NA;NA;NA
KF374987.1	NA;Chordata;Actinopteri;Mugiliformes;Mugilidae;Neochelon;Neochelon falcipinnis;NA;NA;NA
JF911715.1	NA;Chordata;Actinopteri;Mugiliformes;Mugilidae;Minimugil;Minimugil cascasia;NA;NA;NA
KF374969.1	NA;Chordata;Actinopteri;Mugiliformes;Mugilidae;Gracilimugil;Gracilimugil argenteus;NA;NA;NA
NC_072609.1	NA;Chordata;Actinopteri;Anabantiformes;Channidae;Channa;Channa burmanica;NA;NA;NA
KU821708.1	NA;Chordata;Actinopteri;Anabantiformes;Channidae;Channa;Channa gachua;NA;NA;NA
NC_072726.1	NA;Chordata;Actinopteri;Anabantiformes;Channidae;Channa;Channa aurantimaculata;NA;NA;NA
NC_071938.1	NA;Chordata;Actinopteri;Anabantiformes;Channidae;Channa;Channa andrao;NA;NA;NA
KF374950.1	NA;Chordata;Actinopteri;Mugiliformes;Mugilidae;Agonostomus;Agonostomus catalai;NA;NA;NA
Atheresthes	NA;Chordata;Actinopteri;Pleuronectiformes;Pleuronectidae;Atheresthes;Atheresthes stomias;NA;NA;NA
FJ374790.1	NA;Chordata;Actinopteri;Carangiformes;Echeneidae;Echeneis;Echeneis neucratoides;NA;NA;NA
AB355909.1	NA;Chordata;Actinopteri;NA;Menidae;Mene;Mene maculata;NA;NA;NA
FJ616296.1	NA;Chordata;Actinopteri;NA;Pomacentridae;Abudefduf;Abudefduf sordidus;NA;NA;NA
AF285920.1	NA;Chordata;Actinopteri;NA;Pomacentridae;Abudefduf;Abudefduf saxatilis;NA;NA;NA
FJ616294.1	NA;Chordata;Actinopteri;NA;Pomacentridae;Abudefduf;Abudefduf septemfasciatus;NA;NA;NA
LC589608.1	NA;Chordata;Actinopteri;NA;Pomacentridae;Abudefduf;Abudefduf septemfasciatus;NA;NA;NA
PV814465.1	NA;Chordata;Actinopteri;NA;Centropomidae;Centropomus;Centropomus ensiferus;NA;NA;NA
Citharichthys	NA;Chordata;Actinopteri;Pleuronectiformes;Cyclopsettidae;Citharichthys;Citharichthys sp.;NA;NA;NA
Citharichthys_1	NA;Chordata;Actinopteri;Pleuronectiformes;Cyclopsettidae;Citharichthys;Citharichthys sp.;NA;NA;NA
PQ628801.1	NA;Chordata;Actinopteri;Pleuronectiformes;Psettodidae;Psettodes;Psettodes bennettii;NA;NA;NA
Psettodes	NA;Chordata;Actinopteri;Pleuronectiformes;Psettodidae;Psettodes;Psettodes erumei;NA;NA;NA
OR068388.1	NA;Chordata;Actinopteri;NA;Centropomidae;Centropomus;Centropomus viridis;NA;NA;NA
OP056856.1	NA;Chordata;Actinopteri;Pleuronectiformes;Bothidae;Bothus;Bothus lunatus;NA;NA;NA
PV423372.1	NA;Chordata;Actinopteri;Pleuronectiformes;Bothidae;Bothus;Bothus mancus;NA;NA;NA
Bothus	NA;Chordata;Actinopteri;Pleuronectiformes;Bothidae;Bothus;Bothus pantherinus;NA;NA;NA
AP003428.1	NA;Chordata;Mammalia;Artiodactyla;Suidae;Sus;Sus scrofa;Sus scrofa domesticus;NA;NA
PV699392.1	NA;Chordata;Actinopteri;NA;Centropomidae;Centropomus;Centropomus unionensis;NA;NA;NA
PV814489.1	NA;Chordata;Actinopteri;NA;Centropomidae;Centropomus;Centropomus unionensis;NA;NA;NA
AY279618.1	NA;Chordata;Actinopteri;Labriformes;Labridae;Lachnolaimus;Lachnolaimus maximus;NA;NA;NA
PX430463.1	NA;Chordata;Actinopteri;Carangiformes;Carangidae;Trachinotus;Trachinotus baillonii;NA;NA;NA
LC669539.1	NA;Chordata;Actinopteri;Carangiformes;Carangidae;Trachinotus;Trachinotus baillonii;NA;NA;NA
PQ628831.1	NA;Chordata;Actinopteri;Carangiformes;Carangidae;Trachinotus;Trachinotus teraia;NA;NA;NA
KF356397.1	NA;Chordata;Actinopteri;Carangiformes;Carangidae;Trachinotus;Trachinotus ovatus;NA;NA;NA
KJ184305.1	NA;Chordata;Actinopteri;Carangiformes;Carangidae;Trachinotus;Trachinotus blochii;NA;NA;NA
KJ556976.1	NA;Chordata;Actinopteri;Carangiformes;Carangidae;Trachinotus;Trachinotus carolinus;NA;NA;NA
PV814591.1	NA;Chordata;Actinopteri;Carangiformes;Carangidae;Trachinotus;Trachinotus goodei;NA;NA;NA
AB125234.1	NA;Chordata;Actinopteri;Pleuronectiformes;Soleidae;Pegusa;Pegusa lascaris;NA;NA;NA
KF142459.1	NA;Chordata;Actinopteri;Pleuronectiformes;Soleidae;Solea;Solea ovata;NA;NA;NA
AB270760.1	NA;Chordata;Actinopteri;Pleuronectiformes;Soleidae;Solea;Solea senegalensis;NA;NA;NA
JQ639065.1	NA;Chordata;Actinopteri;Pleuronectiformes;Rhombosoleidae;Peltorhamphus;Peltorhamphus novaezeelandiae;NA;NA;NA
KC554065.1	NA;Chordata;Actinopteri;Pleuronectiformes;Rhombosoleidae;Pelotretis;Pelotretis flavilatus;NA;NA;NA
PX804224.1	NA;Chordata;Actinopteri;Carangiformes;Carangidae;Decapterus;Decapterus macrosoma;NA;NA;NA
AF316021.1	NA;Chordata;Actinopteri;Pleuronectiformes;Paralichthyidae;Paralichthys;Paralichthys albigutta;NA;NA;NA
AF316016.1	NA;Chordata;Actinopteri;Pleuronectiformes;Paralichthyidae;Paralichthys;Paralichthys albigutta;NA;NA;NA
MT859134.1	NA;Chordata;Actinopteri;Pleuronectiformes;Paralichthyidae;Paralichthys;Paralichthys californicus;NA;NA;NA
KU053334.1	NA;Chordata;Actinopteri;Pleuronectiformes;Paralichthyidae;Paralichthys;Paralichthys dentatus;NA;NA;NA
AB000667.1	NA;Chordata;Actinopteri;Pleuronectiformes;Paralichthyidae;Paralichthys;Paralichthys olivaceus;NA;NA;NA
AF316027.1	NA;Chordata;Actinopteri;Pleuronectiformes;Paralichthyidae;Paralichthys;Paralichthys squamilentus;NA;NA;NA
PZ091030.1	NA;Chordata;Actinopteri;Carangiformes;Carangidae;Decapterus;Decapterus punctatus;NA;NA;NA
AB096005.1	NA;Chordata;Actinopteri;Carangiformes;Carangidae;Trachurus;Trachurus trachurus;NA;NA;NA
MH377824.1	NA;Chordata;Actinopteri;Pleuronectiformes;Paralichthyidae;Hippoglossina;Hippoglossina oblonga;NA;NA;NA
MH377823.1	NA;Chordata;Actinopteri;Pleuronectiformes;Paralichthyidae;Hippoglossina;Hippoglossina oblonga;NA;NA;NA
AF316022.1	NA;Chordata;Actinopteri;Pleuronectiformes;Paralichthyidae;Paralichthys;Paralichthys lethostigma;NA;NA;NA
Pseudocaranx	NA;Chordata;Actinopteri;Carangiformes;Carangidae;Pseudocaranx;Pseudocaranx dentex;NA;NA;NA
Decapterus	NA;Chordata;Actinopteri;Carangiformes;Carangidae;Decapterus;Decapterus maruadsi;NA;NA;NA
LC645286.1	NA;Chordata;Actinopteri;Carangiformes;Carangidae;Decapterus;Decapterus macrosoma;NA;NA;NA
OP035215.1	NA;Chordata;Actinopteri;Carangiformes;Carangidae;Pseudocaranx;Pseudocaranx dentex;NA;NA;NA
Atule	NA;Chordata;Actinopteri;Carangiformes;Carangidae;Atule;Atule mate;NA;NA;NA
AF055590.1	NA;Chordata;Actinopteri;Carangiformes;Carangidae;Caranx;Caranx latus;NA;NA;NA
AB938142.2	NA;Chordata;Actinopteri;Carangiformes;Carangidae;Caranx;Caranx ignobilis;NA;NA;NA
Caranx	NA;Chordata;Actinopteri;Carangiformes;Carangidae;Caranx;Caranx sp.;NA;NA;NA
Decapterus_1	NA;Chordata;Actinopteri;Carangiformes;Carangidae;Decapterus;Decapterus maruadsi;NA;NA;NA
LC681795.1	NA;Chordata;Actinopteri;Carangiformes;Carangidae;Decapterus;Decapterus tabl;NA;NA;NA
Decapterus_2	NA;Chordata;Actinopteri;Carangiformes;Carangidae;Decapterus;Decapterus maruadsi;NA;NA;NA
NC_082545.1	NA;Chordata;Actinopteri;Carangiformes;Carangidae;Trachurus;Trachurus symmetricus;NA;NA;NA
MN711693.1	NA;Chordata;Actinopteri;Carangiformes;Carangidae;Decapterus;Decapterus russelli;NA;NA;NA
Decapterus_3	NA;Chordata;Actinopteri;Carangiformes;Carangidae;Decapterus;Decapterus maruadsi;NA;NA;NA
Caranx_1	NA;Chordata;Actinopteri;Carangiformes;Carangidae;Caranx;Caranx sp.;NA;NA;NA
PZ285005.1	NA;Chordata;Actinopteri;Pleuronectiformes;Paralichthyidae;Ancylopsetta;Ancylopsetta dilecta;NA;NA;NA
LC618831.1	NA;Chordata;Actinopteri;Carangiformes;Carangidae;Decapterus;Decapterus maruadsi;NA;NA;NA
AF488504.1	NA;Chordata;Actinopteri;Pleuronectiformes;Paralichthyidae;Xystreurys;Xystreurys liolepis;NA;NA;NA
Chloroscombrus	NA;Chordata;Actinopteri;Carangiformes;Carangidae;Chloroscombrus;Chloroscombrus chrysurus;NA;NA;NA
PV814454.1	NA;Chordata;Actinopteri;Carangiformes;Carangidae;Caranx;Caranx vinctus;NA;NA;NA
MH377814.1	NA;Chordata;Actinopteri;Carangiformes;Carangidae;Selene;Selene setapinnis;NA;NA;NA
LC630797.1	NA;Chordata;Actinopteri;Carangiformes;Carangidae;Caranx;Caranx ignobilis;NA;NA;NA
Gnathanodon	NA;Chordata;Actinopteri;Carangiformes;Carangidae;Gnathanodon;Gnathanodon sp.;NA;NA;NA
PX430009.1	NA;Chordata;Actinopteri;Carangiformes;Carangidae;Caranx;Caranx ignobilis;NA;NA;NA
NC_088027.1	NA;Chordata;Actinopteri;Carangiformes;Carangidae;Selene;Selene vomer;NA;NA;NA
Alectis	NA;Chordata;Actinopteri;Carangiformes;Carangidae;Scyris;Scyris indica;NA;NA;NA
KJ192332.1	NA;Chordata;Actinopteri;Carangiformes;Carangidae;Parastromateus;Parastromateus niger;NA;NA;NA
AF488492.1	NA;Chordata;Actinopteri;Pleuronectiformes;Soleidae;Solea;Solea solea;NA;NA;NA
Microstomus	NA;Chordata;Actinopteri;Pleuronectiformes;Cyclopsettidae;Etropus;Etropus microstomus;NA;NA;NA
AF488480.1	NA;Chordata;Actinopteri;Pleuronectiformes;Pleuronectidae;Microstomus;Microstomus pacificus;NA;NA;NA
Hippoglossoides	NA;Actinomycetota;Actinomycetes;Micrococcales;Micrococcaceae;Arthrobacter;Arthrobacter rhombi;NA;NA;NA
AF488477.1	NA;Chordata;Actinopteri;Pleuronectiformes;Pleuronectidae;Hippoglossoides;Hippoglossoides platessoides;NA;NA;NA
EF424428.1	NA;Chordata;Actinopteri;Pleuronectiformes;Pleuronectidae;Platichthys;Platichthys stellatus;NA;NA;NA
AM931024.1	NA;Chordata;Actinopteri;Pleuronectiformes;Pleuronectidae;Hippoglossus;Hippoglossus hippoglossus;NA;NA;NA
AM749130.1	NA;Chordata;Actinopteri;Pleuronectiformes;Pleuronectidae;Reinhardtius;Reinhardtius hippoglossoides;NA;NA;NA
AM931022.1	NA;Chordata;Actinopteri;Pleuronectiformes;Pleuronectidae;Pleuronectes;Pleuronectes platessa;NA;NA;NA
AF488481.1	NA;Chordata;Actinopteri;Pleuronectiformes;Pleuronectidae;Isopsetta;Isopsetta isolepis;NA;NA;NA
OR499736.1	NA;Chordata;Actinopteri;Pleuronectiformes;Pleuronectidae;Glyptocephalus;Glyptocephalus zachirus;NA;NA;NA
AB470301.1	NA;Chordata;Actinopteri;Istiophoriformes;Xiphiidae;Xiphias;Xiphias gladius;NA;NA;NA
Lyopsetta	NA;Chordata;Actinopteri;Pleuronectiformes;Pleuronectidae;Lyopsetta;Lyopsetta exilis;NA;NA;NA
AF488476.1	NA;Chordata;Actinopteri;Pleuronectiformes;Pleuronectidae;Eopsetta;Eopsetta jordani;NA;NA;NA
AM749122.1	NA;Chordata;Actinopteri;Pleuronectiformes;Pleuronectidae;Hippoglossus;Hippoglossus hippoglossus;NA;NA;NA
Elagatis	NA;Chordata;Actinopteri;Carangiformes;Carangidae;Elagatis;Elagatis bipinnulata;NA;NA;NA
AF488489.1	NA;Chordata;Actinopteri;Pleuronectiformes;Pleuronectidae;Pleuronichthys;Pleuronichthys verticalis;NA;NA;NA
AF488487.1	NA;Chordata;Actinopteri;Pleuronectiformes;Pleuronectidae;Hypsopsetta;Hypsopsetta guttulata;NA;NA;NA
NC_083045.1	NA;Chordata;Actinopteri;Pleuronectiformes;Pleuronectidae;Pleuronichthys;Pleuronichthys coenosus;NA;NA;NA
AB517558.1	NA;Chordata;Actinopteri;Carangiformes;Carangidae;Seriola;Seriola dumerili;NA;NA;NA
AB517557.1	NA;Chordata;Actinopteri;Carangiformes;Carangidae;Seriola;Seriola lalandi;NA;NA;NA
NC_082753.1	NA;Chordata;Actinopteri;Carangiformes;Carangidae;Seriola;Seriola zonata;NA;NA;NA
AB470303.1	NA;Chordata;Actinopteri;Istiophoriformes;Istiophoridae;Tetrapturus;Tetrapturus angustirostris;NA;NA;NA
AB470302.1	NA;Chordata;Actinopteri;Istiophoriformes;Istiophoridae;Kajikia;Kajikia audax;NA;NA;NA
PX430292.1	NA;Chordata;Actinopteri;Pleuronectiformes;Paralichthyidae;Pseudorhombus;Pseudorhombus arsius;NA;NA;NA
PX804237.1	NA;Chordata;Actinopteri;Pleuronectiformes;Paralichthyidae;Pseudorhombus;Pseudorhombus arsius;NA;NA;NA
LC584269.1	NA;Chordata;Actinopteri;Pleuronectiformes;Paralichthyidae;Pseudorhombus;Pseudorhombus pentophthalmus;NA;NA;NA
NC_083156.1	NA;Chordata;Actinopteri;Pleuronectiformes;Achiridae;Trinectes;Trinectes inscriptus;NA;NA;NA
PX740837.1	NA;Chordata;Actinopteri;Pleuronectiformes;Achiridae;Trinectes;Trinectes maculatus;NA;NA;NA
PV699391.1	NA;Chordata;Actinopteri;NA;Centropomidae;Centropomus;Centropomus medius;NA;NA;NA
PV814473.1	NA;Chordata;Actinopteri;NA;Centropomidae;Centropomus;Centropomus pectinatus;NA;NA;NA
MN255584.1	NA;Chordata;Actinopteri;NA;Centropomidae;Lates;Lates microlepis;NA;NA;NA
AM931026.1	NA;Chordata;Actinopteri;NA;Centropomidae;Lates;Lates niloticus;NA;NA;NA
KY213963.1	NA;Chordata;Actinopteri;NA;Centropomidae;Lates;Lates niloticus;NA;NA;NA
MN255585.1	NA;Chordata;Actinopteri;NA;Centropomidae;Lates;Lates niloticus;NA;NA;NA
PV814471.1	NA;Chordata;Actinopteri;NA;Centropomidae;Centropomus;Centropomus parallelus;NA;NA;NA
PP467804.1	NA;Chordata;Actinopteri;Pleuronectiformes;Soleidae;Bathysolea;Bathysolea profundicola;NA;NA;NA
PP467782.1	NA;Chordata;Actinopteri;Pleuronectiformes;Soleidae;Buglossidium;Buglossidium luteum;NA;NA;NA
KF636363.1	NA;Chordata;Actinopteri;Synbranchiformes;Mastacembelidae;Macrognathus;Macrognathus aculeatus;NA;NA;NA
Mastacembelus	NA;Chordata;Actinopteri;Synbranchiformes;Mastacembelidae;Mastacembelus;Mastacembelus armatus;NA;NA;NA
KX950697.1	NA;Chordata;Actinopteri;Synbranchiformes;Mastacembelidae;Mastacembelus;Mastacembelus armatus;NA;NA;NA
MH688301.1	NA;Chordata;Actinopteri;Synbranchiformes;Mastacembelidae;Mastacembelus;Mastacembelus armatus;NA;NA;NA
AY304497.1	NA;Chordata;NA;Testudines;Trionychidae;Pelodiscus;Pelodiscus sinensis;NA;NA;NA
JQ688040.1	NA;Chordata;NA;Testudines;Trionychidae;Pelodiscus;Pelodiscus sinensis;NA;NA;NA
JQ688041.1	NA;Chordata;NA;Testudines;Trionychidae;Pelodiscus;Pelodiscus sinensis;NA;NA;NA
AY743420.2	NA;Chordata;NA;Testudines;Trionychidae;Pelodiscus;Pelodiscus sinensis;NA;NA;NA
KM364984.1	NA;Chordata;Chondrichthyes;Myliobatiformes;Myliobatidae;Mobula;Mobula japanica;NA;NA;NA
AF448000.1	NA;Chordata;Chondrichthyes;Myliobatiformes;Myliobatidae;Mobula;Mobula birostris;NA;NA;NA
Aseraggodes	NA;Chordata;Actinopteri;Pleuronectiformes;Soleidae;Aseraggodes;Aseraggodes kobensis;NA;NA;NA
NC_071940.1	NA;Chordata;Actinopteri;Pleuronectiformes;Soleidae;Aseraggodes;Aseraggodes kaianus;NA;NA;NA
KF573188.1	NA;Chordata;Actinopteri;Pleuronectiformes;Soleidae;Liachirus;Liachirus melanospilos;NA;NA;NA
NC_088006.1	NA;Chordata;Actinopteri;NA;Malacanthidae;Lopholatilus;Lopholatilus villarii;NA;NA;NA
AY264068.1	NA;Chordata;Actinopteri;Siluriformes;Pimelodidae;Zungaro;Zungaro zungaro;NA;NA;NA
MH248191.1	NA;Chordata;Actinopteri;Lutjaniformes;Lutjanidae;Pinjalo;Pinjalo pinjalo;NA;NA;NA
AP009497.1	NA;Chordata;Actinopteri;Osteoglossiformes;Osteoglossidae;Arapaima;Arapaima gigas;NA;NA;NA
AY292700.1	NA;Chordata;Mammalia;Lagomorpha;Leporidae;Sylvilagus;Sylvilagus aquaticus;NA;NA;NA
KU057237.1	NA;Chordata;Mammalia;Lagomorpha;Leporidae;Sylvilagus;Sylvilagus audubonii;NA;NA;NA
KU057238.1	NA;Chordata;Mammalia;Lagomorpha;Leporidae;Sylvilagus;Sylvilagus bachmani;Sylvilagus bachmani ubericolor;NA;NA
KU057239.1	NA;Chordata;Mammalia;Lagomorpha;Leporidae;Sylvilagus;Sylvilagus bachmani;Sylvilagus bachmani macrorhinus;NA;NA
KU057214.1	NA;Chordata;Mammalia;Lagomorpha;Leporidae;Sylvilagus;Sylvilagus bachmani;Sylvilagus bachmani mansuetus;NA;NA
AJ222767.1	NA;Chordata;Mammalia;Rodentia;Caviidae;Cavia;Cavia porcellus;NA;NA;NA
KU057240.1	NA;Chordata;Mammalia;Lagomorpha;Leporidae;Sylvilagus;Sylvilagus brasiliensis;NA;NA;NA
KU057207.1	NA;Chordata;Mammalia;Lagomorpha;Leporidae;Sylvilagus;Sylvilagus andinus;NA;NA;NA
MH115197.1	NA;Chordata;Mammalia;Lagomorpha;Leporidae;Sylvilagus;Sylvilagus brasiliensis;NA;NA;NA
AY292699.1	NA;Chordata;Mammalia;Lagomorpha;Leporidae;Sylvilagus;Sylvilagus obscurus;NA;NA;NA
AY012126.1	NA;Chordata;Mammalia;Lagomorpha;Leporidae;Sylvilagus;Sylvilagus floridanus;NA;NA;NA
KU057216.1	NA;Chordata;Mammalia;Lagomorpha;Leporidae;Sylvilagus;Sylvilagus floridanus;NA;NA;NA
PX260921.1	NA;Chordata;Actinopteri;Synbranchiformes;Synbranchidae;Monopterus;Monopterus albus;NA;NA;NA
Salangichthys	NA;Chordata;Actinopteri;Osmeriformes;Salangidae;Salangichthys;Salangichthys microdon;NA;NA;NA
OP006884.1	NA;Chordata;Chondrichthyes;Carcharhiniformes;Carcharhinidae;Carcharhinus;Carcharhinus leucas;NA;NA;NA
MH377794.1	NA;Chordata;Chondrichthyes;Carcharhiniformes;Triakidae;Mustelus;Mustelus canis;NA;NA;NA
MH377793.1	NA;Chordata;Chondrichthyes;Carcharhiniformes;Triakidae;Mustelus;Mustelus canis;NA;NA;NA
Carcharhinus	NA;Chordata;Chondrichthyes;Carcharhiniformes;Carcharhinidae;Carcharhinus;Carcharhinus limbatus;NA;NA;NA
Carcharhinus_1	NA;Chordata;Chondrichthyes;Carcharhiniformes;Carcharhinidae;Carcharhinus;Carcharhinus limbatus;NA;NA;NA
Carcharhinus_2	NA;Chordata;Chondrichthyes;Carcharhiniformes;Carcharhinidae;Carcharhinus;Carcharhinus limbatus;NA;NA;NA
Carcharhinus_3	NA;Chordata;Chondrichthyes;Carcharhiniformes;Carcharhinidae;Carcharhinus;Carcharhinus limbatus;NA;NA;NA
Prionace	NA;Chordata;Chondrichthyes;Carcharhiniformes;Carcharhinidae;Prionace;Prionace glauca;NA;NA;NA
PX741121.1	NA;Chordata;Chondrichthyes;Carcharhiniformes;Carcharhinidae;Carcharhinus;Carcharhinus brachyurus;NA;NA;NA
Carcharhinus_4	NA;Chordata;Chondrichthyes;Carcharhiniformes;Carcharhinidae;Carcharhinus;Carcharhinus limbatus;NA;NA;NA
Carcharhinus_5	NA;Chordata;Chondrichthyes;Carcharhiniformes;Carcharhinidae;Carcharhinus;Carcharhinus limbatus;NA;NA;NA
Carcharhinus_6	NA;Chordata;Chondrichthyes;Carcharhiniformes;Carcharhinidae;Carcharhinus;Carcharhinus limbatus;NA;NA;NA
MN943498.1	NA;Chordata;Chondrichthyes;Carcharhiniformes;Carcharhinidae;Carcharhinus;Carcharhinus falciformis;NA;NA;NA
PZ282803.1	NA;Chordata;Chondrichthyes;Carcharhiniformes;Carcharhinidae;Carcharhinus;Carcharhinus obscurus;NA;NA;NA
Carcharhinus_7	NA;Chordata;Chondrichthyes;Carcharhiniformes;Carcharhinidae;Carcharhinus;Carcharhinus limbatus;NA;NA;NA
Galeocerdo	NA;Chordata;Chondrichthyes;Carcharhiniformes;Carcharhinidae;Galeocerdo;Galeocerdo cuvier;NA;NA;NA
Carcharhinus_8	NA;Chordata;Chondrichthyes;Carcharhiniformes;Carcharhinidae;Carcharhinus;Carcharhinus limbatus;NA;NA;NA
JQ348999.1	NA;Chordata;Actinopteri;Pleuronectiformes;Soleidae;Zebrias;Zebrias quagga;NA;NA;NA
OM736804.1	NA;Chordata;Actinopteri;Synbranchiformes;Synbranchidae;Monopterus;Monopterus albus;NA;NA;NA
MH688241.1	NA;Chordata;Actinopteri;Beloniformes;Belonidae;Xenentodon;Xenentodon cancila;NA;NA;NA
Cololabis	NA;Chordata;Actinopteri;Beloniformes;Belonidae;Cololabis;Cololabis saira;NA;NA;NA
AF231577.1	NA;Chordata;Actinopteri;Beloniformes;Belonidae;Tylosurus;Tylosurus crocodilus;NA;NA;NA
AF231579.1	NA;Chordata;Actinopteri;Beloniformes;Belonidae;Tylosurus;Tylosurus crocodilus;Tylosurus crocodilus crocodilus;NA;NA
MH248221.1	NA;Chordata;Actinopteri;Beloniformes;Belonidae;Tylosurus;Tylosurus crocodilus;Tylosurus crocodilus crocodilus;NA;NA
OL627348.1	NA;Chordata;Actinopteri;Lophiiformes;Lophiidae;Lophius;Lophius litulon;NA;NA;NA
KX686078.1	NA;Chordata;Actinopteri;Syngnathiformes;Syngnathidae;Syngnathus;Syngnathus fuscus;NA;NA;NA
Menticirrhus_1	NA;Chordata;Actinopteri;NA;Sciaenidae;Menticirrhus;Menticirrhus americanus;NA;NA;NA
PV862028.1	NA;Chordata;Actinopteri;Lutjaniformes;Lutjanidae;Pristipomoides;Pristipomoides aquilonaris;NA;NA;NA
Lophius	NA;Chordata;Actinopteri;Gobiiformes;Gobiidae;Cristatogobius;Cristatogobius lophius;NA;NA;NA
MH248187.1	NA;Chordata;Actinopteri;Lutjaniformes;Lutjanidae;Lutjanus;Lutjanus sanguineus;NA;NA;NA
AY484976.1	NA;Chordata;Actinopteri;Lutjaniformes;Lutjanidae;Lutjanus;Lutjanus sanguineus;NA;NA;NA
OP035125.1	NA;Chordata;Actinopteri;Lutjaniformes;Lutjanidae;Pristipomoides;Pristipomoides zonatus;NA;NA;NA
LC771073.1	NA;Chordata;Actinopteri;Lutjaniformes;Lutjanidae;Pristipomoides;Pristipomoides amoenus;NA;NA;NA
Pristipomoides	NA;Chordata;Actinopteri;Lutjaniformes;Lutjanidae;Pristipomoides;Pristipomoides multidens;NA;NA;NA
OQ581449.1	NA;Chordata;Actinopteri;Lutjaniformes;Lutjanidae;Pristipomoides;Pristipomoides zonatus;NA;NA;NA
OP035100.1	NA;Chordata;Actinopteri;Lutjaniformes;Lutjanidae;Ocyurus;Ocyurus chrysurus;NA;NA;NA
MW465657.1	NA;Chordata;Actinopteri;NA;Sciaenidae;Pseudotolithus;Pseudotolithus typus;NA;NA;NA
PZ310927.1	NA;Chordata;Actinopteri;Lutjaniformes;Lutjanidae;Pristipomoides;Pristipomoides macrophthalmus;NA;NA;NA
LC645292.1	NA;Chordata;Actinopteri;Lutjaniformes;Lutjanidae;Lutjanus;Lutjanus sebae;NA;NA;NA
FJ824742.1	NA;Chordata;Actinopteri;Lutjaniformes;Lutjanidae;Lutjanus;Lutjanus sebae;NA;NA;NA
MW408700.2	NA;Chordata;Actinopteri;NA;Sciaenidae;Pennahia;Pennahia aneus;NA;NA;NA
AF150004.1	NA;Chordata;Actinopteri;Centrarchiformes;Centrarchidae;Lepomis;Lepomis macrochirus;NA;NA;NA
AF128401.1	NA;Chordata;Actinopteri;NA;Sciaenidae;Cynoscion;Cynoscion arenarius;NA;NA;NA
MH377810.1	NA;Chordata;Actinopteri;NA;Sciaenidae;Cynoscion;Cynoscion regalis;NA;NA;NA
Dentex	NA;Chordata;Actinopteri;NA;Sciaenidae;Odontoscion;Odontoscion dentex;NA;NA;NA
NC_072936.1	NA;Chordata;Actinopteri;Spariformes;Sparidae;Pagrus;Pagrus pagrus;NA;NA;NA
MK978156.1	NA;Chordata;Actinopteri;Spariformes;Sparidae;Pagrus;Pagrus auratus;NA;NA;NA
PX430093.1	NA;Chordata;Actinopteri;Spariformes;Sparidae;Evynnis;Evynnis cardinalis;NA;NA;NA
Argyrops	NA;Chordata;Actinopteri;Spariformes;Sparidae;Argyrops;Argyrops spinifer;NA;NA;NA
Dentex_1	NA;Chordata;Actinopteri;NA;Sciaenidae;Odontoscion;Odontoscion dentex;NA;NA;NA
Pagrus	NA;Chordata;Actinopteri;Spariformes;Sparidae;Pagrus;Pagrus major;NA;NA;NA
KT805959.1	NA;Chordata;Actinopteri;Spariformes;Sparidae;Sparus;Sparus aurata;NA;NA;NA
LK022698.1	NA;Chordata;Actinopteri;Spariformes;Sparidae;Sparus;Sparus aurata;NA;NA;NA
Cichla	NA;Chordata;Actinopteri;Cichliformes;Cichlidae;Cichla;Cichla kelberi;NA;NA;NA
PV814497.1	NA;Chordata;Actinopteri;Cichliformes;Cichlidae;Cichla;Cichla ocellaris;NA;NA;NA
AY368294.1	NA;Chordata;Actinopteri;Lophiiformes;Lophiidae;Lophius;Lophius piscatorius;NA;NA;NA
KJ020931.1	NA;Chordata;Actinopteri;Lophiiformes;Lophiidae;Lophius;Lophius litulon;NA;NA;NA
AP004414.1	NA;Chordata;Actinopteri;Lophiiformes;Lophiidae;Lophius;Lophius americanus;NA;NA;NA
Isopisthus	NA;Chordata;Actinopteri;NA;Sciaenidae;Isopisthus;Isopisthus parvipinnis;NA;NA;NA
AB355915.1	NA;Chordata;Actinopteri;Spariformes;Centracanthidae;Spicara;Spicara maena;NA;NA;NA
KC593369.1	NA;Chordata;Actinopteri;Perciformes;Serranidae;Variola;Variola louti;NA;NA;NA
AY949363.1	NA;Chordata;Actinopteri;Perciformes;Serranidae;Variola;Variola louti;NA;NA;NA
OP035305.1	NA;Chordata;Actinopteri;Acanthuriformes;Acanthuridae;Acanthurus;Acanthurus olivaceus;NA;NA;NA
KX686071.1	NA;Chordata;Actinopteri;Spariformes;Sparidae;Stenotomus;Stenotomus chrysops;NA;NA;NA
OP035230.2	NA;Chordata;Actinopteri;Spariformes;Sparidae;Archosargus;Archosargus rhomboidalis;NA;NA;NA
KC593370.1	NA;Chordata;Actinopteri;Perciformes;Serranidae;Variola;Variola albimarginata;NA;NA;NA
AY949412.1	NA;Chordata;Actinopteri;Perciformes;Serranidae;Variola;Variola albimarginata;NA;NA;NA
AP009127.1	NA;Chordata;Actinopteri;Cichliformes;Cichlidae;Astronotus;Astronotus ocellatus;NA;NA;NA
MH301065.1	NA;Chordata;Actinopteri;Centrarchiformes;Centrarchidae;Lepomis;Lepomis auritus;NA;NA;NA
Lepomis_3	NA;Chordata;Actinopteri;Centrarchiformes;Centrarchidae;Lepomis;Lepomis gibbosus;NA;NA;NA
AP005993.1	NA;Chordata;Actinopteri;Centrarchiformes;Centrarchidae;Lepomis;Lepomis macrochirus;NA;NA;NA
KX686070.1	NA;Chordata;Actinopteri;Spariformes;Sparidae;Lagodon;Lagodon rhomboides;NA;NA;NA
LC499264.2	NA;Chordata;Actinopteri;NA;Malacanthidae;Hoplolatilus;Hoplolatilus starcki;NA;NA;NA
MH377816.1	NA;Chordata;Actinopteri;Syngnathiformes;Mullidae;Mullus;Mullus auratus;NA;NA;NA
LC776886.1	NA;Chordata;Actinopteri;Cichliformes;Cichlidae;Oreochromis;Oreochromis niloticus;NA;NA;NA
Diplodus	NA;Chordata;Actinopteri;Spariformes;Sparidae;Diplodus;Diplodus vulgaris;NA;NA;NA
Etroplus	NA;Chordata;Actinopteri;Cichliformes;Cichlidae;Etroplus;Etroplus suratensis;NA;NA;NA
PZ315204.1	NA;Chordata;Actinopteri;Perciformes;Serranidae;Hyporthodus;Hyporthodus flavolimbatus;NA;NA;NA
MW752082.1	NA;Chordata;Actinopteri;Perciformes;Serranidae;Epinephelus;Epinephelus coioides;NA;NA;NA
AY949381.1	NA;Chordata;Actinopteri;Perciformes;Serranidae;Epinephelus;Epinephelus adscensionis;NA;NA;NA
AY313985.1	NA;Chordata;Actinopteri;Perciformes;Serranidae;Epinephelus;Epinephelus drummondhayi;NA;NA;NA
Epinephelus_1	NA;Chordata;Actinopteri;Perciformes;Serranidae;Epinephelus;Epinephelus coioides;NA;NA;NA
NC_028055.1	NA;Chordata;Actinopteri;Perciformes;Serranidae;Epinephelus;Epinephelus fuscoguttatus x Epinephelus lanceolatus;NA;NA;NA
OP056920.1	NA;Chordata;Actinopteri;NA;Malacanthidae;Caulolatilus;Caulolatilus microps;NA;NA;NA
AY949379.1	NA;Chordata;Actinopteri;Perciformes;Serranidae;Anyperodon;Anyperodon leucogrammicus;NA;NA;NA
Epinephelus_2	NA;Chordata;Actinopteri;Perciformes;Serranidae;Epinephelus;Epinephelus coioides;NA;NA;NA
AY949347.1	NA;Chordata;Actinopteri;Perciformes;Serranidae;Epinephelus;Epinephelus tauvina;NA;NA;NA
Epinephelus_3	NA;Chordata;Actinopteri;Perciformes;Serranidae;Epinephelus;Epinephelus coioides;NA;NA;NA
NC_020782.1	NA;Chordata;Actinopteri;Perciformes;Serranidae;Epinephelus;Epinephelus fasciatomaculosus;NA;NA;NA
AY949434.1	NA;Chordata;Actinopteri;Perciformes;Serranidae;Epinephelus;Epinephelus amblycephalus;NA;NA;NA
Epinephelus_4	NA;Chordata;Actinopteri;Perciformes;Serranidae;Epinephelus;Epinephelus coioides;NA;NA;NA
AB974679.2	NA;Chordata;Actinopteri;Perciformes;Serranidae;Epinephelus;Epinephelus akaara;NA;NA;NA
HQ890946.1	NA;Chordata;Actinopteri;NA;Sciaenidae;Pennahia;Pennahia argentata;NA;NA;NA
NC_083041.1	NA;Chordata;Actinopteri;Perciformes;Serranidae;Bathyanthias;Bathyanthias cubensis;NA;NA;NA
PZ236378.1	NA;Chordata;Actinopteri;Mugiliformes;Mugilidae;Mugil;Mugil cephalus;NA;NA;NA
PZ237759.1	NA;Chordata;Actinopteri;Labriformes;Labridae;Halichoeres;Halichoeres papilionaceus;NA;NA;NA
PZ237763.1	NA;Chordata;Actinopteri;Labriformes;Labridae;Halichoeres;Halichoeres marginatus;NA;NA;NA
PV814500.1	NA;Chordata;Actinopteri;NA;Sciaenidae;Cynoscion;Cynoscion albus;NA;NA;NA
LC780166.1	NA;Chordata;Actinopteri;Labriformes;Labridae;Cheilio;Cheilio inermis;NA;NA;NA
Atrobucca	NA;Chordata;Actinopteri;NA;Sciaenidae;Atrobucca;Atrobucca alcocki;NA;NA;NA
MH377806.1	NA;Chordata;Actinopteri;NA;Sciaenidae;Micropogonias;Micropogonias undulatus;NA;NA;NA
MW646294.1	NA;Chordata;Actinopteri;NA;Sciaenidae;Micropogonias;Micropogonias furnieri;NA;NA;NA
NC_088490.1	NA;Chordata;Actinopteri;Perciformes;Zoarcidae;Zoarces;Zoarces viviparus;NA;NA;NA
PX719005.1	NA;Chordata;Actinopteri;Perciformes;Zoarcidae;Zoarces;Zoarces americanus;NA;NA;NA
LC834802.1	NA;Chordata;Actinopteri;Acanthuriformes;Acanthuridae;Acanthurus;Acanthurus dussumieri;NA;NA;NA
AF055607.1	NA;Chordata;Actinopteri;Acanthuriformes;Acanthuridae;Acanthurus;Acanthurus xanthopterus;NA;NA;NA
PZ253488.1	NA;Chordata;Actinopteri;Acanthuriformes;Acanthuridae;Acanthurus;Acanthurus mata;NA;NA;NA
FJ618559.1	NA;Chordata;Actinopteri;NA;Sciaenidae;Larimichthys;Larimichthys polyactis;NA;NA;NA
LC669520.1	NA;Chordata;Actinopteri;Lutjaniformes;Lutjanidae;Macolor;Macolor niger;NA;NA;NA
OP056937.1	NA;Chordata;Actinopteri;Acanthuriformes;Acanthuridae;Acanthurus;Acanthurus chirurgus;NA;NA;NA
U90403.1	NA;Chordata;Actinopteri;Perciformes;Zoarcidae;Zoarces;Zoarces viviparus;NA;NA;NA
AP006002.1	NA;Chordata;Actinopteri;NA;Sciaenidae;Larimichthys;Larimichthys crocea;NA;NA;NA
PX430158.1	NA;Chordata;Actinopteri;NA;Sciaenidae;Larimichthys;Larimichthys crocea;NA;NA;NA
AY949368.1	NA;Chordata;Actinopteri;Perciformes;Serranidae;Epinephelus;Epinephelus costae;NA;NA;NA
AY949364.1	NA;Chordata;Actinopteri;Perciformes;Serranidae;Mycteroperca;Mycteroperca rubra;NA;NA;NA
Epinephelus_5	NA;Chordata;Actinopteri;Perciformes;Serranidae;Epinephelus;Epinephelus coioides;NA;NA;NA
AY949359.1	NA;Chordata;Actinopteri;Perciformes;Serranidae;Mycteroperca;Mycteroperca interstitialis;NA;NA;NA
PZ319365.1	NA;Chordata;Actinopteri;Perciformes;Serranidae;Mycteroperca;Mycteroperca tigris;NA;NA;NA
AY949399.1	NA;Chordata;Actinopteri;Perciformes;Serranidae;Epinephelus;Epinephelus bruneus;NA;NA;NA
AY949337.1	NA;Chordata;Actinopteri;Perciformes;Serranidae;Epinephelus;Epinephelus itajara;NA;NA;NA
AY949415.1	NA;Chordata;Actinopteri;Perciformes;Serranidae;Epinephelus;Epinephelus fuscoguttatus;NA;NA;NA
KU680999.1	NA;Chordata;Actinopteri;Perciformes;Serranidae;Epinephelus;Epinephelus polyphekadion;NA;NA;NA
PZ315198.1	NA;Chordata;Actinopteri;Perciformes;Serranidae;Epinephelus;Epinephelus morrhua;NA;NA;NA
AY949430.1	NA;Chordata;Actinopteri;Perciformes;Serranidae;Epinephelus;Epinephelus radiatus;NA;NA;NA
Epinephelus_6	NA;Chordata;Actinopteri;Perciformes;Serranidae;Epinephelus;Epinephelus coioides;NA;NA;NA
JQ518289.1	NA;Chordata;Actinopteri;Perciformes;Serranidae;Epinephelus;Epinephelus bruneus;NA;NA;NA
NC_021614.1	NA;Chordata;Actinopteri;Perciformes;Serranidae;Cromileptes;Cromileptes altivelis;NA;NA;NA
AY279560.1	NA;Chordata;Actinopteri;Perciformes;Serranidae;Epinephelus;Epinephelus polyphekadion;NA;NA;NA
OP035157.1	NA;Chordata;Actinopteri;Lutjaniformes;Haemulidae;Orthopristis;Orthopristis chrysoptera;NA;NA;NA
MW856835.1	NA;Chordata;Actinopteri;Gobiiformes;Gobiidae;Neogobius;Neogobius melanostomus;NA;NA;NA
Leuresthes	NA;Chordata;Actinopteri;Atheriniformes;Atherinopsidae;Leuresthes;Leuresthes tenuis;NA;NA;NA
PZ226909.1	NA;Chordata;Actinopteri;Acanthuriformes;Acanthuridae;Ctenochaetus;Ctenochaetus strigosus;NA;NA;NA
OP035160.1	NA;Chordata;Actinopteri;Acanthuriformes;Acanthuridae;Ctenochaetus;Ctenochaetus strigosus;NA;NA;NA
AF055592.1	NA;Chordata;Actinopteri;Chaetodontiformes;Chaetodontidae;Chaetodon;Chaetodon striatus;NA;NA;NA
AY700257.1	NA;Chordata;Actinopteri;Tetraodontiformes;Diodontidae;Diodon;Diodon liturosus;NA;NA;NA
PZ310975.1	NA;Chordata;Actinopteri;Acanthuriformes;Acanthuridae;Acanthurus;Acanthurus nubilus;NA;NA;NA
LC579326.2	NA;Chordata;Actinopteri;Acanthuriformes;Acanthuridae;Ctenochaetus;Ctenochaetus hawaiiensis;NA;NA;NA
OP035106.1	NA;Chordata;Actinopteri;Acanthuriformes;Acanthuridae;Acanthurus;Acanthurus achilles;NA;NA;NA
OP035282.1	NA;Chordata;Actinopteri;Acanthuriformes;Acanthuridae;Acanthurus;Acanthurus nigrofuscus;NA;NA;NA
OP035153.1	NA;Chordata;Actinopteri;Acanthuriformes;Acanthuridae;Acanthurus;Acanthurus coeruleus;NA;NA;NA
PZ310974.1	NA;Chordata;Actinopteri;Acanthuriformes;Acanthuridae;Acanthurus;Acanthurus nubilus;NA;NA;NA
Acanthurus	NA;Arthropoda;Malacostraca;Decapoda;Palaemonidae;Macrobrachium;Macrobrachium acanthurus;NA;NA;NA
KT600952.1	NA;Chordata;Actinopteri;Tetraodontiformes;Diodontidae;Diodon;Diodon holocanthus;NA;NA;NA
AY700255.1	NA;Chordata;Actinopteri;Tetraodontiformes;Diodontidae;Diodon;Diodon holocanthus;NA;NA;NA
AY700253.1	NA;Chordata;Actinopteri;Tetraodontiformes;Diodontidae;Diodon;Diodon hystrix;NA;NA;NA
AP009177.1	NA;Chordata;Actinopteri;Tetraodontiformes;Diodontidae;Diodon;Diodon holocanthus;NA;NA;NA
Fistularia	NA;Chordata;Actinopteri;Syngnathiformes;Fistulariidae;Fistularia;Fistularia commersonii;NA;NA;NA
Cephalopholis_3	NA;Chordata;Actinopteri;Perciformes;Serranidae;Cephalopholis;Cephalopholis boenak;NA;NA;NA
AY949325.1	NA;Chordata;Actinopteri;Perciformes;Serranidae;Cephalopholis;Cephalopholis boenak;NA;NA;NA
PZ253495.1	NA;Chordata;Actinopteri;Perciformes;Serranidae;Cephalopholis;Cephalopholis microprion;NA;NA;NA
Cyclopterus	NA;Pseudomonadota;Gammaproteobacteria;Aeromonadales;Aeromonadaceae;Aeromonas;Aeromonas salmonicida;NA;NA;NA
AY426252.1	NA;Chordata;Actinopteri;Perciformes;Serranidae;Epinephelus;Epinephelus multinotatus;NA;NA;NA
Epinephelus_7	NA;Chordata;Actinopteri;Perciformes;Serranidae;Epinephelus;Epinephelus coioides;NA;NA;NA
AY949418.1	NA;Chordata;Actinopteri;Perciformes;Serranidae;Epinephelus;Epinephelus miliaris;NA;NA;NA
KU877246.1	NA;Chordata;Actinopteri;Perciformes;Serranidae;Epinephelus;Epinephelus areolatus;NA;NA;NA
AY949409.1	NA;Chordata;Actinopteri;Perciformes;Serranidae;Epinephelus;Epinephelus undulosus;NA;NA;NA
AY949410.1	NA;Chordata;Actinopteri;Perciformes;Serranidae;Epinephelus;Epinephelus rivulatus;NA;NA;NA
AY949380.1	NA;Chordata;Actinopteri;Perciformes;Serranidae;Epinephelus;Epinephelus hexagonatus;NA;NA;NA
KX298707.1	NA;Chordata;Actinopteri;Perciformes;Serranidae;Cephalopholis;Cephalopholis sonnerati;NA;NA;NA
LC545417.1	NA;Chordata;Actinopteri;Perciformes;Serranidae;Epinephelus;Epinephelus aeneus;NA;NA;NA
AY949441.1	NA;Chordata;Actinopteri;Perciformes;Serranidae;Epinephelus;Epinephelus aeneus;NA;NA;NA
LC649224.1	NA;Chordata;Actinopteri;Labriformes;Labridae;Hologymnosus;Hologymnosus doliatus;NA;NA;NA
NC_024039.1	NA;Chordata;Actinopteri;Perciformes;Serranidae;Epinephelus;Epinephelus tukula;NA;NA;NA
PZ210644.1	NA;Chordata;Actinopteri;Perciformes;Serranidae;Epinephelus;Epinephelus ongus;NA;NA;NA
NC_021462.1	NA;Chordata;Actinopteri;Perciformes;Serranidae;Epinephelus;Epinephelus epistictus;NA;NA;NA
AY949390.1	NA;Chordata;Actinopteri;Perciformes;Serranidae;Epinephelus;Epinephelus malabaricus;NA;NA;NA
Epinephelus_8	NA;Chordata;Actinopteri;Perciformes;Serranidae;Epinephelus;Epinephelus coioides;NA;NA;NA
Epinephelus_9	NA;Chordata;Actinopteri;Perciformes;Serranidae;Epinephelus;Epinephelus coioides;NA;NA;NA
Anyperodon	NA;Chordata;Actinopteri;Perciformes;Serranidae;Anyperodon;Anyperodon leucogrammicus;NA;NA;NA
AY949407.1	NA;Chordata;Actinopteri;Perciformes;Serranidae;Epinephelus;Epinephelus chlorostigma;NA;NA;NA
AP005991.1	NA;Chordata;Actinopteri;Perciformes;Serranidae;Epinephelus;Epinephelus merra;NA;NA;NA
NC_069198.1	NA;Chordata;Actinopteri;Perciformes;Serranidae;Epinephelus;Epinephelus bilobatus;NA;NA;NA
NC_021612.1	NA;Chordata;Actinopteri;Perciformes;Serranidae;Epinephelus;Epinephelus trimaculatus;NA;NA;NA
AY949338.1	NA;Chordata;Actinopteri;Perciformes;Serranidae;Epinephelus;Epinephelus maculatus;NA;NA;NA
Epinephelus_10	NA;Chordata;Actinopteri;Perciformes;Serranidae;Epinephelus;Epinephelus coioides;NA;NA;NA
PV276254.1	NA;Chordata;Actinopteri;Acropomatiformes;Acropomatidae;Synagrops;Synagrops bellus;NA;NA;NA
EF616850.1	NA;Chordata;Actinopteri;Chaetodontiformes;Chaetodontidae;Chaetodon;Chaetodon ocellatus;NA;NA;NA
Acanthopagrus	NA;Chordata;Actinopteri;Spariformes;Sparidae;Acanthopagrus;Acanthopagrus schlegelii;NA;NA;NA
AY949445.1	NA;Chordata;Actinopteri;Perciformes;Serranidae;Mycteroperca;Mycteroperca xenarcha;NA;NA;NA
AY949442.1	NA;Chordata;Actinopteri;Perciformes;Serranidae;Epinephelus;Epinephelus akaara;NA;NA;NA
OP035094.1	NA;Chordata;Actinopteri;Labriformes;Labridae;Pseudocheilinus;Pseudocheilinus tetrataenia;NA;NA;NA
OP035252.1	NA;Chordata;Actinopteri;Labriformes;Labridae;Pseudocheilinus;Pseudocheilinus octotaenia;NA;NA;NA
PZ237783.1	NA;Chordata;Actinopteri;Labriformes;Labridae;Pseudocheilinus;Pseudocheilinus hexataenia;NA;NA;NA
MZ357706.1	NA;Chordata;Actinopteri;Labriformes;Labridae;Pseudocheilinus;Pseudocheilinus hexataenia;NA;NA;NA
PZ315411.1	NA;Chordata;Actinopteri;Labriformes;Labridae;Pseudocheilinus;Pseudocheilinus ocellatus;NA;NA;NA
AP006810.1	NA;Chordata;Actinopteri;Scombriformes;Arripidae;Arripis;Arripis trutta;NA;NA;NA
PZ311035.1	NA;Chordata;Actinopteri;NA;Sciaenidae;Odontoscion;Odontoscion dentex;NA;NA;NA
PZ311034.1	NA;Chordata;Actinopteri;NA;Sciaenidae;Odontoscion;Odontoscion dentex;NA;NA;NA
PV814545.1	NA;Chordata;Actinopteri;Characiformes;Erythrinidae;Hoplias;Hoplias malabaricus;NA;NA;NA
MG755554.1	NA;Chordata;Actinopteri;Characiformes;Erythrinidae;Hoplias;Hoplias malabaricus;NA;NA;NA
PX416226.1	NA;Chordata;Actinopteri;Characiformes;Erythrinidae;Hoplias;Hoplias malabaricus;NA;NA;NA
Hoplias	NA;Chordata;Actinopteri;Characiformes;Erythrinidae;Hoplias;Hoplias sp.;NA;NA;NA
PZ237784.1	NA;Chordata;Actinopteri;Labriformes;Labridae;Choerodon;Choerodon zosterophorus;NA;NA;NA
LC771074.1	NA;Chordata;Actinopteri;Labriformes;Labridae;Choerodon;Choerodon japonicus;NA;NA;NA
MW856881.1	NA;Chordata;Actinopteri;Esociformes;Esocidae;Esox;Esox masquinongy;NA;NA;NA
Esox	NA;Chordata;Actinopteri;Salmoniformes;Salmonidae;Salmo;Salmo salar;NA;NA;NA
AP004103.1	NA;Chordata;Actinopteri;Esociformes;Esocidae;Esox;Esox lucius;NA;NA;NA
NC_016663.1	NA;Chordata;Actinopteri;Clupeiformes;Clupeidae;Sundasalanx;Sundasalanx sp. Chao Phraya;NA;NA;NA
PZ315401.1	NA;Chordata;Actinopteri;Labriformes;Labridae;Iniistius;Iniistius melanopus;NA;NA;NA
PV749019.1	NA;Chordata;Actinopteri;Clupeiformes;Clupeidae;Clupeonella;Clupeonella cultriventris;NA;NA;NA
NC_015109.1	NA;Chordata;Actinopteri;Clupeiformes;Clupeidae;Clupeonella;Clupeonella cultriventris;NA;NA;NA
NC_016725.1	NA;Chordata;Actinopteri;Clupeiformes;Clupeidae;Sundasalanx;Sundasalanx praecox;NA;NA;NA
NC_016702.1	NA;Chordata;Actinopteri;Clupeiformes;Clupeidae;Clupeichthys;Clupeichthys aesarnensis;NA;NA;NA
NC_016721.1	NA;Chordata;Actinopteri;Clupeiformes;Clupeidae;Clupeichthys;Clupeichthys goniognathus;NA;NA;NA
NC_016705.1	NA;Chordata;Actinopteri;Clupeiformes;Clupeidae;Clupeichthys;Clupeichthys perakensis;NA;NA;NA
NC_025771.1	NA;Chordata;Actinopteri;Labriformes;Labridae;Choerodon;Choerodon schoenleinii;NA;NA;NA
LC700334.1	NA;Chordata;Actinopteri;Labriformes;Labridae;Choerodon;Choerodon azurio;NA;NA;NA
LC649148.1	NA;Chordata;Actinopteri;Labriformes;Labridae;Choerodon;Choerodon azurio;NA;NA;NA
KX177968.1	NA;Chordata;Actinopteri;Siluriformes;Bagridae;Mystus;Mystus vittatus;NA;NA;NA
PX416761.1	NA;Chordata;Actinopteri;Siluriformes;Heptapteridae;Pimelodella;Pimelodella procera;NA;NA;NA
PX416872.1	NA;Chordata;Actinopteri;Siluriformes;Pimelodidae;Rhamdia;Rhamdia quelen;NA;NA;NA
PX416760.1	NA;Chordata;Actinopteri;Siluriformes;Heptapteridae;Pimelodella;Pimelodella megalops;NA;NA;NA
PX416749.1	NA;Chordata;Actinopteri;Siluriformes;Heptapteridae;Pimelodella;Pimelodella aff. macturki;NA;NA;NA
PX416736.1	NA;Chordata;Actinopteri;Siluriformes;Heptapteridae;Pimelodella;Pimelodella aff. cristata;NA;NA;NA
PX416737.1	NA;Chordata;Actinopteri;Siluriformes;Heptapteridae;Pimelodella;Pimelodella aff. cristata;NA;NA;NA
PX415847.1	NA;Chordata;Actinopteri;Siluriformes;Callichthyidae;Hoplisoma;Hoplisoma aff. brevirostris;NA;NA;NA
JF898684.1	NA;Chordata;Actinopteri;Siluriformes;Pimelodidae;Pinirampus;Pinirampus pirinampu;NA;NA;NA
JF898685.1	NA;Chordata;Actinopteri;Siluriformes;Pimelodidae;Pinirampus;Pinirampus pirinampu;NA;NA;NA
Clarias	NA;Chordata;Actinopteri;Cypriniformes;Danionidae;Danio;Danio rerio;NA;NA;NA
PX415871.1	NA;Chordata;Actinopteri;Siluriformes;Callichthyidae;Corydoras;Corydoras solox;NA;NA;NA
PX415874.1	NA;Chordata;Actinopteri;Siluriformes;Callichthyidae;Corydoras;Corydoras spilurus;NA;NA;NA
Ameiurus	NA;Chordata;Actinopteri;Siluriformes;Ictaluridae;Ameiurus;Ameiurus nebulosus;NA;NA;NA
DQ421854.1	NA;Chordata;Actinopteri;Siluriformes;Ictaluridae;Ameiurus;Ameiurus melas;NA;NA;NA
Ameiurus_1	NA;Chordata;Actinopteri;Siluriformes;Ictaluridae;Ameiurus;Ameiurus nebulosus;NA;NA;NA
PX415870.1	NA;Chordata;Actinopteri;Siluriformes;Callichthyidae;Hoplisoma;Hoplisoma sipaliwini;NA;NA;NA
PX415858.1	NA;Chordata;Actinopteri;Siluriformes;Callichthyidae;Corydoras;Corydoras sp. 2 Comte;NA;NA;NA
PX415852.1	NA;Chordata;Actinopteri;Siluriformes;Callichthyidae;Hoplisoma;Hoplisoma baderi;NA;NA;NA
PX415849.1	NA;Chordata;Actinopteri;Siluriformes;Callichthyidae;Hoplisoma;Hoplisoma aff. guianensis;NA;NA;NA
PX415844.1	NA;Chordata;Actinopteri;Siluriformes;Callichthyidae;Osteogaster;Osteogaster aff. aeneus;NA;NA;NA
PX415868.1	NA;Chordata;Actinopteri;Siluriformes;Callichthyidae;Hoplisoma;Hoplisoma punctatum;NA;NA;NA
PX415848.1	NA;Chordata;Actinopteri;Siluriformes;Callichthyidae;Gastrodermus;Gastrodermus aff. elegans;NA;NA;NA
PQ385614.1	NA;Chordata;Actinopteri;Siluriformes;Clariidae;Clarias;Clarias teijsmanni;NA;NA;NA
PX395444.1	NA;Chordata;Actinopteri;Siluriformes;Clariidae;Prophagorus;Prophagorus nieuhofii;NA;NA;NA
PX416115.1	NA;Chordata;Actinopteri;Siluriformes;Cetopsidae;Helogenes;Helogenes marmoratus;NA;NA;NA
PX415853.1	NA;Chordata;Actinopteri;Siluriformes;Callichthyidae;Brochis;Brochis condiscipulus;NA;NA;NA
Clarias_1	NA;Chordata;Actinopteri;Cypriniformes;Danionidae;Danio;Danio rerio;NA;NA;NA
KF670723.1	NA;Chordata;Actinopteri;Siluriformes;Bagridae;Rita;Rita rita;NA;NA;NA
PX416484.1	NA;Chordata;Actinopteri;Siluriformes;Heptapteridae;Mastiglanis;Mastiglanis durantoni;NA;NA;NA
PZ055035.1	NA;Chordata;Actinopteri;Siluriformes;Sisoridae;Pseudecheneis;Pseudecheneis brachyura;NA;NA;NA
PX415846.1	NA;Chordata;Actinopteri;Siluriformes;Callichthyidae;Corydoras;Corydoras aff. amapaensis;NA;NA;NA
PX415854.1	NA;Chordata;Actinopteri;Siluriformes;Callichthyidae;Corydoras;Corydoras geoffroy;NA;NA;NA
EF491721.1	NA;Chordata;Actinopteri;Siluriformes;Ictaluridae;Ictalurus;Ictalurus furcatus;NA;NA;NA
MN842723.1	NA;Chordata;Actinopteri;Siluriformes;Pangasiidae;Pangasius;Pangasius bocourti;NA;NA;NA
CM018571.1	NA;Chordata;Actinopteri;Siluriformes;Pangasiidae;Pangasianodon;Pangasianodon hypophthalmus;NA;NA;NA
AB919123.1	NA;Chordata;Actinopteri;Siluriformes;Schilbidae;Eutropiichthys;Eutropiichthys vacha;NA;NA;NA
PX416779.1	NA;Chordata;Actinopteri;Siluriformes;Doradidae;Platydoras;Platydoras costatus;NA;NA;NA
PX416032.1	NA;Chordata;Actinopteri;Siluriformes;Auchenipteridae;Gephyromochlus;Gephyromochlus leopardus;NA;NA;NA
KX235300.1	NA;Chordata;Actinopteri;Siluriformes;Bagridae;Sperata;Sperata seenghala;NA;NA;NA
OP599928.1	NA;Chordata;Actinopteri;Siluriformes;Bagridae;Sperata;Sperata seenghala;NA;NA;NA
JN015533.1	NA;Chordata;Actinopteri;Siluriformes;Ictaluridae;Pylodictis;Pylodictis olivaris;NA;NA;NA
PX416983.1	NA;Chordata;Actinopteri;Siluriformes;Auchenipteridae;Tatia;Tatia brunnea;NA;NA;NA
PX417023.1	NA;Chordata;Actinopteri;Siluriformes;Auchenipteridae;Trachelyopterus;Trachelyopterus coriaceus;NA;NA;NA
PQ628745.1	NA;Chordata;Actinopteri;Siluriformes;Claroteidae;Chrysichthys;Chrysichthys nigrodigitatus;NA;NA;NA
Chrysichthys	NA;Chordata;Actinopteri;Siluriformes;Claroteidae;Chrysichthys;Chrysichthys ornatus;NA;NA;NA
Hemibagrus	NA;Chordata;Actinopteri;Siluriformes;Bagridae;Hemibagrus;Hemibagrus punctatus;NA;NA;NA
PX415744.1	NA;Chordata;Actinopteri;Siluriformes;Pseudopimelodidae;Cephalosilurus;Cephalosilurus nigricaudus;NA;NA;NA
PP922174.1	NA;Chordata;Actinopteri;Siluriformes;Bagridae;Hemibagrus;Hemibagrus velox;NA;NA;NA
PX416314.1	NA;Chordata;Actinopteri;Siluriformes;Heptapteridae;Imparfinis;Imparfinis sp.;NA;NA;NA
AY762971.1	NA;Chordata;Actinopteri;Siluriformes;Pangasiidae;Pangasianodon;Pangasianodon gigas;NA;NA;NA
PX416843.1	NA;Chordata;Actinopteri;Siluriformes;Pseudopimelodidae;Pseudopimelodus;Pseudopimelodus bufonius;NA;NA;NA
AP012018.1	NA;Chordata;Actinopteri;Siluriformes;Pangasiidae;Pangasius;Pangasius larnaudii;NA;NA;NA
KX950698.1	NA;Chordata;Actinopteri;Siluriformes;Pangasiidae;Pangasius;Pangasius pangasius;NA;NA;NA
Ameiurus_2	NA;Chordata;Actinopteri;Siluriformes;Ictaluridae;Ameiurus;Ameiurus nebulosus;NA;NA;NA
GU329038.1	NA;Chordata;Actinopteri;Siluriformes;Ictaluridae;Ictalurus;Ictalurus furcatus;NA;NA;NA
MG570406.1	NA;Chordata;Actinopteri;Siluriformes;Ictaluridae;Ameiurus;Ameiurus natalis;NA;NA;NA
AF482987.1	NA;Chordata;Actinopteri;Siluriformes;Ictaluridae;Ictalurus;Ictalurus punctatus;NA;NA;NA
Ameiurus_3	NA;Chordata;Actinopteri;Siluriformes;Ictaluridae;Ameiurus;Ameiurus nebulosus;NA;NA;NA
BE574241.1	NA;Chordata;Actinopteri;Siluriformes;Ictaluridae;Ictalurus;Ictalurus punctatus;NA;NA;NA
EF491719.1	NA;Chordata;Actinopteri;Siluriformes;Ictaluridae;Ictalurus;Ictalurus pricei;NA;NA;NA
PZ347687.1	NA;Chordata;Actinopteri;Siluriformes;Pangasiidae;Pangasius;Pangasius sp.;NA;NA;NA
KX950699.1	NA;Chordata;Actinopteri;Siluriformes;Bagridae;Sperata;Sperata aor;NA;NA;NA
Hemibagrus_1	NA;Chordata;Actinopteri;Siluriformes;Bagridae;Hemibagrus;Hemibagrus punctatus;NA;NA;NA
OP236030.1	NA;Chordata;Actinopteri;Siluriformes;Pangasiidae;Pangasius;Pangasius nasutus;NA;NA;NA
PX416976.1	NA;Chordata;Actinopteri;Siluriformes;Auchenipteridae;Tatia;Tatia aff. intermedia;NA;NA;NA
PX416839.1	NA;Chordata;Actinopteri;Siluriformes;Auchenipteridae;Pseudauchenipterus;Pseudauchenipterus nodosus;NA;NA;NA
LC888378.1	NA;Chordata;Actinopteri;Siluriformes;Bagridae;Tachysurus;Tachysurus ichikawai;NA;NA;NA
AP012022.1	NA;Chordata;Actinopteri;Siluriformes;Siluridae;Silurus;Silurus asotus;NA;NA;NA
AM398435.2	NA;Chordata;Actinopteri;Siluriformes;Siluridae;Silurus;Silurus glanis;NA;NA;NA
PX415723.1	NA;Chordata;Actinopteri;Siluriformes;Aspredinidae;Bunocephalus;Bunocephalus aloikae;NA;NA;NA
PX415729.1	NA;Chordata;Actinopteri;Siluriformes;Aspredinidae;Bunocephalus;Bunocephalus verrucosus;NA;NA;NA
PX415617.1	NA;Chordata;Actinopteri;Siluriformes;Pseudopimelodidae;Batrochoglanis;Batrochoglanis raninus;NA;NA;NA
Bagarius	NA;Chordata;Actinopteri;Siluriformes;Sisoridae;Bagarius;Bagarius bagarius;NA;NA;NA
AP012013.1	NA;Chordata;Actinopteri;Siluriformes;Heteropneustidae;Heteropneustes;Heteropneustes fossilis;NA;NA;NA
PX415624.1	NA;Chordata;Actinopteri;Siluriformes;Pseudopimelodidae;Batrochoglanis;Batrochoglanis raninus;NA;NA;NA
PX430274.1	NA;Chordata;Actinopteri;Siluriformes;Plotosidae;Plotosus;Plotosus lineatus;NA;NA;NA
JX000016.1	NA;Chordata;Actinopteri;Siluriformes;Siluridae;Silurus;Silurus asotus;NA;NA;NA
JX256247.1	NA;Chordata;Actinopteri;Siluriformes;Siluridae;Silurus;Silurus asotus;NA;NA;NA
JX000021.1	NA;Chordata;Actinopteri;Siluriformes;Siluridae;Silurus;Silurus asotus;NA;NA;NA
JN116720.1	NA;Chordata;Actinopteri;Siluriformes;Siluridae;Silurus;Silurus asotus;NA;NA;NA
MK007074.1	NA;Chordata;Actinopteri;Siluriformes;Siluridae;Ompok;Ompok pabda;NA;NA;NA
PX415725.1	NA;Chordata;Actinopteri;Siluriformes;Aspredinidae;Bunocephalus;Bunocephalus coracoideus;NA;NA;NA
PX415726.1	NA;Chordata;Actinopteri;Siluriformes;Aspredinidae;Bunocephalus;Bunocephalus coracoideus;NA;NA;NA
PZ347686.1	NA;Chordata;Actinopteri;Siluriformes;Pangasiidae;Pangasius;Pangasius sp.;NA;NA;NA
MG570464.1	NA;Chordata;Actinopteri;Siluriformes;Ictaluridae;Ameiurus;Ameiurus catus;NA;NA;NA
PX415630.1	NA;Chordata;Actinopteri;Siluriformes;Pseudopimelodidae;Batrochoglanis;Batrochoglanis villosus;NA;NA;NA
PX522361.1	NA;Chordata;Actinopteri;Siluriformes;Lacantuniidae;Lacantunia;Lacantunia enigmatica;NA;NA;NA
PX416752.1	NA;Chordata;Actinopteri;Siluriformes;Heptapteridae;Pimelodella;Pimelodella cf. cristata;NA;NA;NA
PX416754.1	NA;Chordata;Actinopteri;Siluriformes;Heptapteridae;Pimelodella;Pimelodella cf. parnahybae;NA;NA;NA
PX416871.1	NA;Chordata;Actinopteri;Siluriformes;Pimelodidae;Rhamdia;Rhamdia foina;NA;NA;NA
PX416986.1	NA;Chordata;Actinopteri;Siluriformes;Auchenipteridae;Tatia;Tatia gyrina;NA;NA;NA
KY825191.1	NA;Chordata;Actinopteri;Characiformes;Anostomidae;Megaleporinus;Megaleporinus obtusidens;NA;NA;NA
KM245045.1	NA;Chordata;Actinopteri;Characiformes;Prochilodontidae;Prochilodus;Prochilodus lineatus;NA;NA;NA
PV250216.1	NA;Chordata;Actinopteri;Characiformes;Prochilodontidae;Prochilodus;Prochilodus reticulatus;NA;NA;NA
Ailia	NA;Chordata;Actinopteri;Siluriformes;Ailiidae;Ailia;Ailia coila;NA;NA;NA
PX416782.1	NA;Chordata;Actinopteri;Siluriformes;Aspredinidae;Platystacus;Platystacus cotylephorus;NA;NA;NA
KP085590.1	NA;Chordata;Actinopteri;Salmoniformes;Salmonidae;Oncorhynchus;Oncorhynchus mykiss;NA;NA;NA
PX416689.1	NA;Chordata;Actinopteri;Siluriformes;Loricariidae;Paralithoxus;Paralithoxus boujardi;NA;NA;NA
PX416124.1	NA;Chordata;Actinopteri;Siluriformes;Loricariidae;Hemiancistrus;Hemiancistrus medians;NA;NA;NA
MH005928.1	NA;Chordata;Chondrichthyes;Rhinopristiformes;Pristidae;Pristis;Pristis pristis;NA;NA;NA
PX416756.1	NA;Chordata;Actinopteri;Siluriformes;Heptapteridae;Pimelodella;Pimelodella geryi;NA;NA;NA
PX416759.1	NA;Chordata;Actinopteri;Siluriformes;Heptapteridae;Pimelodella;Pimelodella leptosoma;NA;NA;NA
PX416764.1	NA;Chordata;Actinopteri;Siluriformes;Pimelodidae;Pimelodus;Pimelodus blochii;NA;NA;NA
JF898657.1	NA;Chordata;Actinopteri;Siluriformes;Pimelodidae;Pseudoplatystoma;Pseudoplatystoma corruscans;NA;NA;NA
PX416844.1	NA;Chordata;Actinopteri;Siluriformes;Pimelodidae;Pseudoplatystoma;Pseudoplatystoma fasciatum;NA;NA;NA
PX416845.1	NA;Chordata;Actinopteri;Siluriformes;Pimelodidae;Pseudoplatystoma;Pseudoplatystoma tigrinum;NA;NA;NA
PX416830.1	NA;Chordata;Actinopteri;Siluriformes;Pimelodidae;Propimelodus;Propimelodus eigenmanni;NA;NA;NA
PX416766.1	NA;Chordata;Actinopteri;Siluriformes;Pimelodidae;Pimelodus;Pimelodus ornatus;NA;NA;NA
PX416767.1	NA;Chordata;Actinopteri;Siluriformes;Pimelodidae;Pimelodus;Pimelodus ornatus;NA;NA;NA
PX415843.1	NA;Chordata;Actinopteri;Siluriformes;Callichthyidae;Osteogaster;Osteogaster aff. aeneus;NA;NA;NA
PX416701.1	NA;Chordata;Actinopteri;Siluriformes;Loricariidae;Peckoltia;Peckoltia simulata;NA;NA;NA
PX416700.1	NA;Chordata;Actinopteri;Siluriformes;Loricariidae;Peckoltia;Peckoltia otali;NA;NA;NA
PX416699.1	NA;Chordata;Actinopteri;Siluriformes;Loricariidae;Peckoltia;Peckoltia capitulata;NA;NA;NA
PX416898.1	NA;Chordata;Actinopteri;Siluriformes;Loricariidae;Rineloricaria;Rineloricaria aff. stewarti 3 CC-2025;NA;NA;NA
PX416847.1	NA;Chordata;Actinopteri;Siluriformes;Loricariidae;Pseudoqolus;Pseudoqolus koko;NA;NA;NA
PX416920.1	NA;Chordata;Actinopteri;Siluriformes;Ariidae;Sciades;Sciades proops;NA;NA;NA
PX416919.1	NA;Chordata;Actinopteri;Siluriformes;Ariidae;Sciades;Sciades couma;NA;NA;NA
OP154149.1	NA;Chordata;Actinopteri;Siluriformes;Ariidae;Ariopsis;Ariopsis felis;NA;NA;NA
AM931027.1	NA;Chordata;Actinopteri;Salmoniformes;Salmonidae;Salmo;Salmo salar;NA;NA;NA
AF133701.1	NA;Chordata;Actinopteri;Salmoniformes;Salmonidae;Salmo;Salmo salar;NA;NA;NA
JQ390055.1	NA;Chordata;Actinopteri;Salmoniformes;Salmonidae;Salmo;Salmo salar;NA;NA;NA
HQ167665.1	NA;Chordata;Actinopteri;Salmoniformes;Salmonidae;Oncorhynchus;Oncorhynchus tshawytscha;NA;NA;NA
OL477728.1	NA;Chordata;Actinopteri;Salmoniformes;Salmonidae;Oncorhynchus;Oncorhynchus kisutch;NA;NA;NA
EF055889.1	NA;Chordata;Actinopteri;Salmoniformes;Salmonidae;Oncorhynchus;Oncorhynchus nerka;NA;NA;NA
OL339394.1	NA;Chordata;Actinopteri;Salmoniformes;Salmonidae;Oncorhynchus;Oncorhynchus keta;NA;NA;NA
EF126369.1	NA;Chordata;Actinopteri;Salmoniformes;Salmonidae;Oncorhynchus;Oncorhynchus kisutch;NA;NA;NA
MF621750.1	NA;Chordata;Actinopteri;Salmoniformes;Salmonidae;Oncorhynchus;Oncorhynchus mykiss;NA;NA;NA
DQ288268.1	NA;Chordata;Actinopteri;Salmoniformes;Salmonidae;Oncorhynchus;Oncorhynchus mykiss;NA;NA;NA
AY886762.1	NA;Chordata;Actinopteri;Salmoniformes;Salmonidae;Oncorhynchus;Oncorhynchus clarkii;Oncorhynchus clarkii henshawi;NA;NA
MF621742.1	NA;Chordata;Actinopteri;Salmoniformes;Salmonidae;Salvelinus;Salvelinus namaycush;NA;NA;NA
Hucho	NA;Chordata;Actinopteri;Salmoniformes;Salmonidae;Hucho;Hucho bleekeri;NA;NA;NA
AF154850.1	NA;Chordata;Actinopteri;Salmoniformes;Salmonidae;Salvelinus;Salvelinus fontinalis;NA;NA;NA
OK623679.1	NA;Chordata;Actinopteri;Salmoniformes;Salmonidae;Oncorhynchus;Oncorhynchus mykiss;Oncorhynchus mykiss newberrii;NA;NA
JQ390059.1	NA;Chordata;Actinopteri;Salmoniformes;Salmonidae;Stenodus;Stenodus leucichthys;NA;NA;NA
MF621755.1	NA;Chordata;Actinopteri;Salmoniformes;Salmonidae;Thymallus;Thymallus arcticus;NA;NA;NA
FJ872559.1	NA;Chordata;Actinopteri;Salmoniformes;Salmonidae;Thymallus;Thymallus arcticus;NA;NA;NA
AM910409.1	NA;Chordata;Actinopteri;Salmoniformes;Salmonidae;Salmo;Salmo trutta;Salmo trutta trutta;NA;NA
LC137015.1	NA;Chordata;Actinopteri;Salmoniformes;Salmonidae;Salmo;Salmo trutta;Salmo trutta fario;NA;NA
JQ661401.1	NA;Chordata;Actinopteri;Salmoniformes;Salmonidae;Coregonus;Coregonus oxyrinchus;NA;NA;NA
MT063015.1	NA;Chordata;Actinopteri;Salmoniformes;Salmonidae;Thymallus;Thymallus arcticus;NA;NA;NA
JQ661479.1	NA;Chordata;Actinopteri;Salmoniformes;Salmonidae;Coregonus;Coregonus lavaretus;NA;NA;NA
AP013050.1	NA;Chordata;Actinopteri;Salmoniformes;Salmonidae;Prosopium;Prosopium cylindraceum;NA;NA;NA
PX416719.1	NA;Chordata;Actinopteri;Siluriformes;Heptapteridae;Phenacorhamdia;Phenacorhamdia tenuis;NA;NA;NA
PX415964.1	NA;Chordata;Actinopteri;Siluriformes;Doradidae;Doras;Doras micropoeus;NA;NA;NA
PX415957.1	NA;Chordata;Actinopteri;Siluriformes;Doradidae;Doras;Doras carinatus;NA;NA;NA
PX415956.1	NA;Chordata;Actinopteri;Siluriformes;Doradidae;Doras;Doras carinatus;NA;NA;NA
AY264066.1	NA;Chordata;Actinopteri;Siluriformes;Pimelodidae;Hypophthalmus;Hypophthalmus edentatus;NA;NA;NA
PX416198.1	NA;Chordata;Actinopteri;Siluriformes;Pimelodidae;Hemisorubim;Hemisorubim platyrhynchos;NA;NA;NA
MN807278.1	NA;Chordata;Actinopteri;Siluriformes;Bagridae;Hemibagrus;Hemibagrus wyckioides;NA;NA;NA
JF898675.1	NA;Chordata;Actinopteri;Siluriformes;Pimelodidae;Brachyplatystoma;Brachyplatystoma filamentosum;NA;NA;NA
JF898665.1	NA;Chordata;Actinopteri;Siluriformes;Pimelodidae;Platynematichthys;Platynematichthys notatus;NA;NA;NA
KC572135.1	NA;Chordata;Actinopteri;Siluriformes;Pangasiidae;Pangasius;Pangasius pangasius;NA;NA;NA
JF898650.1	NA;Chordata;Actinopteri;Siluriformes;Pimelodidae;Zungaro;Zungaro zungaro;NA;NA;NA
PX416205.1	NA;Chordata;Actinopteri;Siluriformes;Heptapteridae;Heptapterus;Heptapterus tapanahoniensis;NA;NA;NA
PX415793.1	NA;Chordata;Actinopteri;Siluriformes;Heptapteridae;Chasmocranus;Chasmocranus longior;NA;NA;NA
PX415798.1	NA;Chordata;Actinopteri;Siluriformes;Heptapteridae;Chasmocranus;Chasmocranus longior;NA;NA;NA
PX416331.1	NA;Chordata;Actinopteri;Siluriformes;Trichomycteridae;Ituglanis;Ituglanis nebulosus;NA;NA;NA
PX415789.1	NA;Chordata;Actinopteri;Siluriformes;Heptapteridae;Chasmocranus;Chasmocranus brevior;NA;NA;NA
PX415787.1	NA;Chordata;Actinopteri;Siluriformes;Heptapteridae;Chasmocranus;Chasmocranus brevior;NA;NA;NA
PX415788.1	NA;Chordata;Actinopteri;Siluriformes;Heptapteridae;Chasmocranus;Chasmocranus brevior;NA;NA;NA
PX415618.1	NA;Chordata;Actinopteri;Siluriformes;Pseudopimelodidae;Batrochoglanis;Batrochoglanis raninus;NA;NA;NA
PX415791.1	NA;Chordata;Actinopteri;Siluriformes;Heptapteridae;Chasmocranus;Chasmocranus longior;NA;NA;NA
PX416673.1	NA;Chordata;Actinopteri;Siluriformes;Loricariidae;Otocinclus;Otocinclus cf. mariae;NA;NA;NA
PX416672.1	NA;Chordata;Actinopteri;Siluriformes;Loricariidae;Otocinclus;Otocinclus cf. mariae;NA;NA;NA
PX415790.1	NA;Chordata;Actinopteri;Siluriformes;Heptapteridae;Chasmocranus;Chasmocranus longior;NA;NA;NA
PX416507.1	NA;Chordata;Actinopteri;Siluriformes;Loricariidae;Metaloricaria;Metaloricaria paucidens;NA;NA;NA
PX416338.1	NA;Chordata;Actinopteri;Siluriformes;Trichomycteridae;Ituglanis;Ituglanis nebulosus;NA;NA;NA
PX429974.1	NA;Chordata;Actinopteri;Siluriformes;Ariidae;Arius;Arius maculatus;NA;NA;NA
PX416053.1	NA;Chordata;Actinopteri;Siluriformes;Loricariidae;Guyanancistrus;Guyanancistrus brevispinis;NA;NA;NA
PX416098.1	NA;Chordata;Actinopteri;Siluriformes;Loricariidae;Harttia;Harttia guianensis;NA;NA;NA
PX416690.1	NA;Chordata;Actinopteri;Siluriformes;Loricariidae;Paralithoxus;Paralithoxus planquettei;NA;NA;NA
PX416095.1	NA;Chordata;Actinopteri;Siluriformes;Loricariidae;Cteniloricaria;Cteniloricaria fowleri;NA;NA;NA
PX416833.1	NA;Chordata;Actinopteri;Siluriformes;Loricariidae;Pseudancistrus;Pseudancistrus barbatus;NA;NA;NA
JX899751.1	NA;Chordata;Actinopteri;Siluriformes;Ariidae;Bagre;Bagre marinus;NA;NA;NA
PX416750.1	NA;Chordata;Actinopteri;Siluriformes;Heptapteridae;Pimelodella;Pimelodella cf. cristata;NA;NA;NA
PX416670.1	NA;Chordata;Actinopteri;Siluriformes;Trichomycteridae;Ochmacanthus;Ochmacanthus sp.;NA;NA;NA
MW300334.1	NA;Chordata;Actinopteri;Salmoniformes;Salmonidae;Oncorhynchus;Oncorhynchus gilae;NA;NA;NA
PX416671.1	NA;Chordata;Actinopteri;Siluriformes;Trichomycteridae;Ochmacanthus;Ochmacanthus sp. clenoni;NA;NA;NA
PX416669.1	NA;Chordata;Actinopteri;Siluriformes;Trichomycteridae;Ochmacanthus;Ochmacanthus reinhardtii;NA;NA;NA
AF417345.1	NA;Chordata;Actinopteri;Gonorynchiformes;Chanidae;Chanos;Chanos chanos;NA;NA;NA
PX644056.1	NA;Chordata;Actinopteri;Gonorynchiformes;Chanidae;Chanos;Chanos chanos;NA;NA;NA
PX416732.1	NA;Chordata;Actinopteri;Siluriformes;Pimelodidae;Pimelabditus;Pimelabditus moli;NA;NA;NA
AB560489.1	NA;Chordata;Chondrichthyes;Hexanchiformes;Hexanchidae;Notorynchus;Notorynchus cepedianus;NA;NA;NA
KT983411.1	NA;Chordata;Actinopteri;Siluriformes;Sisoridae;Bagarius;Bagarius yarrelli;NA;NA;NA
Zapteryx	NA;Chordata;Chondrichthyes;Rhinopristiformes;Rhinobatidae;Zapteryx;Zapteryx exasperata;NA;NA;NA
AP009499.1	NA;Chordata;Actinopteri;Hiodontiformes;Hiodontidae;Hiodon;Hiodon tergisus;NA;NA;NA
Hiodon	NA;Chordata;Actinopteri;Hiodontiformes;Hiodontidae;Hiodon;Hiodon alosoides;NA;NA;NA
AF125595.2	NA;Chordata;Actinopteri;Acipenseriformes;Acipenseridae;Acipenser;Acipenser fulvescens;NA;NA;NA
AF125598.2	NA;Chordata;Actinopteri;Acipenseriformes;Acipenseridae;Acipenser;Acipenser medirostris;NA;NA;NA
AF125597.2	NA;Chordata;Actinopteri;Acipenseriformes;Acipenseridae;Acipenser;Acipenser transmontanus;NA;NA;NA
AF125594.2	NA;Chordata;Actinopteri;Acipenseriformes;Polyodontidae;Polyodon;Polyodon spathula;NA;NA;NA
AB042952.1	NA;Chordata;Actinopteri;Amiiformes;Amiidae;Amia;Amia calva;NA;NA;NA
MK213064.2	NA;Chordata;Actinopteri;Acipenseriformes;Acipenseridae;Acipenser;Acipenser stellatus;Acipenser stellatus ssp. 'stellatus cyrensis';NA;NA
DQ202325.1	NA;Chordata;Actinopteri;Acipenseriformes;Acipenseridae;Pseudoscaphirhynchus;Pseudoscaphirhynchus kaufmanni;NA;NA;NA
AY442351.1	NA;Chordata;Actinopteri;Acipenseriformes;Acipenseridae;Huso;Huso huso;NA;NA;NA
AY544140.1	NA;Chordata;Actinopteri;Acipenseriformes;Acipenseridae;Acipenser;Acipenser ruthenus;NA;NA;NA
KU985069.1	NA;Chordata;Actinopteri;Acipenseriformes;Acipenseridae;Scaphirhynchus;Scaphirhynchus albus;NA;NA;NA
Psephurus	NA;Chordata;Actinopteri;Acipenseriformes;Polyodontidae;Psephurus;Psephurus gladius;NA;NA;NA
AY510085.1	NA;Chordata;Actinopteri;Acipenseriformes;Acipenseridae;Acipenser;Acipenser dabryanus;NA;NA;NA
KJ789859.1	NA;Chordata;Actinopteri;Acipenseriformes;Acipenseridae;Acipenser;Acipenser gueldenstaedtii;NA;NA;NA
AB042837.1	NA;Chordata;Actinopteri;Acipenseriformes;Acipenseridae;Acipenser;Acipenser transmontanus;NA;NA;NA
AY442349.1	NA;Chordata;Actinopteri;Acipenseriformes;Polyodontidae;Polyodon;Polyodon spathula;NA;NA;NA
PX741167.1	NA;NA;NA;NA;NA;NA;NA;NA;NA;NA
PX416114.1	NA;Chordata;Actinopteri;Siluriformes;Cetopsidae;Helogenes;Helogenes marmoratus;NA;NA;NA
PX416116.1	NA;Chordata;Actinopteri;Siluriformes;Cetopsidae;Helogenes;Helogenes marmoratus;NA;NA;NA
LC672454.1	NA;Chordata;Actinopteri;Argentiniformes;Argentinidae;Glossanodon;Glossanodon semifasciatus;NA;NA;NA
AP012952.1	NA;Chordata;Actinopteri;Argentiniformes;Argentinidae;Argentina;Argentina silus;NA;NA;NA
KC820796.1	NA;Chordata;Actinopteri;Acipenseriformes;Acipenseridae;Acipenser;Acipenser schrenckii;NA;NA;NA
JF911712.1	NA;Chordata;Actinopteri;Mugiliformes;Mugilidae;Oedalechilus;Oedalechilus labeo;NA;NA;NA
EU715434.1	NA;Chordata;Actinopteri;Mugiliformes;Mugilidae;Mugil;Mugil platanus;NA;NA;NA
MZ157402.1	NA;Chordata;Actinopteri;Synbranchiformes;Synbranchidae;Monopterus;Monopterus albus;NA;NA;NA
AP002945.1	NA;Chordata;Actinopteri;Synbranchiformes;Synbranchidae;Monopterus;Monopterus albus;NA;NA;NA
KP779622.1	NA;Chordata;Actinopteri;Synbranchiformes;Synbranchidae;Monopterus;Monopterus albus;NA;NA;NA
Hippocampus	NA;NA;NA;NA;NA;NA;synthetic construct;NA;NA;NA
Citharichthys_2	NA;Chordata;Actinopteri;Pleuronectiformes;Cyclopsettidae;Citharichthys;Citharichthys sp.;NA;NA;NA
AP006024.1	NA;Chordata;Actinopteri;Perciformes;Trachinidae;Trachinus;Trachinus draco;NA;NA;NA
PP467847.1	NA;Chordata;Actinopteri;Perciformes;Trachinidae;Echiichthys;Echiichthys vipera;NA;NA;NA
AF520693.1	NA;Chordata;Mammalia;Rodentia;Cuniculidae;Cuniculus;Cuniculus paca;NA;NA;NA
AF433905.1	NA;Chordata;Mammalia;Rodentia;Cuniculidae;Cuniculus;Cuniculus paca;NA;NA;NA
AY093664.1	NA;Chordata;Mammalia;Rodentia;Cuniculidae;Cuniculus;Cuniculus paca;NA;NA;NA
ON650007.1	NA;Chordata;Chondrichthyes;Carcharhiniformes;Carcharhinidae;Sphyrna;Sphyrna lewini;NA;NA;NA
Sphyrna	NA;Chordata;Chondrichthyes;Carcharhiniformes;Carcharhinidae;Sphyrna;Sphyrna lewini;NA;NA;NA
AP004108.1	NA;Chordata;Actinopteri;Osmeriformes;Retropinnidae;Retropinna;Retropinna retropinna;NA;NA;NA
Hoplunnis	NA;Chordata;Actinopteri;Anguilliformes;Nettastomatidae;Hoplunnis;Hoplunnis tenuis;NA;NA;NA
KJ748376.1	NA;Chordata;Chondrichthyes;Carcharhiniformes;Carcharhinidae;Triaenodon;Triaenodon obesus;NA;NA;NA
OQ476208.1	NA;Chordata;Chondrichthyes;Carcharhiniformes;Carcharhinidae;Negaprion;Negaprion brevirostris;NA;NA;NA
NC_077588.1	NA;Chordata;Chondrichthyes;Carcharhiniformes;Triakidae;Triakis;Triakis semifasciata;NA;NA;NA
PX070057.1	NA;Chordata;Chondrichthyes;Carcharhiniformes;Triakidae;Mustelus;Mustelus henlei;NA;NA;NA
KM453976.1	NA;Chordata;Chondrichthyes;Carcharhiniformes;Carcharhinidae;Sphyrna;Sphyrna tiburo;NA;NA;NA
AF448023.1	NA;Chordata;Chondrichthyes;Carcharhiniformes;Carcharhinidae;Sphyrna;Sphyrna zygaena;NA;NA;NA
Carcharhinus_9	NA;Chordata;Chondrichthyes;Carcharhiniformes;Carcharhinidae;Carcharhinus;Carcharhinus limbatus;NA;NA;NA
MW528216.1	NA;Chordata;Chondrichthyes;Carcharhiniformes;Carcharhinidae;Carcharhinus;Carcharhinus perezii;NA;NA;NA
AF448022.1	NA;Chordata;Chondrichthyes;Carcharhiniformes;Carcharhinidae;Sphyrna;Sphyrna mokarran;NA;NA;NA
Galeorhinus	NA;Chordata;Chondrichthyes;Carcharhiniformes;Triakidae;Galeorhinus;Galeorhinus galeus;NA;NA;NA
AF447987.1	NA;Chordata;Chondrichthyes;Lamniformes;Alopiidae;Alopias;Alopias superciliosus;NA;NA;NA
OP056802.1	NA;Chordata;Chondrichthyes;Carcharhiniformes;Carcharhinidae;Rhizoprionodon;Rhizoprionodon terraenovae;NA;NA;NA
Notopterus	NA;Chordata;Actinopteri;Osteoglossiformes;Notopteridae;Notopterus;Notopterus notopterus;NA;NA;NA
AF417343.1	NA;Chordata;Actinopteri;Osteoglossiformes;Osteoglossidae;Osteoglossum;Osteoglossum bicirrhosum;NA;NA;NA
AP008925.1	NA;Chordata;Actinopteri;Osteoglossiformes;Notopteridae;Notopterus;Notopterus notopterus;NA;NA;NA
LC723525.1	NA;Chordata;Chondrichthyes;Carcharhiniformes;Scyliorhinidae;Scyliorhinus;Scyliorhinus stellaris;NA;NA;NA
NC_001950.1	NA;Chordata;Chondrichthyes;Carcharhiniformes;Scyliorhinidae;Scyliorhinus;Scyliorhinus canicula;NA;NA;NA
PX718986.1	NA;Chordata;Actinopteri;Elopiformes;Elopidae;Elops;Elops saurus;NA;NA;NA
AB051070.1	NA;Chordata;Actinopteri;Elopiformes;Elopidae;Elops;Elops hawaiensis;NA;NA;NA
Selaroides	NA;Chordata;Actinopteri;Carangiformes;Carangidae;Selaroides;Selaroides leptolepis;NA;NA;NA
KU159666.1	NA;Chordata;Actinopteri;Carangiformes;Carangidae;Selaroides;Selaroides leptolepis;NA;NA;NA
KT367804.1	NA;Chordata;Actinopteri;Pleuronectiformes;Soleidae;Zebrias;Zebrias crossolepis;NA;NA;NA
KF781140.1	NA;Chordata;Actinopteri;Tetraodontiformes;Tetraodontidae;Lagocephalus;Lagocephalus spadiceus;NA;NA;NA
OP057085.2	NA;Chordata;Actinopteri;Tetraodontiformes;Tetraodontidae;Lagocephalus;Lagocephalus lagocephalus;NA;NA;NA
AP011933.1	NA;Chordata;Actinopteri;Tetraodontiformes;Tetraodontidae;Lagocephalus;Lagocephalus lagocephalus;NA;NA;NA
KF781141.1	NA;Chordata;Actinopteri;Tetraodontiformes;Tetraodontidae;Lagocephalus;Lagocephalus spadiceus;NA;NA;NA
AP009538.1	NA;Chordata;Actinopteri;Tetraodontiformes;Tetraodontidae;Lagocephalus;Lagocephalus wheeleri;NA;NA;NA
AP011920.1	NA;Chordata;Actinopteri;Tetraodontiformes;Tetraodontidae;Pao;Pao palembangensis;NA;NA;NA
Lagocephalus	NA;Chordata;Actinopteri;Gobiiformes;Gobiidae;Sicyopterus;Sicyopterus lagocephalus;NA;NA;NA
MG817403.1	NA;Chordata;Actinopteri;Tetraodontiformes;Tetraodontidae;Carinotetraodon;Carinotetraodon travancoricus;NA;NA;NA
MH631014.1	NA;Chordata;Actinopteri;Tetraodontiformes;Tetraodontidae;Carinotetraodon;Carinotetraodon travancoricus;NA;NA;NA
AY949336.1	NA;Chordata;Actinopteri;Perciformes;Serranidae;Hyporthodus;Hyporthodus flavolimbatus;NA;NA;NA
AF055593.1	NA;Chordata;Actinopteri;NA;Pomacanthidae;Holacanthus;Holacanthus ciliaris;NA;NA;NA
Holacanthus	NA;Chordata;Actinopteri;NA;Pomacanthidae;Holacanthus;Holacanthus bermudensis;NA;NA;NA
AY245608.1	NA;Chordata;Mammalia;Diprotodontia;Macropodidae;Osphranter;Osphranter robustus;NA;NA;NA
AF338711.1	NA;Chordata;Aves;Casuariiformes;Dromaiidae;Dromaius;Dromaius novaehollandiae;NA;NA;NA
AF027985.2	NA;Chordata;Mammalia;Diprotodontia;Macropodidae;Osphranter;Osphranter rufus;NA;NA;NA
KY996506.1	NA;Chordata;Mammalia;Diprotodontia;Macropodidae;Osphranter;Osphranter robustus;NA;NA;NA
KY996502.1	NA;Chordata;Mammalia;Diprotodontia;Macropodidae;Macropus;Macropus giganteus;NA;NA;NA
JN003401.1	NA;Chordata;Mammalia;Diprotodontia;Macropodidae;Macropus;Macropus fuliginosus;NA;NA;NA
KT185629.1	NA;Chordata;Hyperoartia;Petromyzontiformes;Geotriidae;Geotria;Geotria australis;NA;NA;NA
PQ845995.1	NA;Chordata;Hyperoartia;Petromyzontiformes;Petromyzontidae;Eudontomyzon;Eudontomyzon graecus;NA;NA;NA
BK063460.1	NA;Chordata;Actinopteri;Beloniformes;Exocoetidae;Prognichthys;Prognichthys tringa;NA;NA;NA
AP017897.1	NA;Chordata;Actinopteri;Beloniformes;Exocoetidae;Cheilopogon;Cheilopogon doederleinii;NA;NA;NA
BK063455.1	NA;Chordata;Actinopteri;Beloniformes;Exocoetidae;Cheilopogon;Cheilopogon papilio;NA;NA;NA
OP057046.2	NA;Chordata;Actinopteri;Beloniformes;Exocoetidae;Exocoetus;Exocoetus monocirrhus;NA;NA;NA
LC104440.2	NA;Chordata;Actinopteri;Beloniformes;Exocoetidae;Cheilopogon;Cheilopogon pinnatibarbatus;Cheilopogon pinnatibarbatus japonicus;NA;NA
BK063456.1	NA;Chordata;Actinopteri;Beloniformes;Exocoetidae;Cheilopogon;Cheilopogon xenopterus;NA;NA;NA
KY067947.1	NA;Chordata;Actinopteri;Beloniformes;Exocoetidae;Parexocoetus;Parexocoetus brachypterus;NA;NA;NA
AP013046.1	NA;Chordata;Actinopteri;Esociformes;Esocidae;Esox;Esox niger;NA;NA;NA
LC715466.1	NA;Chordata;Actinopteri;Beloniformes;Hemiramphidae;Oxyporhamphus;Oxyporhamphus micropterus;Oxyporhamphus micropterus micropterus;NA;NA
NC_016714.1	NA;Chordata;Actinopteri;Clupeiformes;Clupeidae;Clupeoides;Clupeoides sp. Chao Phraya;NA;NA;NA
OR344340.1	NA;Chordata;Actinopteri;Chaetodontiformes;Leiognathidae;Leiognathus;Leiognathus equula;NA;NA;NA
NC_016709.1	NA;Chordata;Actinopteri;Clupeiformes;Clupeidae;Clupeoides;Clupeoides borneensis;NA;NA;NA
Macrodon	NA;Chordata;Actinopteri;Kurtiformes;Apogonidae;Cheilodipterus;Cheilodipterus macrodon;NA;NA;NA
BK063458.1	NA;Chordata;Actinopteri;Beloniformes;Exocoetidae;Fodiator;Fodiator rostratus;NA;NA;NA
PX394296.1	NA;Chordata;Actinopteri;Siluriformes;Chacidae;Chaca;Chaca chaca;NA;NA;NA
Conger	NA;Bacillota;Bacilli;Caryophanales;Bacillaceae;Bacillus;Bacillus siamensis;NA;NA;NA
AB021899.1	NA;Chordata;Actinopteri;Anguilliformes;Anguillidae;Anguilla;Anguilla dieffenbachii;NA;NA;NA
KJ564240.1	NA;Chordata;Actinopteri;Anguilliformes;Anguillidae;Anguilla;Anguilla anguilla;NA;NA;NA
KJ564181.1	NA;Chordata;Actinopteri;Anguilliformes;Anguillidae;Anguilla;Anguilla rostrata;NA;NA;NA
FJ612584.1	NA;Chordata;Actinopteri;Anguilliformes;Anguillidae;Anguilla;Anguilla rostrata;NA;NA;NA
AB021887.1	NA;Chordata;Actinopteri;Anguilliformes;Anguillidae;Anguilla;Anguilla anguilla;NA;NA;NA
FJ612587.1	NA;Chordata;Actinopteri;Anguilliformes;Anguillidae;Anguilla;Anguilla japonica;NA;NA;NA
AB021888.1	NA;Chordata;Actinopteri;Anguilliformes;Anguillidae;Anguilla;Anguilla japonica;NA;NA;NA
DQ645661.1	NA;Chordata;Actinopteri;Anguilliformes;Congridae;Rhynchoconger;Rhynchoconger flavus;NA;NA;NA
OR582666.1	NA;Chordata;Actinopteri;Anguilliformes;Congridae;Paraconger;Paraconger caudilimbatus;NA;NA;NA
PV370328.1	NA;Chordata;Actinopteri;Anguilliformes;Congridae;Conger;Conger triporiceps;NA;NA;NA
PP467778.1	NA;Chordata;Actinopteri;Anguilliformes;Congridae;Conger;Conger conger;NA;NA;NA
AB038381.2	NA;Chordata;Actinopteri;Anguilliformes;Congridae;Conger;Conger myriaster;NA;NA;NA
MT326596.2	NA;Chordata;Chondrichthyes;Myliobatiformes;Dasyatidae;Hypanus;Hypanus americanus;NA;NA;NA
MH377783.1	NA;Chordata;Chondrichthyes;Myliobatiformes;Dasyatidae;Bathytoshia;Bathytoshia centroura;NA;NA;NA
Bathytoshia	NA;Chordata;Chondrichthyes;Myliobatiformes;Dasyatidae;Bathytoshia;Bathytoshia centroura;NA;NA;NA
PQ760241.1	NA;Chordata;Chondrichthyes;Myliobatiformes;Myliobatidae;Mobula;Mobula hypostoma;NA;NA;NA
JX241047.1	NA;Chordata;Chondrichthyes;Myliobatiformes;Myliobatidae;Rhinoptera;Rhinoptera bonasus;NA;NA;NA
KF962053.1	NA;Chordata;Chondrichthyes;Lamniformes;Lamnidae;Lamna;Lamna ditropis;NA;NA;NA
JF912038.1	NA;Chordata;Actinopteri;Semionotiformes;Lepisosteidae;Atractosteus;Atractosteus spatula;NA;NA;NA
JF912032.1	NA;Chordata;Actinopteri;Semionotiformes;Lepisosteidae;Lepisosteus;Lepisosteus osseus;NA;NA;NA
JF912036.1	NA;Chordata;Actinopteri;Semionotiformes;Lepisosteidae;Lepisosteus;Lepisosteus osseus;NA;NA;NA
JF912030.1	NA;Chordata;Actinopteri;Semionotiformes;Lepisosteidae;Lepisosteus;Lepisosteus osseus;NA;NA;NA
OR224427.1	NA;Chordata;Actinopteri;Semionotiformes;Lepisosteidae;Lepisosteus;Lepisosteus osseus;NA;NA;NA
OR094982.1	NA;Chordata;Actinopteri;Semionotiformes;Lepisosteidae;Lepisosteus;Lepisosteus osseus;NA;NA;NA
Lepisosteus	NA;Chordata;Actinopteri;Semionotiformes;Lepisosteidae;Lepisosteus;Lepisosteus osseus;NA;NA;NA
OR102585.1	NA;Chordata;Aves;Cuculiformes;Centropidae;Centropus;Centropus sinensis;NA;NA;NA
AP003195.2	NA;Chordata;Aves;Galliformes;Phasianidae;Coturnix;Coturnix japonica;NA;NA;NA
KY039434.1	NA;Chordata;Aves;Galliformes;Phasianidae;Gallus;Gallus gallus;NA;NA;NA
AP003321.1	NA;Chordata;Aves;Galliformes;Phasianidae;Gallus;Gallus gallus;Gallus gallus spadiceus;NA;NA
LC627430.1	NA;Chordata;Aves;Galliformes;Phasianidae;Gallus;Gallus gallus;NA;NA;NA
KM886936.1	NA;Chordata;Aves;Galliformes;Phasianidae;Gallus;Gallus gallus;NA;NA;NA
AY274004.1	NA;Chordata;Aves;Galliformes;Megapodiidae;Alectura;Alectura lathami;NA;NA;NA
AY164530.1	NA;Chordata;Aves;Anseriformes;Anatidae;Anser;Anser anser;NA;NA;NA
PX597782.1	NA;Chordata;Aves;Anseriformes;Anatidae;Cereopsis;Cereopsis novaehollandiae;NA;NA;NA
AP004808.1	NA;Chordata;Actinopteri;Elopiformes;Megalopidae;Megalops;Megalops atlanticus;NA;NA;NA
OP056926.2	NA;Chordata;Actinopteri;NA;Malacanthidae;Malacanthus;Malacanthus plumieri;NA;NA;NA
PZ237761.1	NA;Chordata;Actinopteri;Labriformes;Labridae;Halichoeres;Halichoeres hortulanus;NA;NA;NA
PZ237799.1	NA;Chordata;Actinopteri;NA;Malacanthidae;Malacanthus;Malacanthus latovittatus;NA;NA;NA
PV591957.1	NA;Chordata;Actinopteri;Siluriformes;Sisoridae;Chimarrichthys;Chimarrichthys kishinouyei;NA;NA;NA
KP342264.1	NA;Chordata;Actinopteri;Siluriformes;Sisoridae;Bagarius;Bagarius yarrelli;NA;NA;NA
AP011909.1	NA;Chordata;Actinopteri;Tetraodontiformes;Tetraodontidae;Colomesus;Colomesus asellus;NA;NA;NA
PZ319398.1	NA;Chordata;Actinopteri;Tetraodontiformes;Tetraodontidae;Canthigaster;Canthigaster janthinoptera;NA;NA;NA
AP019607.1	NA;Chordata;Actinopteri;Tetraodontiformes;Tetraodontidae;Arothron;Arothron stellatus;NA;NA;NA
LC586271.1	NA;Chordata;Actinopteri;Tetraodontiformes;Tetraodontidae;Pao;Pao suvattii;NA;NA;NA
AP011925.1	NA;Chordata;Actinopteri;Tetraodontiformes;Tetraodontidae;Pao;Pao cochinchinensis;NA;NA;NA
KF667490.1	NA;Chordata;Actinopteri;Tetraodontiformes;Tetraodontidae;Pao;Pao leiurus;NA;NA;NA
AP011911.1	NA;Chordata;Actinopteri;Tetraodontiformes;Tetraodontidae;Canthigaster;Canthigaster jactator;NA;NA;NA
AY700286.1	NA;Chordata;Actinopteri;Tetraodontiformes;Tetraodontidae;Canthigaster;Canthigaster amboinensis;NA;NA;NA
AY700281.1	NA;Chordata;Actinopteri;Tetraodontiformes;Tetraodontidae;Canthigaster;Canthigaster rostrata;NA;NA;NA
AP011912.1	NA;Chordata;Actinopteri;Tetraodontiformes;Tetraodontidae;Canthigaster;Canthigaster valentini;NA;NA;NA
LC771075.1	NA;Chordata;Actinopteri;Tetraodontiformes;Tetraodontidae;Canthigaster;Canthigaster inframacula;NA;NA;NA
AY700288.1	NA;Chordata;Actinopteri;Tetraodontiformes;Tetraodontidae;Canthigaster;Canthigaster bennetti;NA;NA;NA
AP006744.1	NA;Chordata;Actinopteri;Tetraodontiformes;Tetraodontidae;Canthigaster;Canthigaster rivulata;NA;NA;NA
OP056904.1	NA;Chordata;Actinopteri;Tetraodontiformes;Tetraodontidae;Canthigaster;Canthigaster jamestyleri;NA;NA;NA
AP011917.1	NA;Chordata;Actinopteri;Tetraodontiformes;Tetraodontidae;Auriglobus;Auriglobus modestus;NA;NA;NA
AP011918.1	NA;Chordata;Actinopteri;Tetraodontiformes;Tetraodontidae;Carinotetraodon;Carinotetraodon lorteti;NA;NA;NA
AP006743.1	NA;Chordata;Actinopteri;Tetraodontiformes;Tetraodontidae;Canthigaster;Canthigaster coronata;NA;NA;NA
AP011938.1	NA;Chordata;Actinopteri;Tetraodontiformes;Tetraodontidae;Pelagocephalus;Pelagocephalus marki;NA;NA;NA
Champsocephalus	NA;Kitrinoviricota;Magsaviricetes;Nodamuvirales;Nodaviridae;NA;Antarcticum noda-like virus;NA;NA;NA
LC138011.1	NA;Chordata;Actinopteri;Perciformes;Nototheniidae;Dissostichus;Dissostichus mawsoni;NA;NA;NA
AB723627.1	NA;Chordata;Actinopteri;Perciformes;Nototheniidae;Dissostichus;Dissostichus eleginoides;NA;NA;NA
FJ215055.1	NA;Chordata;Actinopteri;Gadiformes;Merlucciidae;Merluccius;Merluccius productus;NA;NA;NA
FJ215060.1	NA;Chordata;Actinopteri;Gadiformes;Merlucciidae;Merluccius;Merluccius australis;NA;NA;NA
FJ215054.1	NA;Chordata;Actinopteri;Gadiformes;Merlucciidae;Merluccius;Merluccius gayi;NA;NA;NA
AM931030.1	NA;Chordata;Actinopteri;Gadiformes;Merlucciidae;Merluccius;Merluccius merluccius;NA;NA;NA
FR751402.1	NA;Chordata;Actinopteri;Gadiformes;Merlucciidae;Merluccius;Merluccius merluccius;NA;NA;NA
AF149989.1	NA;Chordata;Actinopteri;Gadiformes;Merlucciidae;Merluccius;Merluccius bilinearis;NA;NA;NA
OR499726.1	NA;Chordata;Actinopteri;Gadiformes;Merlucciidae;Merluccius;Merluccius albidus;NA;NA;NA
PZ091031.1	NA;Chordata;Actinopteri;Gadiformes;Merlucciidae;Merluccius;Merluccius bilinearis;NA;NA;NA
MH377833.1	NA;Chordata;Actinopteri;Gadiformes;Merlucciidae;Merluccius;Merluccius bilinearis;NA;NA;NA
FJ215056.1	NA;Chordata;Actinopteri;Gadiformes;Merlucciidae;Merluccius;Merluccius bilinearis;NA;NA;NA
FJ215057.1	NA;Chordata;Actinopteri;Gadiformes;Merlucciidae;Merluccius;Merluccius polli;NA;NA;NA
AP011924.1	NA;Chordata;Actinopteri;Tetraodontiformes;Tetraodontidae;Leiodon;Leiodon cutcutia;NA;NA;NA
AB761267.1	NA;Chordata;Amphibia;Anura;Ranidae;Aquarana;Aquarana catesbeiana;NA;NA;NA
AM181016.1	NA;Chordata;Mammalia;Carnivora;Otariidae;Callorhinus;Callorhinus ursinus;NA;NA;NA
PZ319400.1	NA;Chordata;Actinopteri;Anguilliformes;Muraenidae;Channomuraena;Channomuraena vittata;NA;NA;NA
AY949369.1	NA;Chordata;Actinopteri;Perciformes;Serranidae;Epinephelus;Epinephelus marginatus;NA;NA;NA
Johnius	NA;Chordata;Actinopteri;NA;Sciaenidae;Johnius;Johnius belangerii;NA;NA;NA
PZ244817.1	NA;Chordata;Actinopteri;Labriformes;Labridae;Choerodon;Choerodon anchorago;NA;NA;NA
PX416064.1	NA;Chordata;Actinopteri;Siluriformes;Loricariidae;Guyanancistrus;Guyanancistrus niger;NA;NA;NA
KC196066.1	NA;Chordata;Amphibia;Anura;Dicroglossidae;Hoplobatrachus;Hoplobatrachus rugulosus;NA;NA;NA
AB273137.1	NA;Chordata;Amphibia;Anura;Dicroglossidae;Hoplobatrachus;Hoplobatrachus tigerinus;NA;NA;NA
AB273156.1	NA;Chordata;Amphibia;Anura;Dicroglossidae;Hoplobatrachus;Hoplobatrachus tigerinus;NA;NA;NA
AB273159.1	NA;Chordata;Amphibia;Anura;Dicroglossidae;Hoplobatrachus;Hoplobatrachus rugulosus;NA;NA;NA
Hoplobatrachus	NA;Chordata;Amphibia;Anura;Dicroglossidae;Hoplobatrachus;Hoplobatrachus rugulosus;NA;NA;NA
AB273161.1	NA;Chordata;Amphibia;Anura;Dicroglossidae;Hoplobatrachus;Hoplobatrachus rugulosus;NA;NA;NA
AB273160.1	NA;Chordata;Amphibia;Anura;Dicroglossidae;Hoplobatrachus;Hoplobatrachus rugulosus;NA;NA;NA
AB290431.1	NA;Chordata;Amphibia;Anura;Dicroglossidae;Hoplobatrachus;Hoplobatrachus rugulosus;NA;NA;NA
LC649138.1	NA;Chordata;Actinopteri;NA;Malacanthidae;Malacanthus;Malacanthus brevirostris;NA;NA;NA
KU877248.1	NA;Chordata;Actinopteri;Perciformes;Serranidae;Epinephelus;Epinephelus tauvina;NA;NA;NA
KP793738.1	NA;Chordata;Actinopteri;Scombriformes;Scombridae;Euthynnus;Euthynnus affinis;NA;NA;NA
KF182393.1	NA;Arthropoda;Malacostraca;Decapoda;Porcellanidae;Parapetrolisthes;Parapetrolisthes tortugensis;NA;NA;NA
NC_023480.1	NA;Arthropoda;Malacostraca;Decapoda;Parastacidae;Cherax;Cherax dispar;NA;NA;NA
Cherax_2	NA;Arthropoda;Malacostraca;Decapoda;Parastacidae;Cherax;Cherax quadricarinatus;NA;NA;NA
MK471284.1	NA;Arthropoda;Malacostraca;Decapoda;Pandalidae;Pandalus;Pandalus platyceros;NA;NA;NA
PX582194.1	NA;Chordata;Mammalia;Rodentia;Muridae;Rattus;Rattus rattus;NA;NA;NA
PX070006.1	NA;Chordata;Actinopteri;Lutjaniformes;Lutjanidae;Pristipomoides;Pristipomoides aquilonaris;NA;NA;NA
MZ504983.1	NA;Arthropoda;Insecta;Coleoptera;Dytiscidae;Cybister;Cybister brevis;NA;NA;NA
Albula	NA;Chordata;Actinopteri;Salmoniformes;Salmonidae;Coregonus;Coregonus albula;NA;NA;NA
AF187885.1	NA;Chordata;Mammalia;Diprotodontia;Macropodidae;Macropus;Macropus giganteus;NA;NA;NA
KC879597.1	NA;Cnidaria;Scyphozoa;Rhizostomeae;Stomolophidae;Stomolophus;Stomolophus meleagris;NA;NA;NA
PX022896.1	NA;Chordata;Actinopteri;Carangiformes;Carangidae;Caranx;Caranx hippos;NA;NA;NA
KC879585.1	NA;Cnidaria;Scyphozoa;Rhizostomeae;Stomolophidae;Stomolophus;Stomolophus meleagris;NA;NA;NA
AB120717.1	NA;Chordata;Actinopteri;Scombriformes;Scombridae;Scomber;Scomber scombrus;NA;NA;NA
AB102725.1	NA;Chordata;Actinopteri;Scombriformes;Scombridae;Scomber;Scomber australasicus;NA;NA;NA
PZ236375.1	NA;Chordata;Actinopteri;Mugiliformes;Mugilidae;Chelon;Chelon labrosus;NA;NA;NA
Anaspides	NA;Arthropoda;Malacostraca;Anaspidacea;Anaspididae;Paranaspides;Paranaspides williamsi;NA;NA;NA
Anaspides_1	NA;Arthropoda;Malacostraca;Anaspidacea;Anaspididae;Paranaspides;Paranaspides williamsi;NA;NA;NA
OP056859.2	NA;Chordata;Actinopteri;Perciformes;Serranidae;Serranus;Serranus baldwini;NA;NA;NA
AP011923.1	NA;Chordata;Actinopteri;Tetraodontiformes;Tetraodontidae;Tetraodon;Tetraodon mbu;NA;NA;NA
OP057016.1	NA;Chordata;Actinopteri;Labriformes;Labridae;Cryptotomus;Cryptotomus roseus;NA;NA;NA
EU921696.1	NA;Chordata;Actinopteri;Anguilliformes;Muraenidae;Gymnothorax;Gymnothorax unicolor;NA;NA;NA
NC_083168.1	NA;Chordata;Actinopteri;NA;Sphyraenidae;Sphyraena;Sphyraena borealis;NA;NA;NA
AY949357.1	NA;Chordata;Actinopteri;Perciformes;Serranidae;Cephalopholis;Cephalopholis argus;NA;NA;NA
PZ234018.1	NA;Chordata;Actinopteri;Labriformes;Labridae;Scarus;Scarus niger;NA;NA;NA
PZ234022.1	NA;Chordata;Actinopteri;Labriformes;Labridae;Scarus;Scarus flavipectoralis;NA;NA;NA
PV743143.1	NA;Chordata;Actinopteri;Labriformes;Labridae;Chlorurus;Chlorurus japanensis;NA;NA;NA
OP056940.1	NA;Chordata;Actinopteri;Labriformes;Labridae;Scarus;Scarus coeruleus;NA;NA;NA
EU601194.1	NA;Chordata;Actinopteri;Labriformes;Labridae;Scarus;Scarus coelestinus;NA;NA;NA
LC506639.2	NA;Chordata;Actinopteri;Labriformes;Labridae;Scarus;Scarus ovifrons;NA;NA;NA
PZ160636.1	NA;Chordata;Actinopteri;Labriformes;Labridae;Scarus;Scarus rivulatus;NA;NA;NA
OP035141.1	NA;Chordata;Actinopteri;Labriformes;Labridae;Scarus;Scarus psittacus;NA;NA;NA
PZ311017.1	NA;Chordata;Actinopteri;Labriformes;Labridae;Scarus;Scarus vetula;NA;NA;NA
PZ234029.1	NA;Chordata;Actinopteri;Labriformes;Labridae;Scarus;Scarus prasiognathos;NA;NA;NA
PZ234021.1	NA;Chordata;Actinopteri;Labriformes;Labridae;Chlorurus;Chlorurus bowersi;NA;NA;NA
EU601215.1	NA;Chordata;Actinopteri;Labriformes;Labridae;Scarus;Scarus taeniopterus;NA;NA;NA
PZ234031.1	NA;Chordata;Actinopteri;Labriformes;Labridae;Chlorurus;Chlorurus frontalis;NA;NA;NA
OP035255.2	NA;Chordata;Actinopteri;Labriformes;Labridae;Chlorurus;Chlorurus spilurus;NA;NA;NA
Scarus	NA;Chordata;Actinopteri;Labriformes;Labridae;Scarus;Scarus ghobban;NA;NA;NA
PZ234025.1	NA;Chordata;Actinopteri;Labriformes;Labridae;Scarus;Scarus altipinnis;NA;NA;NA
KJ569773.1	NA;Chordata;Actinopteri;Scombriformes;Stromateidae;Pampus;Pampus argenteus;NA;NA;NA
KM288588.1	NA;Chordata;Actinopteri;Scombriformes;Stromateidae;Pampus;Pampus sp. Li et al., 2014;NA;NA;NA
OR538383.1	NA;Chordata;Actinopteri;Scombriformes;Stromateidae;Pampus;Pampus cinereus;NA;NA;NA
KJ418377.1	NA;Chordata;Actinopteri;Scombriformes;Stromateidae;Pampus;Pampus chinensis;NA;NA;NA
AP012516.1	NA;Chordata;Actinopteri;Scombriformes;Stromateidae;Pampus;Pampus punctatissimus;NA;NA;NA
KP256005.1	NA;Chordata;Actinopteri;Scombriformes;Stromateidae;Pampus;Pampus minor;NA;NA;NA
OR575617.1	NA;Chordata;Actinopteri;Labriformes;Labridae;Wetmorella;Wetmorella albofasciata;NA;NA;NA
LC506688.2	NA;Chordata;Actinopteri;Labriformes;Labridae;Stethojulis;Stethojulis trilineata;NA;NA;NA
AP014532.1	NA;Chordata;Actinopteri;Centrarchiformes;Percichthyidae;Maccullochella;Maccullochella peelii;NA;NA;NA
LC669544.1	NA;Chordata;Actinopteri;Perciformes;Anthiadidae;Caprodon;Caprodon schlegelii;NA;NA;NA
Albatrossia	NA;Chordata;Actinopteri;Gadiformes;Macrouridae;Albatrossia;Albatrossia pectoralis;NA;NA;NA
MH248195.1	NA;Chordata;Actinopteri;Scombriformes;Scombridae;Scomberomorus;Scomberomorus commerson;NA;NA;NA
OP056914.2	NA;Chordata;Actinopteri;Clupeiformes;Clupeidae;Harengula;Harengula humeralis;NA;NA;NA
EU601219.1	NA;Chordata;Actinopteri;Labriformes;Labridae;Sparisoma;Sparisoma viride;NA;NA;NA
AY279645.1	NA;Chordata;Actinopteri;Labriformes;Labridae;Sparisoma;Sparisoma chrysopterum;NA;NA;NA
OP056868.2	NA;Chordata;Actinopteri;Labriformes;Labridae;Sparisoma;Sparisoma rubripinne;NA;NA;NA
OP056872.1	NA;Chordata;Actinopteri;Labriformes;Labridae;Sparisoma;Sparisoma aurofrenatum;NA;NA;NA
PZ234013.1	NA;Chordata;Actinopteri;Labriformes;Labridae;Hipposcarus;Hipposcarus longiceps;NA;NA;NA
LC781951.1	NA;Chordata;Actinopteri;NA;Sphyraenidae;Sphyraena;Sphyraena japonica;NA;NA;NA
AY279582.1	NA;Chordata;Actinopteri;Labriformes;Labridae;Cheilinus;Cheilinus undulatus;NA;NA;NA
PZ133641.1	NA;Chordata;Actinopteri;Labriformes;Labridae;Cheilinus;Cheilinus chlorourus;NA;NA;NA
NC_065150.1	NA;Chordata;Actinopteri;Labriformes;Labridae;Cheilinus;Cheilinus trilobatus;NA;NA;NA
LC925641.1	NA;Chordata;Actinopteri;Labriformes;Labridae;Epibulus;Epibulus insidiator;NA;NA;NA
OP035312.1	NA;Chordata;Actinopteri;Labriformes;Labridae;Oxycheilinus;Oxycheilinus unifasciatus;NA;NA;NA
MN399858.1	NA;Chordata;Actinopteri;Labriformes;Labridae;Oxycheilinus;Oxycheilinus unifasciatus;NA;NA;NA
LC830265.1	NA;Chordata;Actinopteri;Lutjaniformes;Lutjanidae;Pristipomoides;Pristipomoides sieboldii;NA;NA;NA
OR582705.1	NA;Chordata;Actinopteri;Perciformes;Serranidae;Serranus;Serranus annularis;NA;NA;NA
AY949392.1	NA;Chordata;Actinopteri;Perciformes;Anthiadidae;Hemanthias;Hemanthias leptus;NA;NA;NA
PX987572.1	NA;Chordata;Actinopteri;Perciformes;Serranidae;Serranus;Serranus tigrinus;NA;NA;NA
Antigonia	NA;Chordata;Actinopteri;Caproiformes;Caproidae;Antigonia;Antigonia capros;NA;NA;NA
Antigonia_1	NA;Chordata;Actinopteri;Caproiformes;Caproidae;Antigonia;Antigonia capros;NA;NA;NA
LC640035.1	NA;Chordata;Actinopteri;Polymixiiformes;Polymixiidae;Polymixia;Polymixia berndti;NA;NA;NA
PZ244821.1	NA;Chordata;Actinopteri;Labriformes;Labridae;Oxycheilinus;Oxycheilinus celebicus;NA;NA;NA
OP056882.1	NA;Chordata;Actinopteri;Scombriformes;Stromateidae;Peprilus;Peprilus paru;NA;NA;NA
AY949393.1	NA;Chordata;Actinopteri;Perciformes;Anthiadidae;Hemanthias;Hemanthias peruanus;NA;NA;NA
PX430108.1	NA;Chordata;Actinopteri;Aulopiformes;Synodontidae;Harpadon;Harpadon nehereus;NA;NA;NA
JX534239.1	NA;Chordata;Actinopteri;Aulopiformes;Synodontidae;Harpadon;Harpadon nehereus;NA;NA;NA
PX430357.1	NA;Chordata;Actinopteri;Aulopiformes;Synodontidae;Saurida;Saurida tumbil;NA;NA;NA
AP011557.1	NA;Chordata;Actinopteri;Clupeiformes;Engraulidae;Anchoviella;Anchoviella sp. LBP 2297;NA;NA;NA
NC_037707.1	NA;Chordata;Actinopteri;Labriformes;Labridae;Cheilinus;Cheilinus fasciatus;NA;NA;NA
Alligator	NA;Chordata;NA;Crocodylia;Alligatoridae;Alligator;Alligator mississippiensis;NA;NA;NA
PZ310817.1	NA;Chordata;Actinopteri;NA;Sphyraenidae;Sphyraena;Sphyraena forsteri;NA;NA;NA
LC776890.1	NA;Chordata;Actinopteri;Labriformes;Labridae;Leptoscarus;Leptoscarus vaigiensis;NA;NA;NA
AB355908.1	NA;Chordata;Actinopteri;Carangiformes;Coryphaenidae;Coryphaena;Coryphaena hippurus;NA;NA;NA
FJ374797.1	NA;Chordata;Actinopteri;Carangiformes;Coryphaenidae;Coryphaena;Coryphaena equiselis;NA;NA;NA
AB355907.1	NA;Chordata;Actinopteri;Carangiformes;Coryphaenidae;Coryphaena;Coryphaena equiselis;NA;NA;NA
MH248237.1	NA;Chordata;Actinopteri;Syngnathiformes;Mullidae;Mulloidichthys;Mulloidichthys flavolineatus;NA;NA;NA
OP035220.2	NA;Chordata;Actinopteri;Lutjaniformes;Lutjanidae;Aprion;Aprion virescens;NA;NA;NA
AB355912.1	NA;Chordata;Actinopteri;Lobotiformes;Lobotidae;Lobotes;Lobotes surinamensis;NA;NA;NA
PV814553.1	NA;Chordata;Actinopteri;Lobotiformes;Lobotidae;Lobotes;Lobotes pacificus;NA;NA;NA
AP006803.1	NA;Chordata;Actinopteri;NA;Sillaginidae;Sillago;Sillago japonica;NA;NA;NA
ON598399.1	NA;Chordata;Actinopteri;Perciformes;Serranidae;Chelidoperca;Chelidoperca sp.;NA;NA;NA
ON598396.1	NA;Chordata;Actinopteri;Perciformes;Serranidae;Chelidoperca;Chelidoperca stella;NA;NA;NA
AP012490.1	NA;Chordata;Actinopteri;NA;Malacanthidae;Hoplolatilus;Hoplolatilus cuniculus;NA;NA;NA
AY313982.1	NA;Chordata;Actinopteri;Perciformes;Serranidae;Alphestes;Alphestes afer;NA;NA;NA
OP035237.1	NA;Chordata;Actinopteri;Centrarchiformes;Kuhliidae;Kuhlia;Kuhlia sandvicensis;NA;NA;NA
PZ310906.1	NA;Chordata;Actinopteri;Centrarchiformes;Kuhliidae;Kuhlia;Kuhlia rupestris;NA;NA;NA
PZ123358.1	NA;Chordata;Actinopteri;NA;Sphyraenidae;Sphyraena;Sphyraena putnamae;NA;NA;NA
PX430420.1	NA;Chordata;Actinopteri;NA;Sphyraenidae;Sphyraena;Sphyraena putnamae;NA;NA;NA
MH248196.1	NA;Chordata;Actinopteri;NA;Sphyraenidae;Sphyraena;Sphyraena qenie;NA;NA;NA
PX430417.1	NA;Chordata;Actinopteri;NA;Sphyraenidae;Sphyraena;Sphyraena putnamae;NA;NA;NA
PX430418.1	NA;Chordata;Actinopteri;NA;Sphyraenidae;Sphyraena;Sphyraena putnamae;NA;NA;NA
AP006828.1	NA;Chordata;Actinopteri;NA;Sphyraenidae;Sphyraena;Sphyraena barracuda;NA;NA;NA
LC774590.1	NA;Chordata;Actinopteri;NA;Sphyraenidae;Sphyraena;Sphyraena forsteri;NA;NA;NA
NC_088028.1	NA;Chordata;Actinopteri;NA;Sphyraenidae;Sphyraena;Sphyraena guachancho;NA;NA;NA
PQ628830.1	NA;Chordata;Actinopteri;NA;Sphyraenidae;Sphyraena;Sphyraena guachancho;NA;NA;NA
PZ284808.1	NA;Chordata;Actinopteri;Labriformes;Labridae;Nicholsina;Nicholsina usta;NA;NA;NA
Bolbometopon	NA;Chordata;Actinopteri;Labriformes;Labridae;Bolbometopon;Bolbometopon muricatum;NA;NA;NA
EU601179.1	NA;Chordata;Actinopteri;Labriformes;Labridae;Calotomus;Calotomus carolinus;NA;NA;NA
PZ311002.1	NA;Chordata;Actinopteri;Labriformes;Labridae;Calotomus;Calotomus spinidens;NA;NA;NA
JQ639060.1	NA;Chordata;Actinopteri;Pleuronectiformes;Soleidae;Heteromycteris;Heteromycteris japonicus;NA;NA;NA
AB355906.1	NA;Chordata;Actinopteri;Carangiformes;Rachycentridae;Rachycentron;Rachycentron canadum;NA;NA;NA
LC635097.1	NA;Chordata;Actinopteri;Pleuronectiformes;Soleidae;Heteromycteris;Heteromycteris japonicus;NA;NA;NA
PV454012.1	NA;Chordata;Actinopteri;NA;Pomacanthidae;Pomacanthus;Pomacanthus paru;NA;NA;NA
Lepophidium	NA;Chordata;Actinopteri;Ophidiiformes;Ophidiidae;Lepophidium;Lepophidium entomelan;NA;NA;NA
EF616900.1	NA;Chordata;Actinopteri;NA;Pomacanthidae;Pomacanthus;Pomacanthus arcuatus;NA;NA;NA
AY949405.1	NA;Chordata;Actinopteri;Perciformes;Serranidae;Hyporthodus;Hyporthodus nigritus;NA;NA;NA
AP006790.1	NA;Chordata;Actinopteri;NA;Moronidae;Morone;Morone americana;NA;NA;NA
AP014533.1	NA;Chordata;Actinopteri;Centrarchiformes;Percichthyidae;Macquaria;Macquaria ambigua;NA;NA;NA
AY372812.1	NA;Chordata;Actinopteri;NA;Moronidae;Morone;Morone chrysops;NA;NA;NA
AF055589.1	NA;Chordata;Actinopteri;NA;Moronidae;Morone;Morone chrysops;NA;NA;NA
PP467784.1	NA;Chordata;Actinopteri;NA;Moronidae;Dicentrarchus;Dicentrarchus labrax;NA;NA;NA
HM447585.1	NA;Chordata;Actinopteri;NA;Moronidae;Morone;Morone saxatilis;NA;NA;NA
AB969882.2	NA;Chordata;Actinopteri;Beryciformes;Berycidae;Beryx;Beryx decadactylus;NA;NA;NA
DQ996312.1	NA;Chordata;Actinopteri;Beryciformes;Berycidae;Beryx;Beryx splendens;NA;NA;NA
Beryx	NA;Chordata;Actinopteri;Beryciformes;Berycidae;Beryx;Beryx splendens;NA;NA;NA
AY949342.1	NA;Chordata;Actinopteri;Perciformes;Serranidae;Hyporthodus;Hyporthodus niphobles;NA;NA;NA
PZ315205.1	NA;Chordata;Actinopteri;Perciformes;Serranidae;Hyporthodus;Hyporthodus niphobles;NA;NA;NA
Dermatolepis	NA;Chordata;Actinopteri;Perciformes;Serranidae;Dermatolepis;Dermatolepis inermis;NA;NA;NA
AY313979.1	NA;Chordata;Actinopteri;Perciformes;Serranidae;Dermatolepis;Dermatolepis inermis;NA;NA;NA
KM257722.1	NA;Chordata;Actinopteri;NA;Sciaenidae;Protonibea;Protonibea diacanthus;NA;NA;NA
MH377768.1	NA;Chordata;Actinopteri;NA;Sciaenidae;Bairdiella;Bairdiella chrysoura;NA;NA;NA
PX415737.1	NA;Chordata;Actinopteri;Siluriformes;Callichthyidae;Callichthys;Callichthys callichthys;NA;NA;NA
DQ283319.1	NA;Chordata;NA;Crocodylia;Alligatoridae;Alligator;Alligator sinensis;NA;NA;NA
AF511507.1	NA;Chordata;NA;Crocodylia;Alligatoridae;Alligator;Alligator sinensis;NA;NA;NA
KY056640.1	NA;Chordata;Hyperoartia;Petromyzontiformes;Petromyzontidae;Ichthyomyzon;Ichthyomyzon gagei;NA;NA;NA
DQ889860.1	NA;Chordata;Hyperoartia;Petromyzontiformes;Petromyzontidae;Ichthyomyzon;Ichthyomyzon unicuspis;NA;NA;NA
AF027986.2	NA;Chordata;Mammalia;Diprotodontia;Macropodidae;Notamacropus;Notamacropus agilis;NA;NA;NA
KF701113.1	NA;Chordata;Hyperoartia;Petromyzontiformes;Petromyzontidae;Lethenteron;Lethenteron camtschaticum;NA;NA;NA
KP742974.1	NA;Chordata;Hyperoartia;Petromyzontiformes;Petromyzontidae;Lampetra;Lampetra aepyptera;NA;NA;NA
AB565771.1	NA;Chordata;Hyperoartia;Petromyzontiformes;Petromyzontidae;Lethenteron;Lethenteron reissneri;NA;NA;NA
LC875818.1	NA;Chordata;Hyperoartia;Petromyzontiformes;Petromyzontidae;Lethenteron;Lethenteron satoi;NA;NA;NA
Muraenesox	NA;Chordata;Actinopteri;Anguilliformes;Muraenesocidae;Muraenesox;Muraenesox cinereus;NA;NA;NA
KF681795.1	NA;Chordata;Actinopteri;Anguilliformes;Muraenesocidae;Muraenesox;Muraenesox cinereus;NA;NA;NA
AF417318.1	NA;Chordata;Actinopteri;Anguilliformes;Muraenesocidae;Muraenesox;Muraenesox cinereus;NA;NA;NA
MZ593775.1	NA;Chordata;Actinopteri;Anguilliformes;Muraenidae;Gymnothorax;Gymnothorax miliaris;NA;NA;NA
MZ593777.1	NA;Chordata;Actinopteri;Anguilliformes;Muraenidae;Gymnothorax;Gymnothorax miliaris;NA;NA;NA
EU921684.1	NA;Chordata;Actinopteri;Anguilliformes;Muraenidae;Gymnothorax;Gymnothorax miliaris;NA;NA;NA
Gymnothorax_1	NA;Chordata;Actinopteri;Anguilliformes;Muraenidae;Gymnothorax;Gymnothorax vicinus;NA;NA;NA
EU921685.1	NA;Chordata;Actinopteri;Anguilliformes;Muraenidae;Gymnothorax;Gymnothorax miliaris;NA;NA;NA
OP056864.2	NA;Chordata;Actinopteri;Anguilliformes;Muraenidae;Gymnothorax;Gymnothorax funebris;NA;NA;NA
EU921681.1	NA;Chordata;Actinopteri;Anguilliformes;Muraenidae;Muraena;Muraena helena;NA;NA;NA
EU921687.1	NA;Chordata;Actinopteri;Anguilliformes;Muraenidae;Enchelycore;Enchelycore anatina;NA;NA;NA
MW145336.1	NA;Chordata;Actinopteri;Anguilliformes;Muraenidae;Gymnothorax;Gymnothorax javanicus;NA;NA;NA
LC421705.2	NA;Chordata;Actinopteri;Labriformes;Labridae;Halichoeres;Halichoeres hartzfeldii;NA;NA;NA
AF231542.1	NA;Chordata;Actinopteri;Beloniformes;Belonidae;Strongylura;Strongylura exilis;NA;NA;NA
PV814585.1	NA;Chordata;Actinopteri;Beloniformes;Belonidae;Strongylura;Strongylura exilis;NA;NA;NA
MH204885.1	NA;Chordata;Actinopteri;Aulopiformes;Synodontidae;Harpadon;Harpadon nehereus;NA;NA;NA
KT221831.1	NA;Chordata;Mammalia;Perissodactyla;Equidae;Equus;Equus caballus;NA;NA;NA
MN187576.1	NA;Chordata;Mammalia;Perissodactyla;Equidae;Equus;Equus caballus;NA;NA;NA
MK100122.1	NA;Chordata;Mammalia;Perissodactyla;Equidae;Equus;Equus caballus;NA;NA;NA
Equus	NA;Chordata;Mammalia;Perissodactyla;Equidae;Equus;Equus caballus;NA;NA;NA
KT221836.1	NA;Chordata;Mammalia;Perissodactyla;Equidae;Equus;Equus caballus;NA;NA;NA
KC879586.1	NA;Cnidaria;Scyphozoa;Rhizostomeae;Stomolophidae;Stomolophus;Stomolophus meleagris;NA;NA;NA
KJ468671.1	NA;Chordata;Actinopteri;Gerreiformes;Gerreidae;Diapterus;Diapterus auratus;NA;NA;NA
KC879588.1	NA;Cnidaria;Scyphozoa;Rhizostomeae;Stomolophidae;Stomolophus;Stomolophus meleagris;NA;NA;NA
KT067847.1	NA;Chordata;Actinopteri;Gerreiformes;Gerreidae;Eugerres;Eugerres plumieri;NA;NA;NA
MK471277.1	NA;Arthropoda;Malacostraca;Decapoda;Pandalidae;Pandalus;Pandalus borealis;NA;NA;NA
KY815321.1	NA;Chordata;Actinopteri;Labriformes;Labridae;Oxycheilinus;Oxycheilinus orientalis;NA;NA;NA
DQ645662.1	NA;Chordata;Actinopteri;Anguilliformes;Congridae;Ariosoma;Ariosoma balearicum;NA;NA;NA
PV460831.1	NA;Chordata;Actinopteri;Anguilliformes;Congridae;Ariosoma;Ariosoma balearicum;NA;NA;NA
KX298713.1	NA;Chordata;Actinopteri;Perciformes;Serranidae;Plectropomus;Plectropomus areolatus;NA;NA;NA
KU877251.1	NA;Chordata;Actinopteri;Perciformes;Serranidae;Epinephelus;Epinephelus radiatus;NA;NA;NA
