Feature ID	Taxon
NC_079822.1	Eukaryota;Streptophyta;Magnoliopsida;Sapindales;Rutaceae;Citrus;(Citrus unshiu x Citrus sinensis) x Citrus reticulata;NA;NA;NA
NC_035234.1	Eukaryota;Streptophyta;Magnoliopsida;Malvales;Malvaceae;Abelmoschus;Abelmoschus esculentus;NA;NA;NA
NC_053353.1	Eukaryota;Streptophyta;Magnoliopsida;Malvales;Malvaceae;Abelmoschus;Abelmoschus manihot;NA;NA;NA
OZ461229.1	Eukaryota;Streptophyta;Magnoliopsida;Malvales;Malvaceae;Abutilon;Abutilon indicum;NA;NA;NA
OZ461234.1	Eukaryota;Streptophyta;Magnoliopsida;Malvales;Malvaceae;Abutilon;Abutilon indicum;NA;NA;NA
HQ696727.1	Eukaryota;Streptophyta;Magnoliopsida;Malvales;Malvaceae;Abutilon;Abutilon theophrasti;NA;NA;NA
NC_053702.1	Eukaryota;Streptophyta;Magnoliopsida;Malvales;Malvaceae;Abutilon;Abutilon theophrasti;NA;NA;NA
EU440012.1	Eukaryota;Streptophyta;Magnoliopsida;Fabales;Fabaceae;Acacia;Acacia aneura;NA;NA;NA
JF420505.1	Eukaryota;Streptophyta;Magnoliopsida;Fabales;Fabaceae;Acacia;Acacia aneura;NA;NA;NA
KC957945.1	Eukaryota;Streptophyta;Magnoliopsida;Fabales;Fabaceae;Acacia;Acacia aneura;NA;NA;NA
KF048216.1	Eukaryota;Streptophyta;Magnoliopsida;Fabales;Fabaceae;Acacia;Acacia aneura;NA;Acacia aneura var. aneura;NA
JF420494.1	Eukaryota;Streptophyta;Magnoliopsida;Fabales;Fabaceae;Acacia;Acacia cultriformis;NA;NA;NA
KC958166.1	Eukaryota;Streptophyta;Magnoliopsida;Fabales;Fabaceae;Acacia;Acacia cultriformis;NA;NA;NA
KC958259.1	Eukaryota;Streptophyta;Magnoliopsida;Fabales;Fabaceae;Acacia;Acacia cultriformis;NA;NA;NA
JF420460.1	Eukaryota;Streptophyta;Magnoliopsida;Fabales;Fabaceae;Acacia;Acacia cyclops;NA;NA;NA
KC957866.1	Eukaryota;Streptophyta;Magnoliopsida;Fabales;Fabaceae;Acacia;Acacia kempeana;NA;NA;NA
AF195698.1	Eukaryota;Streptophyta;Magnoliopsida;Fabales;Fabaceae;Acacia;Acacia longifolia;NA;NA;NA
KC958105.1	Eukaryota;Streptophyta;Magnoliopsida;Fabales;Fabaceae;Acacia;Acacia longifolia;Acacia longifolia subsp. longifolia;NA;NA
JF420531.1	Eukaryota;Streptophyta;Magnoliopsida;Fabales;Fabaceae;Acacia;Acacia murrayana;NA;NA;NA
KC957857.1	Eukaryota;Streptophyta;Magnoliopsida;Fabales;Fabaceae;Acacia;Acacia murrayana;NA;NA;NA
JQ248862.1	Eukaryota;Streptophyta;Magnoliopsida;Fabales;Fabaceae;Acacia;Acacia victoriae;NA;NA;NA
KC958213.1	Eukaryota;Streptophyta;Magnoliopsida;Fabales;Fabaceae;Acacia;Acacia victoriae;Acacia victoriae subsp. arida;NA;NA
DQ099921.1	Eukaryota;Streptophyta;Magnoliopsida;Caryophyllales;Cactaceae;Acanthocereus;Acanthocereus tetragonus;NA;NA;NA
HM041223.1	Eukaryota;Streptophyta;Magnoliopsida;Caryophyllales;Cactaceae;Acanthocereus;Acanthocereus tetragonus;NA;NA;NA
NC_087602.1	Eukaryota;Streptophyta;Magnoliopsida;Sapindales;Sapindaceae;Acer;Acer caudatum;NA;NA;NA
DQ978524.1	Eukaryota;Streptophyta;Magnoliopsida;Sapindales;Sapindaceae;Acer;Acer caudatum;Acer caudatum subsp. multiserratum;NA;NA
NC_056205.1	Eukaryota;Streptophyta;Magnoliopsida;Sapindales;Sapindaceae;Acer;Acer circinatum;NA;NA;NA
NC_056209.1	Eukaryota;Streptophyta;Magnoliopsida;Sapindales;Sapindaceae;Acer;Acer distylum;NA;NA;NA
NC_056212.1	Eukaryota;Streptophyta;Magnoliopsida;Sapindales;Sapindaceae;Acer;Acer grandidentatum;NA;NA;NA
NC_056217.1	Eukaryota;Streptophyta;Magnoliopsida;Sapindales;Sapindaceae;Acer;Acer macrophyllum;NA;NA;NA
NC_051957.1	Eukaryota;Streptophyta;Magnoliopsida;Sapindales;Sapindaceae;Acer;Acer negundo;NA;NA;NA
NC_056224.1	Eukaryota;Streptophyta;Magnoliopsida;Sapindales;Sapindaceae;Acer;Acer pensylvanicum;NA;NA;NA
HQ323814.1	Eukaryota;Streptophyta;Magnoliopsida;Sapindales;Sapindaceae;Acer;Acer pseudoplatanus;NA;NA;NA
NC_087587.1	Eukaryota;Streptophyta;Magnoliopsida;Sapindales;Sapindaceae;Acer;Acer pseudoplatanus;NA;NA;NA
AF401182.1	Eukaryota;Streptophyta;Magnoliopsida;Sapindales;Sapindaceae;Acer;Acer rubrum;NA;NA;NA
NC_056228.1	Eukaryota;Streptophyta;Magnoliopsida;Sapindales;Sapindaceae;Acer;Acer saccharinum;NA;NA;NA
AF401173.1	Eukaryota;Streptophyta;Magnoliopsida;Sapindales;Sapindaceae;Acer;Acer saccharum;NA;NA;NA
EU721272.1	Eukaryota;Streptophyta;Magnoliopsida;Sapindales;Sapindaceae;Acer;Acer saccharum;NA;NA;NA
NC_051960.1	Eukaryota;Streptophyta;Magnoliopsida;Sapindales;Sapindaceae;Acer;Acer saccharum;NA;NA;NA
DQ989582.1	Eukaryota;Streptophyta;Magnoliopsida;Sapindales;Sapindaceae;Acer;Acer saccharum;Acer saccharum subsp. leucoderme;NA;NA
DQ978560.1	Eukaryota;Streptophyta;Magnoliopsida;Sapindales;Sapindaceae;Acer;Acer saccharum;Acer saccharum subsp. nigrum;NA;NA
AF401195.1	Eukaryota;Streptophyta;Magnoliopsida;Sapindales;Sapindaceae;Acer;Acer spicatum;NA;NA;NA
AF401196.1	Eukaryota;Streptophyta;Magnoliopsida;Sapindales;Sapindaceae;Acer;Acer tataricum;Acer tataricum subsp. ginnala;NA;NA
AY603266.1	Eukaryota;Streptophyta;Magnoliopsida;Asterales;Asteraceae;Achillea;Achillea millefolium;NA;NA;NA
HQ323815.1	Eukaryota;Streptophyta;Magnoliopsida;Asterales;Asteraceae;Achillea;Achillea millefolium;NA;NA;NA
KP208325.1	Eukaryota;Streptophyta;Magnoliopsida;Asterales;Asteraceae;Achillea;Achillea millefolium;NA;NA;NA
NC_062413.1	Eukaryota;Streptophyta;Magnoliopsida;Asterales;Asteraceae;Achillea;Achillea millefolium;NA;NA;NA
EU129015.1	Eukaryota;Streptophyta;Magnoliopsida;Asterales;Asteraceae;Achillea;Achillea millefolium;Achillea millefolium subsp. borealis;NA;NA
AY603281.1	Eukaryota;Streptophyta;Magnoliopsida;Asterales;Asteraceae;Achillea;Achillea millefolium;Achillea millefolium subsp. ceretanica;NA;NA
AY603267.1	Eukaryota;Streptophyta;Magnoliopsida;Asterales;Asteraceae;Achillea;Achillea millefolium;Achillea millefolium subsp. sudetica;NA;NA
AY603286.1	Eukaryota;Streptophyta;Magnoliopsida;Asterales;Asteraceae;Achillea;Achillea millefolium;Achillea millefolium subsp. millefolium;Achillea millefolium var. alpicola;NA
EU129001.1	Eukaryota;Streptophyta;Magnoliopsida;Asterales;Asteraceae;Achillea;Achillea millefolium;Achillea millefolium subsp. millefolium;Achillea millefolium var. arenicola;NA
EU129021.1	Eukaryota;Streptophyta;Magnoliopsida;Asterales;Asteraceae;Achillea;Achillea millefolium;Achillea millefolium subsp. millefolium;Achillea millefolium var. californica;NA
EU129025.1	Eukaryota;Streptophyta;Magnoliopsida;Asterales;Asteraceae;Achillea;Achillea millefolium;Achillea millefolium subsp. millefolium;Achillea millefolium var. gigantea;NA
EU129027.1	Eukaryota;Streptophyta;Magnoliopsida;Asterales;Asteraceae;Achillea;Achillea millefolium;Achillea millefolium subsp. millefolium;Achillea millefolium var. lanulosa;NA
EU129041.1	Eukaryota;Streptophyta;Magnoliopsida;Asterales;Asteraceae;Achillea;Achillea millefolium;Achillea millefolium subsp. millefolium;Achillea millefolium var. litoralis;NA
EU128989.1	Eukaryota;Streptophyta;Magnoliopsida;Asterales;Asteraceae;Achillea;Achillea millefolium;Achillea millefolium subsp. millefolium;Achillea millefolium var. millefolium;NA
EU129061.1	Eukaryota;Streptophyta;Magnoliopsida;Asterales;Asteraceae;Achillea;Achillea millefolium;Achillea millefolium subsp. millefolium;Achillea millefolium var. pacifica;NA
EU129075.1	Eukaryota;Streptophyta;Magnoliopsida;Asterales;Asteraceae;Achillea;Achillea millefolium;Achillea millefolium subsp. millefolium;Achillea millefolium var. puberula;NA
NC_037084.1	Eukaryota;Streptophyta;Magnoliopsida;Arecales;Arecaceae;Acrocomia;Acrocomia aculeata;NA;NA;NA
JN102166.1	Eukaryota;Streptophyta;Magnoliopsida;Ericales;Actinidiaceae;Actinidia;Actinidia arguta;NA;NA;NA
NC_034913.1	Eukaryota;Streptophyta;Magnoliopsida;Ericales;Actinidiaceae;Actinidia;Actinidia arguta;NA;NA;NA
LC568625.1	Eukaryota;Streptophyta;Magnoliopsida;Ericales;Actinidiaceae;Actinidia;Actinidia arguta;NA;Actinidia arguta var. arguta;NA
NC_026690.1	Eukaryota;Streptophyta;Magnoliopsida;Ericales;Actinidiaceae;Actinidia;Actinidia chinensis;NA;NA;NA
NC_026691.1	Eukaryota;Streptophyta;Magnoliopsida;Ericales;Actinidiaceae;Actinidia;Actinidia deliciosa;NA;NA;NA
NC_034915.1	Eukaryota;Streptophyta;Magnoliopsida;Ericales;Actinidiaceae;Actinidia;Actinidia kolomikta;NA;NA;NA
NC_031186.1	Eukaryota;Streptophyta;Magnoliopsida;Ericales;Actinidiaceae;Actinidia;Actinidia polygama;NA;NA;NA
AY328150.1	Eukaryota;Streptophyta;Magnoliopsida;Malvales;Malvaceae;Adansonia;Adansonia digitata;NA;NA;NA
HQ696740.1	Eukaryota;Streptophyta;Magnoliopsida;Malvales;Malvaceae;Adansonia;Adansonia gregorii;NA;NA;NA
AF278486.1	Eukaryota;Streptophyta;Magnoliopsida;Fabales;Fabaceae;Adenanthera;Adenanthera pavonina;NA;NA;NA
NC_067833.1	Eukaryota;Streptophyta;Magnoliopsida;Arecales;Arecaceae;Adonidia;Adonidia merrillii;NA;NA;NA
AY295294.1	Eukaryota;Streptophyta;Magnoliopsida;Sapindales;Rutaceae;Aegle;Aegle marmelos;NA;NA;NA
HM163756.1	Eukaryota;Streptophyta;Magnoliopsida;Sapindales;Rutaceae;Aegle;Aegle marmelos;NA;NA;NA
FJ848655.1	Eukaryota;Streptophyta;Magnoliopsida;Zingiberales;Zingiberaceae;Aframomum;Aframomum melegueta;NA;NA;NA
MH497226.1	Eukaryota;Streptophyta;Magnoliopsida;Zingiberales;Zingiberaceae;Aframomum;Aframomum melegueta;NA;NA;NA
AY506626.1	Eukaryota;Streptophyta;Magnoliopsida;Lamiales;Lamiaceae;Agastache;Agastache foeniculum;NA;NA;NA
OR199221.1	Eukaryota;Streptophyta;Magnoliopsida;Lamiales;Lamiaceae;Agastache;Agastache foeniculum;NA;NA;NA
JQ669022.1	Eukaryota;Streptophyta;Magnoliopsida;Lamiales;Lamiaceae;Agastache;Agastache rugosa;NA;NA;NA
NC_053706.1	Eukaryota;Streptophyta;Magnoliopsida;Lamiales;Lamiaceae;Agastache;Agastache rugosa;NA;NA;NA
OR199226.1	Eukaryota;Streptophyta;Magnoliopsida;Lamiales;Lamiaceae;Agastache;Agastache rugosa;NA;NA;NA
OR199227.1	Eukaryota;Streptophyta;Magnoliopsida;Lamiales;Lamiaceae;Agastache;Agastache rugosa;NA;NA;NA
NC_032053.1	Eukaryota;Streptophyta;Magnoliopsida;Asparagales;Asparagaceae;Agave;Agave americana;NA;NA;NA
NC_059875.1	Eukaryota;Streptophyta;Magnoliopsida;Asparagales;Asparagaceae;Agave;Agave sisalana;NA;NA;NA
AB817351.1	Eukaryota;Streptophyta;Magnoliopsida;Asterales;Asteraceae;Ageratum;Ageratum conyzoides;NA;NA;NA
NC_053839.1	Eukaryota;Streptophyta;Magnoliopsida;Malvales;Malvaceae;Alcea;Alcea rosea;NA;NA;NA
NC_077491.1	Eukaryota;Streptophyta;Magnoliopsida;Malpighiales;Euphorbiaceae;Aleurites;Aleurites moluccanus;NA;NA;NA
KF965155.1	Eukaryota;Streptophyta;Magnoliopsida;Gentianales;Rubiaceae;Alibertia;Alibertia edulis;NA;NA;NA
DQ180420.1	Eukaryota;Streptophyta;Magnoliopsida;Solanales;Solanaceae;Alkekengi;Alkekengi officinarum;NA;NA;NA
MH752594.1	Eukaryota;Streptophyta;Magnoliopsida;Solanales;Solanaceae;Alkekengi;Alkekengi officinarum;NA;Alkekengi officinarum var. franchetii;NA
EU626245.1	Eukaryota;Streptophyta;Magnoliopsida;Asparagales;Amaryllidaceae;Allium;Allium ampeloprasum;NA;NA;NA
NC_044666.1	Eukaryota;Streptophyta;Magnoliopsida;Asparagales;Amaryllidaceae;Allium;Allium ampeloprasum;NA;NA;NA
EU626249.1	Eukaryota;Streptophyta;Magnoliopsida;Asparagales;Amaryllidaceae;Allium;Allium ampeloprasum;Allium ampeloprasum subsp. ampeloprasum;NA;NA
EU626246.1	Eukaryota;Streptophyta;Magnoliopsida;Asparagales;Amaryllidaceae;Allium;Allium ampeloprasum;Allium ampeloprasum subsp. ampeloprasum;Allium ampeloprasum var. babingtonii;NA
FJ628603.1	Eukaryota;Streptophyta;Magnoliopsida;Asparagales;Amaryllidaceae;Allium;Allium cepa;NA;NA;NA
NC_024813.1	Eukaryota;Streptophyta;Magnoliopsida;Asparagales;Amaryllidaceae;Allium;Allium cepa;NA;NA;NA
NC_043922.1	Eukaryota;Streptophyta;Magnoliopsida;Asparagales;Amaryllidaceae;Allium;Allium chinense;NA;NA;NA
FJ628604.1	Eukaryota;Streptophyta;Magnoliopsida;Asparagales;Amaryllidaceae;Allium;Allium fistulosum;NA;NA;NA
NC_040222.1	Eukaryota;Streptophyta;Magnoliopsida;Asparagales;Amaryllidaceae;Allium;Allium fistulosum;NA;NA;NA
PV868369.1	Eukaryota;Streptophyta;Magnoliopsida;Asparagales;Amaryllidaceae;Allium;Allium fistulosum;NA;NA;NA
PV868371.1	Eukaryota;Streptophyta;Magnoliopsida;Asparagales;Amaryllidaceae;Allium;Allium fistulosum;NA;NA;NA
NC_077656.1	Eukaryota;Streptophyta;Magnoliopsida;Asparagales;Amaryllidaceae;Allium;Allium macrostemon;NA;NA;NA
NC_084235.1	Eukaryota;Streptophyta;Magnoliopsida;Asparagales;Amaryllidaceae;Allium;Allium ramosum;NA;NA;NA
PV868387.1	Eukaryota;Streptophyta;Magnoliopsida;Asparagales;Amaryllidaceae;Allium;Allium ramosum;NA;NA;NA
KF779159.1	Eukaryota;Streptophyta;Magnoliopsida;Asparagales;Amaryllidaceae;Allium;Allium sativum;NA;NA;NA
KF779160.1	Eukaryota;Streptophyta;Magnoliopsida;Asparagales;Amaryllidaceae;Allium;Allium sativum;NA;NA;NA
NC_031829.1	Eukaryota;Streptophyta;Magnoliopsida;Asparagales;Amaryllidaceae;Allium;Allium sativum;NA;NA;NA
AB477113.1	Eukaryota;Streptophyta;Magnoliopsida;Asparagales;Amaryllidaceae;Allium;Allium schoenoprasum;NA;NA;NA
AB477114.1	Eukaryota;Streptophyta;Magnoliopsida;Asparagales;Amaryllidaceae;Allium;Allium schoenoprasum;NA;NA;NA
NC_057575.1	Eukaryota;Streptophyta;Magnoliopsida;Asparagales;Amaryllidaceae;Allium;Allium schoenoprasum;NA;NA;NA
PV815157.1	Eukaryota;Streptophyta;Magnoliopsida;Asparagales;Amaryllidaceae;Allium;Allium schoenoprasum;NA;NA;NA
EU626263.1	Eukaryota;Streptophyta;Magnoliopsida;Asparagales;Amaryllidaceae;Allium;Allium scorodoprasum;NA;NA;NA
FJ628601.1	Eukaryota;Streptophyta;Magnoliopsida;Asparagales;Amaryllidaceae;Allium;Allium scorodoprasum;NA;NA;NA
JQ900584.1	Eukaryota;Streptophyta;Magnoliopsida;Asparagales;Amaryllidaceae;Allium;Allium tuberosum;NA;NA;NA
JQ900590.1	Eukaryota;Streptophyta;Magnoliopsida;Asparagales;Amaryllidaceae;Allium;Allium tuberosum;NA;NA;NA
JQ900592.1	Eukaryota;Streptophyta;Magnoliopsida;Asparagales;Amaryllidaceae;Allium;Allium tuberosum;NA;NA;NA
JQ900598.1	Eukaryota;Streptophyta;Magnoliopsida;Asparagales;Amaryllidaceae;Allium;Allium tuberosum;NA;NA;NA
JQ900601.1	Eukaryota;Streptophyta;Magnoliopsida;Asparagales;Amaryllidaceae;Allium;Allium tuberosum;NA;NA;NA
KC139048.2	Eukaryota;Streptophyta;Magnoliopsida;Asparagales;Amaryllidaceae;Allium;Allium tuberosum;NA;NA;NA
NC_044709.1	Eukaryota;Streptophyta;Magnoliopsida;Asparagales;Amaryllidaceae;Allium;Allium tuberosum;NA;NA;NA
KP055483.1	Eukaryota;Streptophyta;Magnoliopsida;Sapindales;Anacardiaceae;Allospondias;Allospondias lakonensis;NA;NA;NA
KY067404.1	Eukaryota;Streptophyta;Magnoliopsida;Sapindales;Anacardiaceae;Allospondias;Allospondias lakonensis;NA;NA;NA
AY248983.1	Eukaryota;Streptophyta;Magnoliopsida;Alismatales;Araceae;Alocasia;Alocasia cucullata;NA;NA;NA
JQ237218.1	Eukaryota;Streptophyta;Magnoliopsida;Alismatales;Araceae;Alocasia;Alocasia cucullata;NA;NA;NA
NC_060696.1	Eukaryota;Streptophyta;Magnoliopsida;Alismatales;Araceae;Alocasia;Alocasia cucullata;NA;NA;NA
JQ238671.1	Eukaryota;Streptophyta;Magnoliopsida;Alismatales;Araceae;Alocasia;Alocasia macrorrhizos;NA;NA;NA
MN844023.1	Eukaryota;Streptophyta;Magnoliopsida;Alismatales;Araceae;Alocasia;Alocasia macrorrhizos;NA;NA;NA
NC_035506.1	Eukaryota;Streptophyta;Magnoliopsida;Asparagales;Asphodelaceae;Aloe;Aloe vera;NA;NA;NA
PP081791.1	Eukaryota;Streptophyta;Magnoliopsida;Asparagales;Asphodelaceae;Aloe;Aloe vera;NA;NA;NA
AY424775.1	Eukaryota;Streptophyta;Magnoliopsida;Zingiberales;Zingiberaceae;Alpinia;Alpinia galanga;NA;NA;NA
ON615019.1	Eukaryota;Streptophyta;Magnoliopsida;Zingiberales;Zingiberaceae;Alpinia;Alpinia galanga;NA;NA;NA
NC_067035.1	Eukaryota;Streptophyta;Magnoliopsida;Gentianales;Apocynaceae;Amalocalyx;Amalocalyx microlobus;NA;NA;NA
NC_040143.1	Eukaryota;Streptophyta;Magnoliopsida;Caryophyllales;Amaranthaceae;Amaranthus;Amaranthus caudatus;NA;NA;NA
MK261433.1	Eukaryota;Streptophyta;Magnoliopsida;Caryophyllales;Amaranthaceae;Amaranthus;Amaranthus graecizans;NA;NA;NA
KP318866.1	Eukaryota;Streptophyta;Magnoliopsida;Caryophyllales;Amaranthaceae;Amaranthus;Amaranthus hybridus;NA;NA;NA
NC_053787.1	Eukaryota;Streptophyta;Magnoliopsida;Caryophyllales;Amaranthaceae;Amaranthus;Amaranthus hybridus;NA;NA;NA
NC_030770.1	Eukaryota;Streptophyta;Magnoliopsida;Caryophyllales;Amaranthaceae;Amaranthus;Amaranthus hypochondriacus;NA;NA;NA
KP318869.1	Eukaryota;Streptophyta;Magnoliopsida;Caryophyllales;Amaranthaceae;Amaranthus;Amaranthus retroflexus;NA;NA;NA
NC_065013.1	Eukaryota;Streptophyta;Magnoliopsida;Caryophyllales;Amaranthaceae;Amaranthus;Amaranthus tricolor;NA;NA;NA
NC_045314.1	Eukaryota;Streptophyta;Magnoliopsida;Rosales;Rosaceae;Amelanchier;Amelanchier alnifolia;NA;NA;NA
KY799087.1	Eukaryota;Streptophyta;Magnoliopsida;Rosales;Rosaceae;Amelanchier;Amelanchier canadensis;NA;NA;NA
AF387433.1	Eukaryota;Streptophyta;Magnoliopsida;Alismatales;Araceae;Amorphophallus;Amorphophallus abyssinicus;NA;NA;NA
KR534396.1	Eukaryota;Streptophyta;Magnoliopsida;Alismatales;Araceae;Amorphophallus;Amorphophallus harmandii;NA;NA;NA
AF387452.1	Eukaryota;Streptophyta;Magnoliopsida;Alismatales;Araceae;Amorphophallus;Amorphophallus konjac;NA;NA;NA
NC_046702.1	Eukaryota;Streptophyta;Magnoliopsida;Alismatales;Araceae;Amorphophallus;Amorphophallus konjac;NA;NA;NA
NC_086625.1	Eukaryota;Streptophyta;Magnoliopsida;Alismatales;Araceae;Amorphophallus;Amorphophallus paeoniifolius;NA;NA;NA
AY054703.1	Eukaryota;Streptophyta;Magnoliopsida;Alismatales;Araceae;Amorphophallus;Amorphophallus paeoniifolius;NA;Amorphophallus paeoniifolius var. campanulatus;NA
EF543424.1	Eukaryota;Streptophyta;Magnoliopsida;Fabales;Fabaceae;Amphicarpaea;Amphicarpaea bracteata;NA;NA;NA
MG584466.1	Eukaryota;Streptophyta;Magnoliopsida;Sapindales;Anacardiaceae;Anacardium;Anacardium occidentale;NA;NA;NA
NC_035235.1	Eukaryota;Streptophyta;Magnoliopsida;Sapindales;Anacardiaceae;Anacardium;Anacardium occidentale;NA;NA;NA
NC_026220.1	Eukaryota;Streptophyta;Magnoliopsida;Poales;Bromeliaceae;Ananas;Ananas comosus;NA;NA;NA
EU780856.1	Eukaryota;Streptophyta;Magnoliopsida;Poales;Bromeliaceae;Ananas;Ananas comosus;NA;Ananas comosus var. bracteatus;NA
JX649491.1	Eukaryota;Streptophyta;Magnoliopsida;Poales;Bromeliaceae;Ananas;Ananas comosus;NA;Ananas comosus var. bracteatus;NA
DQ084695.1	Eukaryota;Streptophyta;Magnoliopsida;Poales;Bromeliaceae;Ananas;Ananas comosus;NA;Ananas comosus var. microstachys;NA
HQ882712.1	Eukaryota;Streptophyta;Magnoliopsida;Poales;Bromeliaceae;Ananas;Ananas comosus;NA;Ananas comosus var. microstachys;NA
JX649490.1	Eukaryota;Streptophyta;Magnoliopsida;Poales;Bromeliaceae;Ananas;Ananas comosus;NA;Ananas comosus var. microstachys;NA
KU095983.1	Eukaryota;Streptophyta;Magnoliopsida;Poales;Bromeliaceae;Ananas;Ananas comosus;NA;Ananas comosus var. parguazensis;NA
NC_022451.2	Eukaryota;Streptophyta;Magnoliopsida;Lamiales;Acanthaceae;Andrographis;Andrographis paniculata;NA;NA;NA
NC_029469.1	Eukaryota;Streptophyta;Magnoliopsida;Apiales;Apiaceae;Anethum;Anethum foeniculum;NA;NA;NA
NC_029470.1	Eukaryota;Streptophyta;Magnoliopsida;Apiales;Apiaceae;Anethum;Anethum graveolens;NA;NA;NA
GQ244568.1	Eukaryota;Streptophyta;Magnoliopsida;Apiales;Apiaceae;Angelica;Angelica archangelica;NA;NA;NA
NC_030166.1	Eukaryota;Streptophyta;Magnoliopsida;Magnoliales;Annonaceae;Annona;Annona cherimola;NA;NA;NA
AY841673.1	Eukaryota;Streptophyta;Magnoliopsida;Magnoliales;Annonaceae;Annona;Annona glabra;NA;NA;NA
KX663979.1	Eukaryota;Streptophyta;Magnoliopsida;Magnoliales;Annonaceae;Annona;Annona macroprophyllata;NA;NA;NA
NC_066643.1	Eukaryota;Streptophyta;Magnoliopsida;Magnoliales;Annonaceae;Annona;Annona montana;NA;NA;NA
EU420852.1	Eukaryota;Streptophyta;Magnoliopsida;Magnoliales;Annonaceae;Annona;Annona mucosa;NA;NA;NA
AY145352.1	Eukaryota;Streptophyta;Magnoliopsida;Magnoliales;Annonaceae;Annona;Annona muricata;NA;NA;NA
AY743459.2	Eukaryota;Streptophyta;Magnoliopsida;Magnoliales;Annonaceae;Annona;Annona muricata;NA;NA;NA
NC_052008.1	Eukaryota;Streptophyta;Magnoliopsida;Magnoliales;Annonaceae;Annona;Annona muricata;NA;NA;NA
KX663990.1	Eukaryota;Streptophyta;Magnoliopsida;Magnoliales;Annonaceae;Annona;Annona purpurea;NA;NA;NA
NC_052009.1	Eukaryota;Streptophyta;Magnoliopsida;Magnoliales;Annonaceae;Annona;Annona reticulata;NA;NA;NA
AY841674.1	Eukaryota;Streptophyta;Magnoliopsida;Magnoliales;Annonaceae;Annona;Annona senegalensis;NA;NA;NA
KX663999.1	Eukaryota;Streptophyta;Magnoliopsida;Magnoliales;Annonaceae;Annona;Annona senegalensis;NA;NA;NA
NC_070223.1	Eukaryota;Streptophyta;Magnoliopsida;Magnoliales;Annonaceae;Annona;Annona squamosa;NA;NA;NA
NC_041274.1	Eukaryota;Streptophyta;Magnoliopsida;Caryophyllales;Basellaceae;Anredera;Anredera cordifolia;NA;NA;NA
KX668086.1	Eukaryota;Streptophyta;Magnoliopsida;Asterales;Asteraceae;Anthemis;Anthemis arvensis;NA;NA;NA
NC_015113.1	Eukaryota;Streptophyta;Magnoliopsida;Apiales;Apiaceae;Anthriscus;Anthriscus cerefolium;NA;NA;NA
NC_068855.1	Eukaryota;Streptophyta;Magnoliopsida;Malpighiales;Phyllanthaceae;Antidesma;Antidesma bunius;NA;NA;NA
MG913344.1	Eukaryota;Streptophyta;Magnoliopsida;Caryophyllales;Polygonaceae;Antigonon;Antigonon leptopus;NA;NA;NA
AF034887.1	Eukaryota;Streptophyta;Magnoliopsida;Lamiales;Plantaginaceae;Antirrhinum;Antirrhinum majus;NA;NA;NA
AJ492270.1	Eukaryota;Streptophyta;Magnoliopsida;Lamiales;Plantaginaceae;Antirrhinum;Antirrhinum majus;NA;NA;NA
AY591322.1	Eukaryota;Streptophyta;Magnoliopsida;Lamiales;Plantaginaceae;Antirrhinum;Antirrhinum majus;NA;NA;NA
NC_025909.1	Eukaryota;Streptophyta;Magnoliopsida;Fabales;Fabaceae;Apios;Apios americana;NA;NA;NA
NC_041087.1	Eukaryota;Streptophyta;Magnoliopsida;Apiales;Apiaceae;Apium;Apium graveolens;NA;NA;NA
AF300304.1	Eukaryota;Streptophyta;Magnoliopsida;Vitales;Vitaceae;Apocissus;Apocissus hypoglauca;NA;NA;NA
PP055507.1	Eukaryota;Streptophyta;Magnoliopsida;Vitales;Vitaceae;Apocissus;Apocissus hypoglauca;NA;NA;NA
PQ143527.1	Eukaryota;Streptophyta;Magnoliopsida;Ranunculales;Ranunculaceae;Aquilegia;Aquilegia coerulea;NA;NA;NA
NC_037358.1	Eukaryota;Streptophyta;Magnoliopsida;Fabales;Fabaceae;Arachis;Arachis hypogaea;NA;NA;NA
NC_040964.1	Eukaryota;Streptophyta;Magnoliopsida;Apiales;Araliaceae;Aralia;Aralia cordata;NA;NA;NA
KU195186.1	Eukaryota;Streptophyta;Magnoliopsida;Ericales;Ericaceae;Arbutus;Arbutus unedo;NA;NA;NA
KU195189.1	Eukaryota;Streptophyta;Magnoliopsida;Ericales;Ericaceae;Arbutus;Arbutus unedo;NA;NA;NA
NC_042724.1	Eukaryota;Streptophyta;Magnoliopsida;Asterales;Asteraceae;Arctium;Arctium lappa;NA;NA;NA
NC_059021.1	Eukaryota;Streptophyta;Magnoliopsida;Ericales;Primulaceae;Ardisia;Ardisia crenata;NA;NA;NA
MF926169.1	Eukaryota;Streptophyta;Magnoliopsida;Ericales;Primulaceae;Ardisia;Ardisia crenata;NA;Ardisia crenata var. bicolor;NA
JQ684844.1	Eukaryota;Streptophyta;Magnoliopsida;Ericales;Primulaceae;Ardisia;Ardisia elliptica;NA;NA;NA
NC_050163.1	Eukaryota;Streptophyta;Magnoliopsida;Arecales;Arecaceae;Areca;Areca catechu;NA;NA;NA
AJ241308.1	Eukaryota;Streptophyta;Magnoliopsida;Arecales;Arecaceae;Areca;Areca triandra;NA;NA;NA
NC_067832.1	Eukaryota;Streptophyta;Magnoliopsida;Arecales;Arecaceae;Areca;Areca triandra;NA;NA;NA
NC_045907.1	Eukaryota;Streptophyta;Magnoliopsida;Arecales;Arecaceae;Arenga;Arenga pinnata;NA;NA;NA
NC_060501.1	Eukaryota;Streptophyta;Magnoliopsida;Brassicales;Brassicaceae;Armoracia;Armoracia rusticana;NA;NA;NA
GQ374580.1	Eukaryota;Streptophyta;Magnoliopsida;Rosales;Rosaceae;Aronia;Aronia melanocarpa;NA;NA;NA
NC_032364.1	Eukaryota;Streptophyta;Magnoliopsida;Apiales;Apiaceae;Arracacia;Arracacia xanthorrhiza;NA;NA;NA
NC_066024.1	Eukaryota;Streptophyta;Magnoliopsida;Asterales;Asteraceae;Artemisia;Artemisia absinthium;NA;NA;NA
NC_066025.1	Eukaryota;Streptophyta;Magnoliopsida;Asterales;Asteraceae;Artemisia;Artemisia dracunculus;NA;NA;NA
JX073765.1	Eukaryota;Streptophyta;Magnoliopsida;Asterales;Asteraceae;Artemisia;Artemisia vulgaris;NA;NA;NA
KY313902.1	Eukaryota;Streptophyta;Magnoliopsida;Asterales;Asteraceae;Artemisia;Artemisia vulgaris;NA;NA;NA
AF501600.1	Eukaryota;Streptophyta;Magnoliopsida;Rosales;Moraceae;Artocarpus;Artocarpus altilis;NA;NA;NA
FJ917087.1	Eukaryota;Streptophyta;Magnoliopsida;Rosales;Moraceae;Artocarpus;Artocarpus altilis;NA;NA;NA
FJ917117.1	Eukaryota;Streptophyta;Magnoliopsida;Rosales;Moraceae;Artocarpus;Artocarpus altilis;NA;NA;NA
KT032208.1	Eukaryota;Streptophyta;Magnoliopsida;Rosales;Moraceae;Artocarpus;Artocarpus altilis;NA;NA;NA
KU855391.1	Eukaryota;Streptophyta;Magnoliopsida;Rosales;Moraceae;Artocarpus;Artocarpus altilis;NA;NA;NA
NC_059002.1	Eukaryota;Streptophyta;Magnoliopsida;Rosales;Moraceae;Artocarpus;Artocarpus altilis;NA;NA;NA
FJ917091.1	Eukaryota;Streptophyta;Magnoliopsida;Rosales;Moraceae;Artocarpus;Artocarpus anisophyllus;NA;NA;NA
KU855393.1	Eukaryota;Streptophyta;Magnoliopsida;Rosales;Moraceae;Artocarpus;Artocarpus anisophyllus;Artocarpus anisophyllus subsp. anisophyllus;NA;NA
KU855394.1	Eukaryota;Streptophyta;Magnoliopsida;Rosales;Moraceae;Artocarpus;Artocarpus anisophyllus;Artocarpus anisophyllus subsp. anisophyllus;NA;NA
KU855397.1	Eukaryota;Streptophyta;Magnoliopsida;Rosales;Moraceae;Artocarpus;Artocarpus anisophyllus;NA;Artocarpus anisophyllus var. sessilifolius;NA
NC_054247.1	Eukaryota;Streptophyta;Magnoliopsida;Rosales;Moraceae;Artocarpus;Artocarpus camansi;NA;NA;NA
FJ917098.1	Eukaryota;Streptophyta;Magnoliopsida;Rosales;Moraceae;Artocarpus;Artocarpus dadah;NA;NA;NA
FJ917096.1	Eukaryota;Streptophyta;Magnoliopsida;Rosales;Moraceae;Artocarpus;Artocarpus elasticus;NA;NA;NA
KU855411.1	Eukaryota;Streptophyta;Magnoliopsida;Rosales;Moraceae;Artocarpus;Artocarpus elasticus;NA;NA;NA
FJ917104.1	Eukaryota;Streptophyta;Magnoliopsida;Rosales;Moraceae;Artocarpus;Artocarpus glaucus;NA;NA;NA
AJ390376.1	Eukaryota;Streptophyta;Magnoliopsida;Rosales;Moraceae;Artocarpus;Artocarpus heterophyllus;NA;NA;NA
NC_057287.1	Eukaryota;Streptophyta;Magnoliopsida;Rosales;Moraceae;Artocarpus;Artocarpus hypargyreus;NA;NA;NA
FJ917105.1	Eukaryota;Streptophyta;Magnoliopsida;Rosales;Moraceae;Artocarpus;Artocarpus integer;NA;NA;NA
FJ917082.1	Eukaryota;Streptophyta;Magnoliopsida;Rosales;Moraceae;Artocarpus;Artocarpus lacucha;NA;NA;NA
KU855434.1	Eukaryota;Streptophyta;Magnoliopsida;Rosales;Moraceae;Artocarpus;Artocarpus lacucha;NA;NA;NA
MH817058.1	Eukaryota;Streptophyta;Magnoliopsida;Rosales;Moraceae;Artocarpus;Artocarpus lacucha;NA;NA;NA
FJ917089.1	Eukaryota;Streptophyta;Magnoliopsida;Rosales;Moraceae;Artocarpus;Artocarpus odoratissimus;NA;NA;NA
FJ917090.1	Eukaryota;Streptophyta;Magnoliopsida;Rosales;Moraceae;Artocarpus;Artocarpus rigidus;NA;NA;NA
FJ917077.1	Eukaryota;Streptophyta;Magnoliopsida;Rosales;Moraceae;Artocarpus;Artocarpus sericicarpus;NA;NA;NA
FJ917083.1	Eukaryota;Streptophyta;Magnoliopsida;Rosales;Moraceae;Artocarpus;Artocarpus tamaran;NA;NA;NA
KU855464.1	Eukaryota;Streptophyta;Magnoliopsida;Rosales;Moraceae;Artocarpus;Artocarpus tamaran;NA;NA;NA
AJ410179.1	Eukaryota;Streptophyta;Magnoliopsida;Gentianales;Apocynaceae;Asclepias;Asclepias syriaca;NA;NA;NA
EF456111.1	Eukaryota;Streptophyta;Magnoliopsida;Gentianales;Apocynaceae;Asclepias;Asclepias syriaca;NA;NA;NA
NC_022432.1	Eukaryota;Streptophyta;Magnoliopsida;Gentianales;Apocynaceae;Asclepias;Asclepias syriaca;NA;NA;NA
AY145353.1	Eukaryota;Streptophyta;Magnoliopsida;Magnoliales;Annonaceae;Asimina;Asimina triloba;NA;NA;NA
FJ620662.1	Eukaryota;Streptophyta;Magnoliopsida;Fabales;Fabaceae;Aspalathus;Aspalathus linearis;NA;NA;NA
OK771553.1	Eukaryota;Streptophyta;Magnoliopsida;Fabales;Fabaceae;Aspalathus;Aspalathus linearis;NA;NA;NA
KJ774039.1	Eukaryota;Streptophyta;Magnoliopsida;Asparagales;Asparagaceae;Asparagus;Asparagus africanus;NA;NA;NA
MH092175.1	Eukaryota;Streptophyta;Magnoliopsida;Asparagales;Asparagaceae;Asparagus;Asparagus africanus;NA;NA;NA
MK186980.1	Eukaryota;Streptophyta;Magnoliopsida;Asparagales;Asparagaceae;Asparagus;Asparagus africanus;NA;NA;NA
AB508807.1	Eukaryota;Streptophyta;Magnoliopsida;Asparagales;Asparagaceae;Asparagus;Asparagus cochinchinensis;NA;NA;NA
NC_060472.1	Eukaryota;Streptophyta;Magnoliopsida;Asparagales;Asparagaceae;Asparagus;Asparagus cochinchinensis;NA;NA;NA
NC_034777.1	Eukaryota;Streptophyta;Magnoliopsida;Asparagales;Asparagaceae;Asparagus;Asparagus officinalis;NA;NA;NA
PV868393.1	Eukaryota;Streptophyta;Magnoliopsida;Asparagales;Asparagaceae;Asparagus;Asparagus officinalis;NA;NA;NA
KJ774032.1	Eukaryota;Streptophyta;Magnoliopsida;Asparagales;Asparagaceae;Asparagus;Asparagus racemosus;NA;NA;NA
NC_047472.1	Eukaryota;Streptophyta;Magnoliopsida;Asparagales;Asparagaceae;Asparagus;Asparagus racemosus;NA;NA;NA
AB933512.1	Eukaryota;Streptophyta;Magnoliopsida;Asparagales;Asphodelaceae;Asphodelus;Asphodelus tenuifolius;NA;NA;NA
HE577500.1	Eukaryota;Streptophyta;Magnoliopsida;Caryophyllales;Amaranthaceae;Atriplex;Atriplex hortensis;NA;NA;NA
NC_044158.1	Eukaryota;Streptophyta;Magnoliopsida;Poales;Poaceae;Avena;Avena abyssinica;NA;NA;NA
NC_027468.1	Eukaryota;Streptophyta;Magnoliopsida;Poales;Poaceae;Avena;Avena sativa;NA;NA;NA
AJ582291.1	Eukaryota;Streptophyta;Magnoliopsida;Oxalidales;Oxalidaceae;Averrhoa;Averrhoa bilimbi;NA;NA;NA
MZ043741.1	Eukaryota;Streptophyta;Magnoliopsida;Oxalidales;Oxalidaceae;Averrhoa;Averrhoa bilimbi;NA;NA;NA
EU437032.1	Eukaryota;Streptophyta;Magnoliopsida;Oxalidales;Oxalidaceae;Averrhoa;Averrhoa carambola;NA;NA;NA
NC_033350.1	Eukaryota;Streptophyta;Magnoliopsida;Oxalidales;Oxalidaceae;Averrhoa;Averrhoa carambola;NA;NA;NA
MW559061.1	Eukaryota;Streptophyta;Magnoliopsida;Oxalidales;Oxalidaceae;Averrhoa;Averrhoa dolichocarpa;NA;NA;NA
MW559063.1	Eukaryota;Streptophyta;Magnoliopsida;Oxalidales;Oxalidaceae;Averrhoa;Averrhoa leucopetala;NA;NA;NA
EF489263.1	Eukaryota;Streptophyta;Magnoliopsida;Sapindales;Meliaceae;Azadirachta;Azadirachta indica;NA;NA;NA
NC_023792.1	Eukaryota;Streptophyta;Magnoliopsida;Sapindales;Meliaceae;Azadirachta;Azadirachta indica;NA;NA;NA
PZ595095.1	Eukaryota;Streptophyta;Magnoliopsida;Sapindales;Meliaceae;Azadirachta;Azadirachta indica;NA;Azadirachta indica var. indica;NA
PV839241.1	Eukaryota;Streptophyta;Magnoliopsida;Malpighiales;Phyllanthaceae;Baccaurea;Baccaurea edulis;NA;NA;NA
PV839196.1	Eukaryota;Streptophyta;Magnoliopsida;Malpighiales;Phyllanthaceae;Baccaurea;Baccaurea macrocarpa;NA;NA;NA
PV839224.1	Eukaryota;Streptophyta;Magnoliopsida;Malpighiales;Phyllanthaceae;Baccaurea;Baccaurea motleyana;NA;NA;NA
NC_057309.1	Eukaryota;Streptophyta;Magnoliopsida;Malpighiales;Phyllanthaceae;Baccaurea;Baccaurea ramiflora;NA;NA;NA
NC_069818.1	Eukaryota;Streptophyta;Magnoliopsida;Myrtales;Myrtaceae;Backhousia;Backhousia citriodora;NA;NA;NA
NC_072144.1	Eukaryota;Streptophyta;Magnoliopsida;Arecales;Arecaceae;Bactris;Bactris gasipaes;NA;NA;NA
KR738636.1	Eukaryota;Streptophyta;Magnoliopsida;Zygophyllales;Zygophyllaceae;Balanites;Balanites aegyptiaca;NA;NA;NA
NC_066813.1	Eukaryota;Streptophyta;Magnoliopsida;Zygophyllales;Zygophyllaceae;Balanites;Balanites aegyptiaca;NA;NA;NA
NC_026957.1	Eukaryota;Streptophyta;Magnoliopsida;Poales;Poaceae;Bambusa;Bambusa bambos;NA;NA;NA
NC_050771.1	Eukaryota;Streptophyta;Magnoliopsida;Poales;Poaceae;Bambusa;Bambusa odashimae;NA;NA;NA
NC_050780.1	Eukaryota;Streptophyta;Magnoliopsida;Poales;Poaceae;Bambusa;Bambusa vulgaris;NA;NA;NA
AF482118.1	Eukaryota;Streptophyta;Magnoliopsida;Proteales;Proteaceae;Banksia;Banksia attenuata;NA;NA;NA
AF482124.1	Eukaryota;Streptophyta;Magnoliopsida;Proteales;Proteaceae;Banksia;Banksia grandis;NA;NA;NA
NC_009269.1	Eukaryota;Streptophyta;Magnoliopsida;Brassicales;Brassicaceae;Barbarea;Barbarea verna;NA;NA;NA
NC_081109.1	Eukaryota;Streptophyta;Magnoliopsida;Brassicales;Brassicaceae;Barbarea;Barbarea vulgaris;NA;NA;NA
NC_070213.1	Eukaryota;Streptophyta;Magnoliopsida;Ericales;Lecythidaceae;Barringtonia;Barringtonia asiatica;NA;NA;NA
DQ417931.1	Eukaryota;Streptophyta;Magnoliopsida;Ericales;Lecythidaceae;Barringtonia;Barringtonia edulis;NA;NA;NA
DQ417932.1	Eukaryota;Streptophyta;Magnoliopsida;Ericales;Lecythidaceae;Barringtonia;Barringtonia racemosa;NA;NA;NA
NC_035705.1	Eukaryota;Streptophyta;Magnoliopsida;Ericales;Lecythidaceae;Barringtonia;Barringtonia racemosa;NA;NA;NA
NC_041293.1	Eukaryota;Streptophyta;Magnoliopsida;Caryophyllales;Basellaceae;Basella;Basella alba;NA;NA;NA
NC_061218.1	Eukaryota;Streptophyta;Magnoliopsida;Fabales;Fabaceae;Bauhinia;Bauhinia purpurea;NA;NA;NA
FJ801081.1	Eukaryota;Streptophyta;Magnoliopsida;Fabales;Fabaceae;Bauhinia;Bauhinia variegata;NA;NA;NA
JN315894.1	Eukaryota;Streptophyta;Magnoliopsida;Asterales;Asteraceae;Bellis;Bellis perennis;NA;NA;NA
NC_056352.1	Eukaryota;Streptophyta;Magnoliopsida;Cucurbitales;Cucurbitaceae;Benincasa;Benincasa hispida;NA;NA;NA
NC_036412.1	Eukaryota;Streptophyta;Magnoliopsida;Ericales;Lecythidaceae;Bertholletia;Bertholletia excelsa;NA;NA;NA
DQ131558.1	Eukaryota;Streptophyta;Magnoliopsida;Caryophyllales;Amaranthaceae;Beta;Beta vulgaris;NA;NA;NA
EF010967.1	Eukaryota;Streptophyta;Magnoliopsida;Caryophyllales;Amaranthaceae;Beta;Beta vulgaris;NA;NA;NA
LK054343.1	Eukaryota;Streptophyta;Magnoliopsida;Caryophyllales;Amaranthaceae;Beta;Beta vulgaris;Beta vulgaris subsp. maritima;NA;NA
NC_059012.1	Eukaryota;Streptophyta;Magnoliopsida;Caryophyllales;Amaranthaceae;Beta;Beta vulgaris;Beta vulgaris subsp. vulgaris;NA;NA
EU117274.1	Eukaryota;Streptophyta;Magnoliopsida;Asterales;Asteraceae;Bidens;Bidens pilosa;NA;NA;NA
EU117275.1	Eukaryota;Streptophyta;Magnoliopsida;Asterales;Asteraceae;Bidens;Bidens pilosa;NA;NA;NA
NC_046793.1	Eukaryota;Streptophyta;Magnoliopsida;Asterales;Asteraceae;Bidens;Bidens pilosa;NA;NA;NA
NC_041550.1	Eukaryota;Streptophyta;Magnoliopsida;Malvales;Bixaceae;Bixa;Bixa orellana;NA;NA;NA
EU721170.1	Eukaryota;Streptophyta;Magnoliopsida;Sapindales;Sapindaceae;Blighia;Blighia sapida;NA;NA;NA
HE577512.1	Eukaryota;Streptophyta;Magnoliopsida;Caryophyllales;Amaranthaceae;Blitum;Blitum bonus-henricus;NA;NA;NA
GQ244789.1	Eukaryota;Streptophyta;Magnoliopsida;Caryophyllales;Amaranthaceae;Blitum;Blitum capitatum;NA;NA;NA
HE577517.1	Eukaryota;Streptophyta;Magnoliopsida;Caryophyllales;Amaranthaceae;Blitum;Blitum virgatum;NA;NA;NA
NC_066450.1	Eukaryota;Streptophyta;Magnoliopsida;Zingiberales;Zingiberaceae;Boesenbergia;Boesenbergia rotunda;NA;NA;NA
NC_025306.1	Eukaryota;Streptophyta;Magnoliopsida;Liliales;Alstroemeriaceae;Bomarea;Bomarea edulis;NA;NA;NA
MN167309.1	Eukaryota;Streptophyta;Magnoliopsida;Boraginales;Boraginaceae;Borago;Borago officinalis;NA;NA;NA
NC_046796.1	Eukaryota;Streptophyta;Magnoliopsida;Boraginales;Boraginaceae;Borago;Borago officinalis;NA;NA;NA
NC_079708.1	Eukaryota;Streptophyta;Magnoliopsida;Arecales;Arecaceae;Borassus;Borassus flabellifer;NA;NA;NA
OP654429.1	Eukaryota;Streptophyta;Magnoliopsida;Sapindales;Rutaceae;Boronia;Boronia megastigma;NA;NA;NA
NC_066047.1	Eukaryota;Streptophyta;Magnoliopsida;Sapindales;Anacardiaceae;Bouea;Bouea macrophylla;NA;NA;NA
KP055490.1	Eukaryota;Streptophyta;Magnoliopsida;Sapindales;Anacardiaceae;Bouea;Bouea oppositifolia;NA;NA;NA
NC_046939.1	Eukaryota;Streptophyta;Magnoliopsida;Caryophyllales;Nyctaginaceae;Bougainvillea;Bougainvillea glabra;NA;NA;NA
NC_041266.1	Eukaryota;Streptophyta;Magnoliopsida;Caryophyllales;Nyctaginaceae;Bougainvillea;Bougainvillea spectabilis;NA;NA;NA
NC_031343.2	Eukaryota;Streptophyta;Magnoliopsida;Nymphaeales;Cabombaceae;Brasenia;Brasenia schreberi;NA;NA;NA
NC_059807.1	Eukaryota;Streptophyta;Magnoliopsida;Brassicales;Brassicaceae;Brassica;Brassica carinata;NA;NA;NA
NC_028272.1	Eukaryota;Streptophyta;Magnoliopsida;Brassicales;Brassicaceae;Brassica;Brassica juncea;NA;NA;NA
GQ268034.1	Eukaryota;Streptophyta;Magnoliopsida;Brassicales;Brassicaceae;Brassica;Brassica juncea;NA;Brassica juncea var. gemmifera;NA
GQ268036.1	Eukaryota;Streptophyta;Magnoliopsida;Brassicales;Brassicaceae;Brassica;Brassica juncea;NA;Brassica juncea var. juncea;NA
GQ268035.1	Eukaryota;Streptophyta;Magnoliopsida;Brassicales;Brassicaceae;Brassica;Brassica juncea;NA;Brassica juncea var. utilis;NA
DQ131548.1	Eukaryota;Streptophyta;Magnoliopsida;Brassicales;Brassicaceae;Brassica;Brassica napus;NA;NA;NA
HG994366.1	Eukaryota;Streptophyta;Magnoliopsida;Brassicales;Brassicaceae;Brassica;Brassica napus;NA;NA;NA
NC_016734.1	Eukaryota;Streptophyta;Magnoliopsida;Brassicales;Brassicaceae;Brassica;Brassica napus;NA;NA;NA
KF947330.1	Eukaryota;Streptophyta;Magnoliopsida;Brassicales;Brassicaceae;Brassica;Brassica nigra;NA;NA;NA
NC_030450.1	Eukaryota;Streptophyta;Magnoliopsida;Brassicales;Brassicaceae;Brassica;Brassica nigra;NA;NA;NA
NC_041167.1	Eukaryota;Streptophyta;Magnoliopsida;Brassicales;Brassicaceae;Brassica;Brassica oleracea;NA;NA;NA
AC183493.1	Eukaryota;Streptophyta;Magnoliopsida;Brassicales;Brassicaceae;Brassica;Brassica oleracea;NA;Brassica oleracea var. alboglabra;NA
AB213010.1	Eukaryota;Streptophyta;Magnoliopsida;Brassicales;Brassicaceae;Brassica;Brassica oleracea;NA;Brassica oleracea var. capitata;NA
AY752713.1	Eukaryota;Streptophyta;Magnoliopsida;Brassicales;Brassicaceae;Brassica;Brassica oleracea;NA;Brassica oleracea var. gemmifera;NA
EF426773.1	Eukaryota;Streptophyta;Magnoliopsida;Brassicales;Brassicaceae;Brassica;Brassica oleracea;NA;Brassica oleracea var. gongylodes;NA
AY752714.1	Eukaryota;Streptophyta;Magnoliopsida;Brassicales;Brassicaceae;Brassica;Brassica oleracea;NA;Brassica oleracea var. italica;NA
LR031874.1	Eukaryota;Streptophyta;Magnoliopsida;Brassicales;Brassicaceae;Brassica;Brassica oleracea;NA;Brassica oleracea var. italica;NA
LR031875.1	Eukaryota;Streptophyta;Magnoliopsida;Brassicales;Brassicaceae;Brassica;Brassica oleracea;NA;Brassica oleracea var. italica;NA
LR031875.1_1	Eukaryota;Streptophyta;Magnoliopsida;Brassicales;Brassicaceae;Brassica;Brassica oleracea;NA;Brassica oleracea var. italica;NA
LR031876.1	Eukaryota;Streptophyta;Magnoliopsida;Brassicales;Brassicaceae;Brassica;Brassica oleracea;NA;Brassica oleracea var. italica;NA
LR031876.1_1	Eukaryota;Streptophyta;Magnoliopsida;Brassicales;Brassicaceae;Brassica;Brassica oleracea;NA;Brassica oleracea var. italica;NA
AB213008.1	Eukaryota;Streptophyta;Magnoliopsida;Brassicales;Brassicaceae;Brassica;Brassica rapa;NA;NA;NA
DQ180231.1	Eukaryota;Streptophyta;Magnoliopsida;Brassicales;Brassicaceae;Brassica;Brassica rapa;NA;NA;NA
AF451571.1	Eukaryota;Streptophyta;Magnoliopsida;Brassicales;Brassicaceae;Brassica;Brassica rapa;Brassica rapa subsp. chinensis;NA;NA
GQ268033.1	Eukaryota;Streptophyta;Magnoliopsida;Brassicales;Brassicaceae;Brassica;Brassica rapa;Brassica rapa subsp. oleifera;NA;NA
AF451572.1	Eukaryota;Streptophyta;Magnoliopsida;Brassicales;Brassicaceae;Brassica;Brassica rapa;Brassica rapa subsp. pekinensis;NA;NA
AF451573.1	Eukaryota;Streptophyta;Magnoliopsida;Brassicales;Brassicaceae;Brassica;Brassica rapa;Brassica rapa subsp. rapa;NA;NA
NC_058844.1	Eukaryota;Streptophyta;Magnoliopsida;Brassicales;Brassicaceae;Brassica x Raphanus;Brassica rapa x Raphanus sativus;NA;NA;NA
OR670869.1	Eukaryota;Streptophyta;Magnoliopsida;Malpighiales;Phyllanthaceae;Breynia;Breynia androgyna;NA;NA;NA
AF501601.1	Eukaryota;Streptophyta;Magnoliopsida;Rosales;Moraceae;Brosimum;Brosimum alicastrum;NA;NA;NA
NC_047180.1	Eukaryota;Streptophyta;Magnoliopsida;Rosales;Moraceae;Broussonetia;Broussonetia luzonica;NA;NA;NA
HM041235.1	Eukaryota;Streptophyta;Magnoliopsida;Caryophyllales;Cactaceae;Browningia;Browningia candelaris;NA;NA;NA
NC_041491.1	Eukaryota;Streptophyta;Magnoliopsida;Malpighiales;Malpighiaceae;Bunchosia;Bunchosia argentea;NA;NA;NA
AF350978.1	Eukaryota;Streptophyta;Magnoliopsida;Malpighiales;Malpighiaceae;Bunchosia;Bunchosia armeniaca;NA;NA;NA
NC_037192.1	Eukaryota;Streptophyta;Magnoliopsida;Malpighiales;Malpighiaceae;Byrsonima;Byrsonima crassifolia;NA;NA;NA
OR468344.1	Eukaryota;Streptophyta;Magnoliopsida;Malpighiales;Malpighiaceae;Byrsonima;Byrsonima crassifolia;NA;NA;NA
AF430733.1	Eukaryota;Streptophyta;Magnoliopsida;Fabales;Fabaceae;Caesalpinia;Caesalpinia pulcherrima;NA;NA;NA
EF200131.1	Eukaryota;Streptophyta;Magnoliopsida;Fabales;Fabaceae;Cajanus;Cajanus cajan;NA;NA;NA
NC_140640.1	Eukaryota;Streptophyta;Magnoliopsida;Fabales;Fabaceae;Cajanus;Cajanus cajan;NA;NA;NA
AH007234.2	Eukaryota;Streptophyta;Magnoliopsida;Asterales;Asteraceae;Calendula;Calendula officinalis;NA;NA;NA
NC_066028.1	Eukaryota;Streptophyta;Magnoliopsida;Asterales;Asteraceae;Calendula;Calendula officinalis;NA;NA;NA
NC_077649.1	Eukaryota;Streptophyta;Magnoliopsida;Malvales;Malvaceae;Callianthe;Callianthe megapotamica;NA;NA;NA
NC_067766.1	Eukaryota;Streptophyta;Magnoliopsida;Malpighiales;Calophyllaceae;Calophyllum;Calophyllum inophyllum;NA;NA;NA
AY101101.1	Eukaryota;Streptophyta;Magnoliopsida;Solanales;Convolvulaceae;Calystegia;Calystegia sepium;NA;NA;NA
MW120262.1	Eukaryota;Streptophyta;Magnoliopsida;Ericales;Theaceae;Camellia;Camellia japonica;NA;NA;NA
NC_036830.1	Eukaryota;Streptophyta;Magnoliopsida;Ericales;Theaceae;Camellia;Camellia japonica;NA;NA;NA
MW120335.1	Eukaryota;Streptophyta;Magnoliopsida;Ericales;Theaceae;Camellia;Camellia japonica;Camellia japonica subsp. rusticana;NA;NA
MW120343.1	Eukaryota;Streptophyta;Magnoliopsida;Ericales;Theaceae;Camellia;Camellia sinensis;NA;NA;NA
NC_020019.1	Eukaryota;Streptophyta;Magnoliopsida;Ericales;Theaceae;Camellia;Camellia sinensis;NA;NA;NA
MW120342.1	Eukaryota;Streptophyta;Magnoliopsida;Ericales;Theaceae;Camellia;Camellia sinensis;NA;Camellia sinensis var. assamica;NA
MZ204176.1	Eukaryota;Streptophyta;Magnoliopsida;Asterales;Campanulaceae;Campanula;Campanula rapunculus;NA;NA;NA
NC_048982.1	Eukaryota;Streptophyta;Magnoliopsida;Sapindales;Burseraceae;Canarium;Canarium album;NA;NA;NA
FJ466467.1	Eukaryota;Streptophyta;Magnoliopsida;Sapindales;Burseraceae;Canarium;Canarium decumanum;NA;NA;NA
FJ466469.1	Eukaryota;Streptophyta;Magnoliopsida;Sapindales;Burseraceae;Canarium;Canarium indicum;NA;NA;NA
NC_073520.1	Eukaryota;Streptophyta;Magnoliopsida;Sapindales;Burseraceae;Canarium;Canarium odontophyllum;NA;NA;NA
FJ466473.1	Eukaryota;Streptophyta;Magnoliopsida;Sapindales;Burseraceae;Canarium;Canarium ovatum;NA;NA;NA
FJ466477.1	Eukaryota;Streptophyta;Magnoliopsida;Sapindales;Burseraceae;Canarium;Canarium vulgare;NA;NA;NA
NC_047311.1	Eukaryota;Streptophyta;Magnoliopsida;Fabales;Fabaceae;Canavalia;Canavalia cathartica;NA;NA;NA
EU717354.1	Eukaryota;Streptophyta;Magnoliopsida;Fabales;Fabaceae;Canavalia;Canavalia ensiformis;NA;NA;NA
NC_050951.1	Eukaryota;Streptophyta;Magnoliopsida;Fabales;Fabaceae;Canavalia;Canavalia gladiata;NA;NA;NA
NC_083981.1	Eukaryota;Streptophyta;Magnoliopsida;Zingiberales;Cannaceae;Canna;Canna indica;NA;NA;NA
NC_026562.1	Eukaryota;Streptophyta;Magnoliopsida;Rosales;Cannabaceae;Cannabis;Cannabis sativa;NA;NA;NA
AY122422.2	Eukaryota;Streptophyta;Magnoliopsida;Brassicales;Capparaceae;Capparis;Capparis spinosa;NA;NA;NA
KU940216.1	Eukaryota;Streptophyta;Magnoliopsida;Brassicales;Capparaceae;Capparis;Capparis spinosa;NA;NA;NA
NC_047193.1	Eukaryota;Streptophyta;Magnoliopsida;Brassicales;Capparaceae;Capparis;Capparis spinosa;Capparis spinosa subsp. spinosa;Capparis spinosa var. spinosa;NA
NC_018552.1	Eukaryota;Streptophyta;Magnoliopsida;Solanales;Solanaceae;Capsicum;Capsicum annuum;NA;NA;NA
DQ180415.1	Eukaryota;Streptophyta;Magnoliopsida;Solanales;Solanaceae;Capsicum;Capsicum baccatum;NA;NA;NA
NC_039692.1	Eukaryota;Streptophyta;Magnoliopsida;Solanales;Solanaceae;Capsicum;Capsicum baccatum;NA;Capsicum baccatum var. pendulum;NA
NC_030543.1	Eukaryota;Streptophyta;Magnoliopsida;Solanales;Solanaceae;Capsicum;Capsicum chinense;NA;NA;NA
NC_028007.1	Eukaryota;Streptophyta;Magnoliopsida;Solanales;Solanaceae;Capsicum;Capsicum frutescens;NA;NA;NA
NC_039694.1	Eukaryota;Streptophyta;Magnoliopsida;Solanales;Solanaceae;Capsicum;Capsicum pubescens;NA;NA;NA
NC_033898.1	Eukaryota;Streptophyta;Magnoliopsida;Liliales;Liliaceae;Cardiocrinum;Cardiocrinum cordatum;NA;NA;NA
NC_010323.1	Eukaryota;Streptophyta;Magnoliopsida;Brassicales;Caricaceae;Carica;Carica papaya;NA;NA;NA
NC_033354.1	Eukaryota;Streptophyta;Magnoliopsida;Gentianales;Apocynaceae;Carissa;Carissa macrocarpa;NA;NA;NA
EF456093.1	Eukaryota;Streptophyta;Magnoliopsida;Gentianales;Apocynaceae;Carissa;Carissa spinarum;NA;NA;NA
HM041236.1	Eukaryota;Streptophyta;Magnoliopsida;Caryophyllales;Cactaceae;Carnegiea;Carnegiea gigantea;NA;NA;NA
NC_027618.1	Eukaryota;Streptophyta;Magnoliopsida;Caryophyllales;Cactaceae;Carnegiea;Carnegiea gigantea;NA;NA;NA
NC_030783.1	Eukaryota;Streptophyta;Magnoliopsida;Asterales;Asteraceae;Carthamus;Carthamus tinctorius;NA;NA;NA
NC_029889.1	Eukaryota;Streptophyta;Magnoliopsida;Apiales;Apiaceae;Carum;Carum carvi;NA;NA;NA
NC_046572.1	Eukaryota;Streptophyta;Magnoliopsida;Fagales;Juglandaceae;Carya;Carya cathayensis;NA;NA;NA
NC_046435.1	Eukaryota;Streptophyta;Magnoliopsida;Fagales;Juglandaceae;Carya;Carya hunanensis;NA;NA;NA
NC_041449.1	Eukaryota;Streptophyta;Magnoliopsida;Fagales;Juglandaceae;Carya;Carya illinoinensis;NA;NA;NA
NC_053774.1	Eukaryota;Streptophyta;Magnoliopsida;Fagales;Juglandaceae;Carya;Carya ovata;NA;NA;NA
HG997978.1	Eukaryota;Streptophyta;Magnoliopsida;Malpighiales;Salicaceae;Casearia;Casearia decandra;NA;NA;NA
DQ225938.1	Eukaryota;Streptophyta;Magnoliopsida;Sapindales;Rutaceae;Casimiroa;Casimiroa edulis;NA;NA;NA
NC_046844.1	Eukaryota;Streptophyta;Magnoliopsida;Sapindales;Rutaceae;Casimiroa;Casimiroa edulis;NA;NA;NA
EU361781.1	Eukaryota;Streptophyta;Magnoliopsida;Fabales;Fabaceae;Cassia;Cassia fistula;NA;NA;NA
NC_065246.1	Eukaryota;Streptophyta;Magnoliopsida;Fabales;Fabaceae;Cassia;Cassia fistula;NA;NA;NA
AF365092.1	Eukaryota;Streptophyta;Magnoliopsida;Fabales;Fabaceae;Cassia;Cassia grandis;NA;NA;NA
AB063527.1	Eukaryota;Streptophyta;Magnoliopsida;Fagales;Fagaceae;Castanea;Castanea crenata;NA;NA;NA
AB107714.1	Eukaryota;Streptophyta;Magnoliopsida;Fagales;Fagaceae;Castanea;Castanea crenata;NA;NA;NA
AF344181.1	Eukaryota;Streptophyta;Magnoliopsida;Fagales;Fagaceae;Castanea;Castanea crenata;NA;NA;NA
NC_054203.1	Eukaryota;Streptophyta;Magnoliopsida;Fagales;Fagaceae;Castanea;Castanea crenata;NA;NA;NA
AF344180.1	Eukaryota;Streptophyta;Magnoliopsida;Fagales;Fagaceae;Castanea;Castanea dentata;NA;NA;NA
AY586285.1	Eukaryota;Streptophyta;Magnoliopsida;Fagales;Fagaceae;Castanea;Castanea dentata;NA;NA;NA
AF344182.1	Eukaryota;Streptophyta;Magnoliopsida;Fagales;Fagaceae;Castanea;Castanea mollissima;NA;NA;NA
NC_014674.1	Eukaryota;Streptophyta;Magnoliopsida;Fagales;Fagaceae;Castanea;Castanea mollissima;NA;NA;NA
AY586287.1	Eukaryota;Streptophyta;Magnoliopsida;Fagales;Fagaceae;Castanea;Castanea pumila;NA;Castanea pumila var. pumila;NA
NC_054204.1	Eukaryota;Streptophyta;Magnoliopsida;Fagales;Fagaceae;Castanea;Castanea sativa;NA;NA;NA
AF311375.1	Eukaryota;Streptophyta;Magnoliopsida;Fabales;Fabaceae;Castanospermum;Castanospermum australe;NA;NA;NA
NC_065725.1	Eukaryota;Streptophyta;Magnoliopsida;Celastrales;Celastraceae;Catha;Catha edulis;NA;NA;NA
HQ696753.1	Eukaryota;Streptophyta;Magnoliopsida;Malvales;Malvaceae;Ceiba;Ceiba pentandra;NA;NA;NA
LT993045.1	Eukaryota;Streptophyta;Magnoliopsida;Caryophyllales;Amaranthaceae;Celosia;Celosia argentea;NA;NA;NA
NC_041294.1	Eukaryota;Streptophyta;Magnoliopsida;Caryophyllales;Amaranthaceae;Celosia;Celosia argentea;NA;NA;NA
MK187005.1	Eukaryota;Streptophyta;Magnoliopsida;Caryophyllales;Amaranthaceae;Celosia;Celosia trigyna;NA;NA;NA
MK261316.1	Eukaryota;Streptophyta;Magnoliopsida;Caryophyllales;Amaranthaceae;Celosia;Celosia trigyna;NA;NA;NA
PX687121.1	Eukaryota;Streptophyta;Magnoliopsida;Caryophyllales;Amaranthaceae;Celosia;Celosia trigyna;NA;NA;NA
KX372464.1	Eukaryota;Streptophyta;Magnoliopsida;Poales;Poaceae;Cenchrus;Cenchrus americanus;NA;NA;NA
NC_024171.1	Eukaryota;Streptophyta;Magnoliopsida;Poales;Poaceae;Cenchrus;Cenchrus americanus;NA;NA;NA
NC_066898.1	Eukaryota;Streptophyta;Magnoliopsida;Asterales;Asteraceae;Centaurea;Centaurea cyanus;NA;NA;NA
NC_085752.1	Eukaryota;Streptophyta;Magnoliopsida;Apiales;Apiaceae;Centella;Centella asiatica;NA;NA;NA
NC_026678.1	Eukaryota;Streptophyta;Magnoliopsida;Fabales;Fabaceae;Ceratonia;Ceratonia siliqua;NA;NA;NA
NC_056885.1	Eukaryota;Streptophyta;Magnoliopsida;Rosales;Rosaceae;Chaenomeles;Chaenomeles speciosa;NA;NA;NA
AM497773.1	Eukaryota;Streptophyta;Magnoliopsida;Arecales;Arecaceae;Chamaedorea;Chamaedorea tepejilote;NA;NA;NA
AF452496.1	Eukaryota;Streptophyta;Magnoliopsida;Asterales;Asteraceae;Chamaemelum;Chamaemelum nobile;NA;NA;NA
JF345852.1	Eukaryota;Streptophyta;Magnoliopsida;Asterales;Asteraceae;Chamaemelum;Chamaemelum nobile;NA;NA;NA
NC_082574.1	Eukaryota;Streptophyta;Magnoliopsida;Asterales;Asteraceae;Chamaemelum;Chamaemelum nobile;NA;NA;NA
HE577609.1	Eukaryota;Streptophyta;Magnoliopsida;Caryophyllales;Amaranthaceae;Chenopodium;Chenopodium album;NA;NA;NA
MF598361.1	Eukaryota;Streptophyta;Magnoliopsida;Caryophyllales;Amaranthaceae;Chenopodium;Chenopodium album;NA;NA;NA
NC_034950.1	Eukaryota;Streptophyta;Magnoliopsida;Caryophyllales;Amaranthaceae;Chenopodium;Chenopodium album;NA;NA;NA
PP668985.1	Eukaryota;Streptophyta;Magnoliopsida;Caryophyllales;Amaranthaceae;Chenopodium;Chenopodium album;NA;NA;NA
HE577561.1	Eukaryota;Streptophyta;Magnoliopsida;Caryophyllales;Amaranthaceae;Chenopodium;Chenopodium berlandieri;NA;NA;NA
NC_085145.1	Eukaryota;Streptophyta;Magnoliopsida;Caryophyllales;Amaranthaceae;Chenopodium;Chenopodium berlandieri;NA;NA;NA
HE577565.1	Eukaryota;Streptophyta;Magnoliopsida;Caryophyllales;Amaranthaceae;Chenopodium;Chenopodium berlandieri;Chenopodium berlandieri subsp. nuttalliae;NA;NA
HE577564.1	Eukaryota;Streptophyta;Magnoliopsida;Caryophyllales;Amaranthaceae;Chenopodium;Chenopodium berlandieri;Chenopodium berlandieri subsp. berlandieri;Chenopodium berlandieri var. boscianum;NA
HE577563.1	Eukaryota;Streptophyta;Magnoliopsida;Caryophyllales;Amaranthaceae;Chenopodium;Chenopodium berlandieri;Chenopodium berlandieri subsp. berlandieri;Chenopodium berlandieri var. zschackei;NA
HE577573.1	Eukaryota;Streptophyta;Magnoliopsida;Caryophyllales;Amaranthaceae;Chenopodium;Chenopodium pallidicaule;NA;NA;NA
NC_034949.1	Eukaryota;Streptophyta;Magnoliopsida;Caryophyllales;Amaranthaceae;Chenopodium;Chenopodium quinoa;NA;NA;NA
HM000086.1	Eukaryota;Streptophyta;Magnoliopsida;Asterales;Asteraceae;Chrysanthemum;Chrysanthemum indicum;NA;NA;NA
HM000087.1	Eukaryota;Streptophyta;Magnoliopsida;Asterales;Asteraceae;Chrysanthemum;Chrysanthemum indicum;NA;NA;NA
HM000094.1	Eukaryota;Streptophyta;Magnoliopsida;Asterales;Asteraceae;Chrysanthemum;Chrysanthemum indicum;NA;NA;NA
HM000096.1	Eukaryota;Streptophyta;Magnoliopsida;Asterales;Asteraceae;Chrysanthemum;Chrysanthemum indicum;NA;NA;NA
MK353524.1	Eukaryota;Streptophyta;Magnoliopsida;Asterales;Asteraceae;Chrysanthemum;Chrysanthemum indicum;NA;NA;NA
MK353527.1	Eukaryota;Streptophyta;Magnoliopsida;Asterales;Asteraceae;Chrysanthemum;Chrysanthemum indicum;NA;NA;NA
NC_020320.1	Eukaryota;Streptophyta;Magnoliopsida;Asterales;Asteraceae;Chrysanthemum;Chrysanthemum indicum;NA;NA;NA
GU595145.1	Eukaryota;Streptophyta;Magnoliopsida;Asterales;Asteraceae;Chrysanthemum;Chrysanthemum x morifolium;NA;NA;NA
MK353532.1	Eukaryota;Streptophyta;Magnoliopsida;Asterales;Asteraceae;Chrysanthemum;Chrysanthemum x morifolium;NA;NA;NA
NC_024061.1	Eukaryota;Streptophyta;Magnoliopsida;Malpighiales;Chrysobalanaceae;Chrysobalanus;Chrysobalanus icaco;NA;NA;NA
NC_053850.1	Eukaryota;Streptophyta;Magnoliopsida;Ericales;Sapotaceae;Chrysophyllum;Chrysophyllum cainito;NA;NA;NA
AF077650.1	Eukaryota;Streptophyta;Magnoliopsida;Ericales;Sapotaceae;Chrysophyllum;Chrysophyllum oliviforme;NA;NA;NA
DQ344287.1	Eukaryota;Streptophyta;Magnoliopsida;Ericales;Sapotaceae;Chrysophyllum;Chrysophyllum oliviforme;NA;NA;NA
MK187012.1	Eukaryota;Streptophyta;Magnoliopsida;Poales;Poaceae;Chrysopogon;Chrysopogon nigritanus;NA;NA;NA
NC_035034.1	Eukaryota;Streptophyta;Magnoliopsida;Poales;Poaceae;Chrysopogon;Chrysopogon zizanioides;NA;NA;NA
NC_037893.1	Eukaryota;Streptophyta;Polypodiopsida;Cyatheales;Cibotiaceae;Cibotium;Cibotium barometz;NA;NA;NA
NC_011163.1	Eukaryota;Streptophyta;Magnoliopsida;Fabales;Fabaceae;Cicer;Cicer arietinum;NA;NA;NA
NC_082974.1	Eukaryota;Streptophyta;Magnoliopsida;Asterales;Asteraceae;Cichorium;Cichorium endivia;NA;NA;NA
HQ323864.1	Eukaryota;Streptophyta;Magnoliopsida;Asterales;Asteraceae;Cichorium;Cichorium intybus;NA;NA;NA
NC_043842.1	Eukaryota;Streptophyta;Magnoliopsida;Asterales;Asteraceae;Cichorium;Cichorium intybus;NA;NA;NA
AY538451.1	Eukaryota;Streptophyta;Magnoliopsida;Gentianales;Rubiaceae;Cinchona;Cinchona pubescens;NA;NA;NA
AB040087.1	Eukaryota;Streptophyta;Magnoliopsida;Laurales;Lauraceae;Cinnamomum;Cinnamomum burmanni;NA;NA;NA
NC_065101.1	Eukaryota;Streptophyta;Magnoliopsida;Laurales;Lauraceae;Cinnamomum;Cinnamomum burmanni;NA;NA;NA
DQ822585.1	Eukaryota;Streptophyta;Magnoliopsida;Laurales;Lauraceae;Cinnamomum;Cinnamomum tamala;NA;NA;NA
NC_065109.1	Eukaryota;Streptophyta;Magnoliopsida;Laurales;Lauraceae;Cinnamomum;Cinnamomum tamala;NA;NA;NA
AB040086.1	Eukaryota;Streptophyta;Magnoliopsida;Laurales;Lauraceae;Cinnamomum;Cinnamomum verum;NA;NA;NA
NC_035236.1	Eukaryota;Streptophyta;Magnoliopsida;Laurales;Lauraceae;Cinnamomum;Cinnamomum verum;NA;NA;NA
NC_032008.1	Eukaryota;Streptophyta;Magnoliopsida;Cucurbitales;Cucurbitaceae;Citrullus;Citrullus lanatus;NA;NA;NA
EF126686.1	Eukaryota;Streptophyta;Magnoliopsida;Sapindales;Rutaceae;Citrus;Citrus australasica;NA;NA;NA
NC_058999.1	Eukaryota;Streptophyta;Magnoliopsida;Sapindales;Rutaceae;Citrus;Citrus australasica;NA;NA;NA
EU369565.1	Eukaryota;Streptophyta;Magnoliopsida;Sapindales;Rutaceae;Citrus;Citrus australis;NA;NA;NA
NC_065752.1	Eukaryota;Streptophyta;Magnoliopsida;Sapindales;Rutaceae;Citrus;Citrus australis;NA;NA;NA
AY295287.1	Eukaryota;Streptophyta;Magnoliopsida;Sapindales;Rutaceae;Citrus;Citrus garrawayi;NA;NA;NA
AY295293.1	Eukaryota;Streptophyta;Magnoliopsida;Sapindales;Rutaceae;Citrus;Citrus glauca;NA;NA;NA
EF126652.1	Eukaryota;Streptophyta;Magnoliopsida;Sapindales;Rutaceae;Citrus;Citrus hystrix;NA;NA;NA
EF126688.1	Eukaryota;Streptophyta;Magnoliopsida;Sapindales;Rutaceae;Citrus;Citrus inodora;NA;NA;NA
NC_065754.1	Eukaryota;Streptophyta;Magnoliopsida;Sapindales;Rutaceae;Citrus;Citrus jambhiri;NA;NA;NA
NC_053733.1	Eukaryota;Streptophyta;Magnoliopsida;Sapindales;Rutaceae;Citrus;Citrus japonica;NA;NA;NA
EF126680.1	Eukaryota;Streptophyta;Magnoliopsida;Sapindales;Rutaceae;Citrus;Citrus japonica;NA;Citrus japonica var. margarita;NA
EU369578.1	Eukaryota;Streptophyta;Magnoliopsida;Sapindales;Rutaceae;Citrus;Citrus limonia;NA;NA;NA
NC_065755.1	Eukaryota;Streptophyta;Magnoliopsida;Sapindales;Rutaceae;Citrus;Citrus limonia;NA;NA;NA
NC_034290.1	Eukaryota;Streptophyta;Magnoliopsida;Sapindales;Rutaceae;Citrus;Citrus maxima;NA;NA;NA
NC_050939.1	Eukaryota;Streptophyta;Magnoliopsida;Sapindales;Rutaceae;Citrus;Citrus medica;NA;NA;NA
EU369533.1	Eukaryota;Streptophyta;Magnoliopsida;Sapindales;Rutaceae;Citrus;Citrus reticulata;NA;NA;NA
EU369548.1	Eukaryota;Streptophyta;Magnoliopsida;Sapindales;Rutaceae;Citrus;Citrus reticulata;NA;NA;NA
EU369550.1	Eukaryota;Streptophyta;Magnoliopsida;Sapindales;Rutaceae;Citrus;Citrus reticulata;NA;NA;NA
EU369551.1	Eukaryota;Streptophyta;Magnoliopsida;Sapindales;Rutaceae;Citrus;Citrus reticulata;NA;NA;NA
EU369552.1	Eukaryota;Streptophyta;Magnoliopsida;Sapindales;Rutaceae;Citrus;Citrus reticulata;NA;NA;NA
EU369576.1	Eukaryota;Streptophyta;Magnoliopsida;Sapindales;Rutaceae;Citrus;Citrus reticulata;NA;NA;NA
HM163757.1	Eukaryota;Streptophyta;Magnoliopsida;Sapindales;Rutaceae;Citrus;Citrus reticulata;NA;NA;NA
NC_034671.1	Eukaryota;Streptophyta;Magnoliopsida;Sapindales;Rutaceae;Citrus;Citrus reticulata;NA;NA;NA
NC_008334.1	Eukaryota;Streptophyta;Magnoliopsida;Sapindales;Rutaceae;Citrus;Citrus sinensis;NA;NA;NA
AY295282.1	Eukaryota;Streptophyta;Magnoliopsida;Sapindales;Rutaceae;Citrus;Citrus trifoliata;NA;NA;NA
DQ225926.1	Eukaryota;Streptophyta;Magnoliopsida;Sapindales;Rutaceae;Citrus;Citrus trifoliata;NA;NA;NA
EU369561.1	Eukaryota;Streptophyta;Magnoliopsida;Sapindales;Rutaceae;Citrus;Citrus trifoliata;NA;NA;NA
HM163759.1	Eukaryota;Streptophyta;Magnoliopsida;Sapindales;Rutaceae;Citrus;Citrus trifoliata;NA;NA;NA
NC_079821.1	Eukaryota;Streptophyta;Magnoliopsida;Sapindales;Rutaceae;Citrus;Citrus unshiu x Citrus sinensis;NA;NA;NA
EF126689.1	Eukaryota;Streptophyta;Magnoliopsida;Sapindales;Rutaceae;Citrus;Citrus wintersii;NA;NA;NA
NC_024929.1	Eukaryota;Streptophyta;Magnoliopsida;Sapindales;Rutaceae;Citrus;Citrus x aurantiifolia;NA;NA;NA
NC_052719.1	Eukaryota;Streptophyta;Magnoliopsida;Sapindales;Rutaceae;Citrus;Citrus x aurantium;NA;NA;NA
EF126657.1	Eukaryota;Streptophyta;Magnoliopsida;Sapindales;Rutaceae;Citrus;Citrus x latifolia;NA;NA;NA
NC_034690.1	Eukaryota;Streptophyta;Magnoliopsida;Sapindales;Rutaceae;Citrus;Citrus x limon;NA;NA;NA
KY656108.1	Eukaryota;Streptophyta;Magnoliopsida;Sapindales;Rutaceae;Citrus;Citrus x limon;NA;Citrus x limon var. pompia;NA
EF126662.1	Eukaryota;Streptophyta;Magnoliopsida;Sapindales;Rutaceae;Citrus;Citrus x microcarpa;NA;NA;NA
AY295277.1	Eukaryota;Streptophyta;Magnoliopsida;Sapindales;Rutaceae;Citrus;Citrus x paradisi;NA;NA;NA
KJ667721.1	Eukaryota;Streptophyta;Magnoliopsida;Sapindales;Rutaceae;Citrus;Citrus x tangelo;NA;NA;NA
DQ225927.1	Eukaryota;Streptophyta;Magnoliopsida;Sapindales;Rutaceae;Clausena;Clausena lansium;NA;NA;NA
EU369568.1	Eukaryota;Streptophyta;Magnoliopsida;Sapindales;Rutaceae;Clausena;Clausena lansium;NA;NA;NA
NC_061742.1	Eukaryota;Streptophyta;Magnoliopsida;Sapindales;Rutaceae;Clausena;Clausena lansium;NA;NA;NA
NC_047365.1	Eukaryota;Streptophyta;Magnoliopsida;Fabales;Fabaceae;Clitoria;Clitoria ternatea;NA;NA;NA
MH935283.1	Eukaryota;Streptophyta;Magnoliopsida;Malpighiales;Euphorbiaceae;Cnidoscolus;Cnidoscolus aconitifolius;Cnidoscolus aconitifolius subsp. aconitifolius;NA;NA
MH935334.1	Eukaryota;Streptophyta;Magnoliopsida;Malpighiales;Euphorbiaceae;Cnidoscolus;Cnidoscolus aconitifolius;Cnidoscolus aconitifolius subsp. polyanthus;NA;NA
MH935287.1	Eukaryota;Streptophyta;Magnoliopsida;Malpighiales;Euphorbiaceae;Cnidoscolus;Cnidoscolus urens;NA;NA;NA
MH935293.1	Eukaryota;Streptophyta;Magnoliopsida;Malpighiales;Euphorbiaceae;Cnidoscolus;Cnidoscolus urens;NA;NA;NA
MH935300.1	Eukaryota;Streptophyta;Magnoliopsida;Malpighiales;Euphorbiaceae;Cnidoscolus;Cnidoscolus urens;NA;NA;NA
HQ608410.1	Eukaryota;Streptophyta;Magnoliopsida;Cucurbitales;Cucurbitaceae;Coccinia;Coccinia grandis;NA;NA;NA
NC_031834.1	Eukaryota;Streptophyta;Magnoliopsida;Cucurbitales;Cucurbitaceae;Coccinia;Coccinia grandis;NA;NA;NA
AJ312249.1	Eukaryota;Streptophyta;Magnoliopsida;Caryophyllales;Polygonaceae;Coccoloba;Coccoloba uvifera;NA;NA;NA
NC_068873.1	Eukaryota;Streptophyta;Magnoliopsida;Caryophyllales;Polygonaceae;Coccoloba;Coccoloba uvifera;NA;NA;NA
AM113647.1	Eukaryota;Streptophyta;Magnoliopsida;Arecales;Arecaceae;Cocos;Cocos nucifera;NA;NA;NA
HG969955.1	Eukaryota;Streptophyta;Magnoliopsida;Arecales;Arecaceae;Cocos;Cocos nucifera;NA;NA;NA
NC_022417.1	Eukaryota;Streptophyta;Magnoliopsida;Arecales;Arecaceae;Cocos;Cocos nucifera;NA;NA;NA
KP761618.1	Eukaryota;Streptophyta;Magnoliopsida;Asterales;Campanulaceae;Codonopsis;Codonopsis javanica;NA;NA;NA
KT970295.1	Eukaryota;Streptophyta;Magnoliopsida;Asterales;Campanulaceae;Codonopsis;Codonopsis javanica;NA;NA;NA
NC_063743.1	Eukaryota;Streptophyta;Magnoliopsida;Asterales;Campanulaceae;Codonopsis;Codonopsis javanica;NA;NA;NA
HQ704654.1	Eukaryota;Streptophyta;Magnoliopsida;Asterales;Campanulaceae;Codonopsis;Codonopsis lanceolata;NA;NA;NA
JF747587.1	Eukaryota;Streptophyta;Magnoliopsida;Asterales;Campanulaceae;Codonopsis;Codonopsis lanceolata;NA;NA;NA
OQ846945.1	Eukaryota;Streptophyta;Magnoliopsida;Asterales;Campanulaceae;Codonopsis;Codonopsis lanceolata;NA;NA;NA
NC_008535.1	Eukaryota;Streptophyta;Magnoliopsida;Gentianales;Rubiaceae;Coffea;Coffea arabica;NA;NA;NA
OQ953999.1	Eukaryota;Streptophyta;Magnoliopsida;Gentianales;Rubiaceae;Coffea;Coffea arabica;NA;NA;NA
AF543017.1	Eukaryota;Streptophyta;Magnoliopsida;Gentianales;Rubiaceae;Coffea;Coffea canephora;NA;NA;NA
MZ668330.1	Eukaryota;Streptophyta;Magnoliopsida;Gentianales;Rubiaceae;Coffea;Coffea canephora;NA;NA;NA
NC_030053.1	Eukaryota;Streptophyta;Magnoliopsida;Gentianales;Rubiaceae;Coffea;Coffea canephora;NA;NA;NA
OQ779490.1	Eukaryota;Streptophyta;Magnoliopsida;Gentianales;Rubiaceae;Coffea;Coffea canephora;NA;NA;NA
AF543016.1	Eukaryota;Streptophyta;Magnoliopsida;Gentianales;Rubiaceae;Coffea;Coffea congensis;NA;NA;NA
MZ668339.1	Eukaryota;Streptophyta;Magnoliopsida;Gentianales;Rubiaceae;Coffea;Coffea eugenioides;NA;NA;NA
NC_083907.1	Eukaryota;Streptophyta;Magnoliopsida;Gentianales;Rubiaceae;Coffea;Coffea eugenioides;NA;NA;NA
AF543018.1	Eukaryota;Streptophyta;Magnoliopsida;Gentianales;Rubiaceae;Coffea;Coffea liberica;NA;NA;NA
AF543042.1	Eukaryota;Streptophyta;Magnoliopsida;Gentianales;Rubiaceae;Coffea;Coffea liberica;NA;NA;NA
MN715161.1	Eukaryota;Streptophyta;Magnoliopsida;Gentianales;Rubiaceae;Coffea;Coffea liberica;NA;NA;NA
MN715162.1	Eukaryota;Streptophyta;Magnoliopsida;Gentianales;Rubiaceae;Coffea;Coffea liberica;NA;NA;NA
AF543019.1	Eukaryota;Streptophyta;Magnoliopsida;Gentianales;Rubiaceae;Coffea;Coffea liberica;NA;Coffea liberica var. dewevrei;NA
AF543043.1	Eukaryota;Streptophyta;Magnoliopsida;Gentianales;Rubiaceae;Coffea;Coffea liberica;NA;Coffea liberica var. dewevrei;NA
DQ153846.1	Eukaryota;Streptophyta;Magnoliopsida;Gentianales;Rubiaceae;Coffea;Coffea liberica;NA;Coffea liberica var. liberica;NA
AY626350.1	Eukaryota;Streptophyta;Magnoliopsida;Poales;Poaceae;Coix;Coix lacryma-jobi;NA;NA;NA
DQ004970.1	Eukaryota;Streptophyta;Magnoliopsida;Poales;Poaceae;Coix;Coix lacryma-jobi;NA;NA;NA
EF137580.1	Eukaryota;Streptophyta;Magnoliopsida;Poales;Poaceae;Coix;Coix lacryma-jobi;NA;NA;NA
PP081769.1	Eukaryota;Streptophyta;Magnoliopsida;Poales;Poaceae;Coix;Coix lacryma-jobi;NA;NA;NA
AB571314.1	Eukaryota;Streptophyta;Magnoliopsida;Poales;Poaceae;Coix;Coix lacryma-jobi;NA;Coix lacryma-jobi var. ma-yuen;NA
JN676057.1	Eukaryota;Streptophyta;Magnoliopsida;Malvales;Malvaceae;Cola;Cola acuminata;NA;NA;NA
AJ505499.1	Eukaryota;Streptophyta;Magnoliopsida;Lamiales;Lamiaceae;Coleus;Coleus amboinicus;NA;NA;NA
MH612655.1	Eukaryota;Streptophyta;Magnoliopsida;Lamiales;Lamiaceae;Coleus;Coleus esculentus;NA;NA;NA
NC_016753.1	Eukaryota;Streptophyta;Magnoliopsida;Alismatales;Araceae;Colocasia;Colocasia esculenta;NA;NA;NA
AF469018.1	Eukaryota;Streptophyta;Magnoliopsida;Alismatales;Araceae;Colocasia;Colocasia esculenta;NA;Colocasia esculenta var. antiquorum;NA
JQ237229.1	Eukaryota;Streptophyta;Magnoliopsida;Alismatales;Araceae;Colocasia;Colocasia esculenta;NA;Colocasia esculenta var. antiquorum;NA
JQ238720.1	Eukaryota;Streptophyta;Magnoliopsida;Alismatales;Araceae;Colocasia;Colocasia esculenta;NA;Colocasia esculenta var. fontanesii;NA
MK187025.1	Eukaryota;Streptophyta;Magnoliopsida;Myrtales;Combretaceae;Combretum;Combretum hereroense;NA;NA;NA
NC_053324.1	Eukaryota;Streptophyta;Magnoliopsida;Myrtales;Combretaceae;Combretum;Combretum indicum;NA;NA;NA
KR738448.1	Eukaryota;Streptophyta;Magnoliopsida;Commelinales;Commelinaceae;Commelina;Commelina africana;NA;NA;NA
NC_072999.1	Eukaryota;Streptophyta;Magnoliopsida;Commelinales;Commelinaceae;Commelina;Commelina benghalensis;NA;NA;NA
LC568682.1	Eukaryota;Streptophyta;Magnoliopsida;Commelinales;Commelinaceae;Commelina;Commelina communis;NA;NA;NA
MK261492.1	Eukaryota;Streptophyta;Magnoliopsida;Sapindales;Burseraceae;Commiphora;Commiphora africana;NA;NA;NA
NC_044467.1	Eukaryota;Streptophyta;Magnoliopsida;Malvales;Malvaceae;Corchorus;Corchorus capsularis;NA;NA;NA
NC_044468.1	Eukaryota;Streptophyta;Magnoliopsida;Malvales;Malvaceae;Corchorus;Corchorus olitorius;NA;NA;NA
AM159151.1	Eukaryota;Streptophyta;Magnoliopsida;Malvales;Malvaceae;Corchorus;Corchorus trilocularis;NA;NA;NA
EF688851.1	Eukaryota;Streptophyta;Magnoliopsida;Boraginales;Cordiaceae;Cordia;Cordia decandra;NA;NA;NA
NC_084202.1	Eukaryota;Streptophyta;Magnoliopsida;Boraginales;Cordiaceae;Cordia;Cordia sinensis;NA;NA;NA
NC_029850.1	Eukaryota;Streptophyta;Magnoliopsida;Apiales;Apiaceae;Coriandrum;Coriandrum sativum;NA;NA;NA
DQ863228.1	Eukaryota;Streptophyta;Magnoliopsida;Rosales;Rosaceae;Cormus;Cormus domestica;NA;NA;NA
KX668022.1	Eukaryota;Streptophyta;Magnoliopsida;Fagales;Betulaceae;Corylus;Corylus avellana;NA;NA;NA
MN082371.1	Eukaryota;Streptophyta;Magnoliopsida;Fagales;Betulaceae;Corylus;Corylus avellana;NA;NA;NA
NC_031855.1	Eukaryota;Streptophyta;Magnoliopsida;Fagales;Betulaceae;Corylus;Corylus avellana;NA;NA;NA
FJ012027.1	Eukaryota;Streptophyta;Magnoliopsida;Fagales;Betulaceae;Corylus;Corylus chinensis;NA;NA;NA
NC_032351.1	Eukaryota;Streptophyta;Magnoliopsida;Fagales;Betulaceae;Corylus;Corylus chinensis;NA;NA;NA
NC_031856.1	Eukaryota;Streptophyta;Magnoliopsida;Fagales;Betulaceae;Corylus;Corylus heterophylla;NA;NA;NA
KF419001.1	Eukaryota;Streptophyta;Magnoliopsida;Fagales;Betulaceae;Corylus;Corylus maxima;NA;NA;NA
NC_045289.1	Eukaryota;Streptophyta;Magnoliopsida;Fagales;Betulaceae;Corylus;Corylus sieboldiana;NA;NA;NA
LC568689.1	Eukaryota;Streptophyta;Magnoliopsida;Fagales;Betulaceae;Corylus;Corylus sieboldiana;NA;Corylus sieboldiana var. sieboldiana;NA
HQ287700.1	Eukaryota;Streptophyta;Magnoliopsida;Myrtales;Myrtaceae;Corymbia;Corymbia calophylla;NA;NA;NA
EU047874.1	Eukaryota;Streptophyta;Magnoliopsida;Asterales;Asteraceae;Cosmos;Cosmos sulphureus;NA;NA;NA
NC_070354.1	Eukaryota;Streptophyta;Magnoliopsida;Zingiberales;Costaceae;Costus;Costus barbatus;NA;NA;NA
AF214339.1	Eukaryota;Streptophyta;Magnoliopsida;Gentianales;Apocynaceae;Couma;Couma macrocarpa;NA;NA;NA
AF077632.1	Eukaryota;Streptophyta;Magnoliopsida;Ericales;Lecythidaceae;Couroupita;Couroupita guianensis;NA;NA;NA
AY722531.1	Eukaryota;Streptophyta;Magnoliopsida;Brassicales;Brassicaceae;Crambe;Crambe hispanica;Crambe hispanica subsp. abyssinica;NA;NA
AY722535.1	Eukaryota;Streptophyta;Magnoliopsida;Brassicales;Brassicaceae;Crambe;Crambe hispanica;Crambe hispanica subsp. hispanica;NA;NA
AM157407.1	Eukaryota;Streptophyta;Magnoliopsida;Rosales;Rosaceae;Crataegus;Crataegus azarolus;NA;NA;NA
NC_054155.1	Eukaryota;Streptophyta;Magnoliopsida;Rosales;Rosaceae;Crataegus;Crataegus hupehensis;NA;NA;NA
MN445244.1	Eukaryota;Streptophyta;Magnoliopsida;Lamiales;Bignoniaceae;Crescentia;Crescentia cujete;NA;NA;NA
MT679649.1	Eukaryota;Streptophyta;Magnoliopsida;Lamiales;Bignoniaceae;Crescentia;Crescentia cujete;NA;NA;NA
NC_015804.1	Eukaryota;Streptophyta;Magnoliopsida;Apiales;Apiaceae;Crithmum;Crithmum maritimum;NA;NA;NA
NC_041460.1	Eukaryota;Streptophyta;Magnoliopsida;Asparagales;Iridaceae;Crocus;Crocus sativus;NA;NA;NA
MK261386.1	Eukaryota;Streptophyta;Magnoliopsida;Fabales;Fabaceae;Crotalaria;Crotalaria brevidens;NA;NA;NA
KP691163.1	Eukaryota;Streptophyta;Magnoliopsida;Fabales;Fabaceae;Crotalaria;Crotalaria grahamiana;NA;NA;NA
NC_040113.1	Eukaryota;Streptophyta;Magnoliopsida;Malpighiales;Euphorbiaceae;Croton;Croton tiglium;NA;NA;NA
JN102175.1	Eukaryota;Streptophyta;Magnoliopsida;Apiales;Apiaceae;Cryptotaenia;Cryptotaenia japonica;NA;NA;NA
NC_046737.1	Eukaryota;Streptophyta;Magnoliopsida;Apiales;Apiaceae;Cryptotaenia;Cryptotaenia japonica;NA;NA;NA
NC_057560.1	Eukaryota;Streptophyta;Magnoliopsida;Cucurbitales;Cucurbitaceae;Cucumis;Cucumis melo;NA;NA;NA
DQ785875.1	Eukaryota;Streptophyta;Magnoliopsida;Cucurbitales;Cucurbitaceae;Cucumis;Cucumis melo;Cucumis melo subsp. agrestis;NA;NA
KY434474.1	Eukaryota;Streptophyta;Magnoliopsida;Cucurbitales;Cucurbitaceae;Cucumis;Cucumis melo;Cucumis melo subsp. melo;NA;NA
KY434450.1	Eukaryota;Streptophyta;Magnoliopsida;Cucurbitales;Cucurbitaceae;Cucumis;Cucumis melo;Cucumis melo subsp. meloides;NA;NA
KY434453.1	Eukaryota;Streptophyta;Magnoliopsida;Cucurbitales;Cucurbitaceae;Cucumis;Cucumis melo;Cucumis melo subsp. meloides;NA;NA
DQ536805.1	Eukaryota;Streptophyta;Magnoliopsida;Cucurbitales;Cucurbitaceae;Cucumis;Cucumis metuliferus;NA;NA;NA
NC_007144.1	Eukaryota;Streptophyta;Magnoliopsida;Cucurbitales;Cucurbitaceae;Cucumis;Cucumis sativus;NA;NA;NA
HM597033.1	Eukaryota;Streptophyta;Magnoliopsida;Cucurbitales;Cucurbitaceae;Cucumis;Cucumis sativus;NA;Cucumis sativus var. hardwickii;NA
HM597036.1	Eukaryota;Streptophyta;Magnoliopsida;Cucurbitales;Cucurbitaceae;Cucumis;Cucumis sativus;NA;Cucumis sativus var. sativus;NA
NC_065148.1	Eukaryota;Streptophyta;Magnoliopsida;Cucurbitales;Cucurbitaceae;Cucurbita;Cucurbita argyrosperma;NA;NA;NA
HQ438663.1	Eukaryota;Streptophyta;Magnoliopsida;Cucurbitales;Cucurbitaceae;Cucurbita;Cucurbita argyrosperma;Cucurbita argyrosperma subsp. argyrosperma;NA;NA
HQ438662.1	Eukaryota;Streptophyta;Magnoliopsida;Cucurbitales;Cucurbitaceae;Cucurbita;Cucurbita argyrosperma;Cucurbita argyrosperma subsp. sororia;NA;NA
HQ438675.1	Eukaryota;Streptophyta;Magnoliopsida;Cucurbitales;Cucurbitaceae;Cucurbita;Cucurbita argyrosperma;Cucurbita argyrosperma subsp. argyrosperma;Cucurbita argyrosperma var. callicarpa;NA
HQ438661.1	Eukaryota;Streptophyta;Magnoliopsida;Cucurbitales;Cucurbitaceae;Cucurbita;Cucurbita argyrosperma;Cucurbita argyrosperma subsp. argyrosperma;Cucurbita argyrosperma var. palmeri;NA
HQ438664.1	Eukaryota;Streptophyta;Magnoliopsida;Cucurbitales;Cucurbitaceae;Cucurbita;Cucurbita argyrosperma;Cucurbita argyrosperma subsp. argyrosperma;Cucurbita argyrosperma var. stenosperma;NA
DQ535867.1	Eukaryota;Streptophyta;Magnoliopsida;Cucurbitales;Cucurbitaceae;Cucurbita;Cucurbita ficifolia;NA;NA;NA
HQ438677.1	Eukaryota;Streptophyta;Magnoliopsida;Cucurbitales;Cucurbitaceae;Cucurbita;Cucurbita ficifolia;NA;NA;NA
NC_058583.1	Eukaryota;Streptophyta;Magnoliopsida;Cucurbitales;Cucurbitaceae;Cucurbita;Cucurbita ficifolia;NA;NA;NA
HQ438673.1	Eukaryota;Streptophyta;Magnoliopsida;Cucurbitales;Cucurbitaceae;Cucurbita;Cucurbita maxima;NA;NA;NA
MN411626.1	Eukaryota;Streptophyta;Magnoliopsida;Cucurbitales;Cucurbitaceae;Cucurbita;Cucurbita maxima;NA;NA;NA
NC_036505.1	Eukaryota;Streptophyta;Magnoliopsida;Cucurbitales;Cucurbitaceae;Cucurbita;Cucurbita maxima;NA;NA;NA
HQ438674.1	Eukaryota;Streptophyta;Magnoliopsida;Cucurbitales;Cucurbitaceae;Cucurbita;Cucurbita maxima;Cucurbita maxima subsp. andreana;NA;NA
HQ438660.1	Eukaryota;Streptophyta;Magnoliopsida;Cucurbitales;Cucurbitaceae;Cucurbita;Cucurbita moschata;NA;NA;NA
MN381967.1	Eukaryota;Streptophyta;Magnoliopsida;Cucurbitales;Cucurbitaceae;Cucurbita;Cucurbita moschata;NA;NA;NA
NC_036506.1	Eukaryota;Streptophyta;Magnoliopsida;Cucurbitales;Cucurbitaceae;Cucurbita;Cucurbita moschata;NA;NA;NA
MN411623.1	Eukaryota;Streptophyta;Magnoliopsida;Cucurbitales;Cucurbitaceae;Cucurbita;Cucurbita pepo;NA;NA;NA
NC_038229.1	Eukaryota;Streptophyta;Magnoliopsida;Cucurbitales;Cucurbitaceae;Cucurbita;Cucurbita pepo;NA;NA;NA
HQ438669.1	Eukaryota;Streptophyta;Magnoliopsida;Cucurbitales;Cucurbitaceae;Cucurbita;Cucurbita pepo;Cucurbita pepo subsp. pepo;NA;NA
MN411624.1	Eukaryota;Streptophyta;Magnoliopsida;Cucurbitales;Cucurbitaceae;Cucurbita;Cucurbita pepo;Cucurbita pepo subsp. pepo;NA;NA
NC_046879.1	Eukaryota;Streptophyta;Magnoliopsida;Apiales;Apiaceae;Cuminum;Cuminum cyminum;NA;NA;NA
HM459517.1	Eukaryota;Streptophyta;Magnoliopsida;Asparagales;Hypoxidaceae;Curculigo;Curculigo latifolia;NA;NA;NA
DQ471966.1	Eukaryota;Streptophyta;Magnoliopsida;Zingiberales;Zingiberaceae;Curcuma;Curcuma aeruginosa;NA;NA;NA
JQ409821.1	Eukaryota;Streptophyta;Magnoliopsida;Zingiberales;Zingiberaceae;Curcuma;Curcuma aeruginosa;NA;NA;NA
ON615011.1	Eukaryota;Streptophyta;Magnoliopsida;Zingiberales;Zingiberaceae;Curcuma;Curcuma aeruginosa;NA;NA;NA
JQ409819.1	Eukaryota;Streptophyta;Magnoliopsida;Zingiberales;Zingiberaceae;Curcuma;Curcuma angustifolia;NA;NA;NA
KJ803045.1	Eukaryota;Streptophyta;Magnoliopsida;Zingiberales;Zingiberaceae;Curcuma;Curcuma angustifolia;NA;NA;NA
KJ803046.1	Eukaryota;Streptophyta;Magnoliopsida;Zingiberales;Zingiberaceae;Curcuma;Curcuma angustifolia;NA;NA;NA
KJ803047.1	Eukaryota;Streptophyta;Magnoliopsida;Zingiberales;Zingiberaceae;Curcuma;Curcuma angustifolia;NA;NA;NA
ON614999.1	Eukaryota;Streptophyta;Magnoliopsida;Zingiberales;Zingiberaceae;Curcuma;Curcuma angustifolia;NA;NA;NA
ON615049.1	Eukaryota;Streptophyta;Magnoliopsida;Zingiberales;Zingiberaceae;Curcuma;Curcuma angustifolia;NA;NA;NA
DQ471970.1	Eukaryota;Streptophyta;Magnoliopsida;Zingiberales;Zingiberaceae;Curcuma;Curcuma heyneana;NA;NA;NA
KJ803072.1	Eukaryota;Streptophyta;Magnoliopsida;Zingiberales;Zingiberaceae;Curcuma;Curcuma heyneana;NA;NA;NA
JQ409823.1	Eukaryota;Streptophyta;Magnoliopsida;Zingiberales;Zingiberaceae;Curcuma;Curcuma longa;NA;NA;NA
KJ803076.1	Eukaryota;Streptophyta;Magnoliopsida;Zingiberales;Zingiberaceae;Curcuma;Curcuma longa;NA;NA;NA
KJ803077.1	Eukaryota;Streptophyta;Magnoliopsida;Zingiberales;Zingiberaceae;Curcuma;Curcuma longa;NA;NA;NA
KJ803079.1	Eukaryota;Streptophyta;Magnoliopsida;Zingiberales;Zingiberaceae;Curcuma;Curcuma longa;NA;NA;NA
NC_042886.1	Eukaryota;Streptophyta;Magnoliopsida;Zingiberales;Zingiberaceae;Curcuma;Curcuma longa;NA;NA;NA
ON615002.1	Eukaryota;Streptophyta;Magnoliopsida;Zingiberales;Zingiberaceae;Curcuma;Curcuma longa;NA;NA;NA
ON615028.1	Eukaryota;Streptophyta;Magnoliopsida;Zingiberales;Zingiberaceae;Curcuma;Curcuma longa;NA;NA;NA
ON615045.1	Eukaryota;Streptophyta;Magnoliopsida;Zingiberales;Zingiberaceae;Curcuma;Curcuma longa;NA;NA;NA
PP329605.1	Eukaryota;Streptophyta;Magnoliopsida;Zingiberales;Zingiberaceae;Curcuma;Curcuma longa;NA;NA;NA
DQ471976.1	Eukaryota;Streptophyta;Magnoliopsida;Zingiberales;Zingiberaceae;Curcuma;Curcuma xanthorrhiza;NA;NA;NA
JQ409832.1	Eukaryota;Streptophyta;Magnoliopsida;Zingiberales;Zingiberaceae;Curcuma;Curcuma xanthorrhiza;NA;NA;NA
DQ471974.1	Eukaryota;Streptophyta;Magnoliopsida;Zingiberales;Zingiberaceae;Curcuma;Curcuma zedoaria;NA;NA;NA
JQ409818.1	Eukaryota;Streptophyta;Magnoliopsida;Zingiberales;Zingiberaceae;Curcuma;Curcuma zedoaria;NA;NA;NA
JQ409838.1	Eukaryota;Streptophyta;Magnoliopsida;Zingiberales;Zingiberaceae;Curcuma;Curcuma zedoaria;NA;NA;NA
KJ803101.1	Eukaryota;Streptophyta;Magnoliopsida;Zingiberales;Zingiberaceae;Curcuma;Curcuma zedoaria;NA;NA;NA
KJ803102.1	Eukaryota;Streptophyta;Magnoliopsida;Zingiberales;Zingiberaceae;Curcuma;Curcuma zedoaria;NA;NA;NA
KJ803103.1	Eukaryota;Streptophyta;Magnoliopsida;Zingiberales;Zingiberaceae;Curcuma;Curcuma zedoaria;NA;NA;NA
KP208938.1	Eukaryota;Streptophyta;Magnoliopsida;Zingiberales;Zingiberaceae;Curcuma;Curcuma zedoaria;NA;NA;NA
NC_048505.1	Eukaryota;Streptophyta;Magnoliopsida;Zingiberales;Zingiberaceae;Curcuma;Curcuma zedoaria;NA;NA;NA
AF274360.1	Eukaryota;Streptophyta;Magnoliopsida;Fabales;Fabaceae;Cyamopsis;Cyamopsis tetragonoloba;NA;NA;NA
NC_037714.1	Eukaryota;Streptophyta;Magnoliopsida;Fabales;Fabaceae;Cyamopsis;Cyamopsis tetragonoloba;NA;NA;NA
AF531181.1	Eukaryota;Streptophyta;Cycadopsida;Cycadales;Cycadaceae;Cycas;Cycas revoluta;NA;NA;NA
GQ273656.1	Eukaryota;Streptophyta;Cycadopsida;Cycadales;Cycadaceae;Cycas;Cycas revoluta;NA;NA;NA
KP117213.1	Eukaryota;Streptophyta;Cycadopsida;Cycadales;Cycadaceae;Cycas;Cycas revoluta;NA;NA;NA
NC_020319.1	Eukaryota;Streptophyta;Cycadopsida;Cycadales;Cycadaceae;Cycas;Cycas revoluta;NA;NA;NA
PP081816.1	Eukaryota;Streptophyta;Cycadopsida;Cycadales;Cycadaceae;Cycas;Cycas revoluta;NA;NA;NA
NC_046860.1	Eukaryota;Streptophyta;Magnoliopsida;Cucurbitales;Cucurbitaceae;Cyclanthera;Cyclanthera pedata;NA;NA;NA
NC_045415.1	Eukaryota;Streptophyta;Magnoliopsida;Rosales;Rosaceae;Cydonia;Cydonia oblonga;NA;NA;NA
NC_042144.1	Eukaryota;Streptophyta;Magnoliopsida;Poales;Poaceae;Cymbopogon;Cymbopogon citratus;NA;NA;NA
NC_066017.1	Eukaryota;Streptophyta;Magnoliopsida;Asterales;Asteraceae;Cynara;Cynara cardunculus;NA;NA;NA
MN919158.1	Eukaryota;Streptophyta;Magnoliopsida;Asterales;Asteraceae;Cynara;Cynara cardunculus;Cynara cardunculus subsp. cardunculus;Cynara cardunculus var. scolymus;NA
AF449564.1	Eukaryota;Streptophyta;Magnoliopsida;Poales;Cyperaceae;Cyperus;Cyperus brevifolius;NA;NA;NA
AB817695.1	Eukaryota;Streptophyta;Magnoliopsida;Poales;Cyperaceae;Cyperus;Cyperus cyperoides;NA;NA;NA
AF449558.1	Eukaryota;Streptophyta;Magnoliopsida;Poales;Cyperaceae;Cyperus;Cyperus cyperoides;NA;NA;NA
KR737822.1	Eukaryota;Streptophyta;Magnoliopsida;Poales;Cyperaceae;Cyperus;Cyperus cyperoides;NA;NA;NA
NC_058698.1	Eukaryota;Streptophyta;Magnoliopsida;Poales;Cyperaceae;Cyperus;Cyperus esculentus;NA;NA;NA
AJ295759.1	Eukaryota;Streptophyta;Magnoliopsida;Poales;Cyperaceae;Cyperus;Cyperus papyrus;NA;NA;NA
NC_072297.1	Eukaryota;Streptophyta;Magnoliopsida;Poales;Cyperaceae;Cyperus;Cyperus papyrus;NA;NA;NA
NC_050170.1	Eukaryota;Streptophyta;Magnoliopsida;Poales;Cyperaceae;Cyperus;Cyperus rotundus;NA;NA;NA
PP081891.1	Eukaryota;Streptophyta;Magnoliopsida;Poales;Cyperaceae;Cyperus;Cyperus rotundus;NA;NA;NA
AY594548.1	Eukaryota;Streptophyta;Magnoliopsida;Sapindales;Anacardiaceae;Cyrtocarpa;Cyrtocarpa procera;NA;NA;NA
KJ128250.1	Eukaryota;Streptophyta;Magnoliopsida;Alismatales;Araceae;Cyrtosperma;Cyrtosperma merkusii;NA;NA;NA
GU246103.1	Eukaryota;Streptophyta;Magnoliopsida;Sapindales;Burseraceae;Dacryodes;Dacryodes rostrata;NA;NA;NA
AY216032.1	Eukaryota;Streptophyta;Magnoliopsida;Asterales;Asteraceae;Dahlia;Dahlia coccinea;NA;NA;NA
EU047875.1	Eukaryota;Streptophyta;Magnoliopsida;Asterales;Asteraceae;Dahlia;Dahlia coccinea;NA;Dahlia coccinea var. coccinea;NA
NC_066129.1	Eukaryota;Streptophyta;Magnoliopsida;Asterales;Asteraceae;Dahlia;Dahlia pinnata;NA;NA;NA
HQ323879.1	Eukaryota;Streptophyta;Magnoliopsida;Apiales;Apiaceae;Daucus;Daucus carota;NA;NA;NA
NC_008325.1	Eukaryota;Streptophyta;Magnoliopsida;Apiales;Apiaceae;Daucus;Daucus carota;NA;NA;NA
AF299185.1	Eukaryota;Streptophyta;Magnoliopsida;Oxalidales;Cunoniaceae;Davidsonia;Davidsonia jerseyana;NA;NA;NA
AF299186.1	Eukaryota;Streptophyta;Magnoliopsida;Oxalidales;Cunoniaceae;Davidsonia;Davidsonia johnsonii;NA;NA;NA
KC428488.1	Eukaryota;Streptophyta;Magnoliopsida;Oxalidales;Cunoniaceae;Davidsonia;Davidsonia pruriens;NA;Davidsonia pruriens var. pruriens;NA
NC_047368.1	Eukaryota;Streptophyta;Magnoliopsida;Fabales;Fabaceae;Delonix;Delonix regia;NA;NA;NA
PQ014468.1	Eukaryota;Streptophyta;Magnoliopsida;Asparagales;Orchidaceae;Dendrobium;Dendrobium bigibbum;NA;NA;NA
EU434057.1	Eukaryota;Streptophyta;Magnoliopsida;Poales;Poaceae;Dendrocalamus;Dendrocalamus asper;NA;NA;NA
DQ137380.1	Eukaryota;Streptophyta;Magnoliopsida;Poales;Poaceae;Dendrocalamus;Dendrocalamus latiflorus;NA;NA;NA
OR670909.1	Eukaryota;Streptophyta;Magnoliopsida;Fabales;Fabaceae;Dialium;Dialium indum;NA;NA;NA
KP227762.1	Eukaryota;Streptophyta;Magnoliopsida;Asparagales;Asphodelaceae;Dianella;Dianella caerulea;NA;NA;NA
NC_082202.1	Eukaryota;Streptophyta;Magnoliopsida;Caryophyllales;Caryophyllaceae;Dianthus;Dianthus barbatus;NA;NA;NA
NC_039650.1	Eukaryota;Streptophyta;Magnoliopsida;Caryophyllales;Caryophyllaceae;Dianthus;Dianthus caryophyllus;NA;NA;NA
NC_053731.1	Eukaryota;Streptophyta;Magnoliopsida;Caryophyllales;Caryophyllaceae;Dianthus;Dianthus chinensis;NA;NA;NA
NC_024176.1	Eukaryota;Streptophyta;Magnoliopsida;Poales;Poaceae;Digitaria;Digitaria exilis;NA;NA;NA
AY116268.1	Eukaryota;Streptophyta;Magnoliopsida;Poales;Poaceae;Digitaria;Digitaria sanguinalis;NA;NA;NA
KX372407.1	Eukaryota;Streptophyta;Magnoliopsida;Poales;Poaceae;Digitaria;Digitaria sanguinalis;NA;NA;NA
NC_042740.1	Eukaryota;Streptophyta;Magnoliopsida;Dilleniales;Dilleniaceae;Dillenia;Dillenia indica;NA;NA;NA
AM397175.1	Eukaryota;Streptophyta;Magnoliopsida;Dilleniales;Dilleniaceae;Dillenia;Dillenia philippinensis;NA;NA;NA
EU721213.1	Eukaryota;Streptophyta;Magnoliopsida;Sapindales;Sapindaceae;Dimocarpus;Dimocarpus longan;NA;NA;NA
NC_037447.1	Eukaryota;Streptophyta;Magnoliopsida;Sapindales;Sapindaceae;Dimocarpus;Dimocarpus longan;NA;NA;NA
JQ733843.1	Eukaryota;Streptophyta;Magnoliopsida;Dioscoreales;Dioscoreaceae;Dioscorea;Dioscorea alata;NA;NA;NA
NC_039707.1	Eukaryota;Streptophyta;Magnoliopsida;Dioscoreales;Dioscoreaceae;Dioscorea;Dioscorea alata;NA;NA;NA
D89721.1	Eukaryota;Streptophyta;Magnoliopsida;Dioscoreales;Dioscoreaceae;Dioscorea;Dioscorea bulbifera;NA;NA;NA
JF705769.1	Eukaryota;Streptophyta;Magnoliopsida;Dioscoreales;Dioscoreaceae;Dioscorea;Dioscorea bulbifera;NA;NA;NA
KM878088.1	Eukaryota;Streptophyta;Magnoliopsida;Dioscoreales;Dioscoreaceae;Dioscorea;Dioscorea bulbifera;NA;NA;NA
NC_039708.1	Eukaryota;Streptophyta;Magnoliopsida;Dioscoreales;Dioscoreaceae;Dioscorea;Dioscorea bulbifera;NA;NA;NA
NC_039836.1	Eukaryota;Streptophyta;Magnoliopsida;Dioscoreales;Dioscoreaceae;Dioscorea;Dioscorea cayenensis;NA;NA;NA
NC_024170.1	Eukaryota;Streptophyta;Magnoliopsida;Dioscoreales;Dioscoreaceae;Dioscorea;Dioscorea cayenensis;Dioscorea cayenensis subsp. rotundata;NA;NA
NC_039691.1	Eukaryota;Streptophyta;Magnoliopsida;Dioscoreales;Dioscoreaceae;Dioscorea;Dioscorea dumetorum;NA;NA;NA
DQ841298.1	Eukaryota;Streptophyta;Magnoliopsida;Dioscoreales;Dioscoreaceae;Dioscorea;Dioscorea esculenta;NA;NA;NA
NC_052854.1	Eukaryota;Streptophyta;Magnoliopsida;Dioscoreales;Dioscoreaceae;Dioscorea;Dioscorea esculenta;NA;NA;NA
GQ265290.1	Eukaryota;Streptophyta;Magnoliopsida;Dioscoreales;Dioscoreaceae;Dioscorea;Dioscorea esculenta;NA;Dioscorea esculenta var. spinosa;NA
KM878112.1	Eukaryota;Streptophyta;Magnoliopsida;Dioscoreales;Dioscoreaceae;Dioscorea;Dioscorea hamiltonii;NA;NA;NA
DQ841323.1	Eukaryota;Streptophyta;Magnoliopsida;Dioscoreales;Dioscoreaceae;Dioscorea;Dioscorea hispida;NA;NA;NA
JQ733826.1	Eukaryota;Streptophyta;Magnoliopsida;Dioscoreales;Dioscoreaceae;Dioscorea;Dioscorea hispida;NA;NA;NA
KM073921.1	Eukaryota;Streptophyta;Magnoliopsida;Dioscoreales;Dioscoreaceae;Dioscorea;Dioscorea hispida;NA;NA;NA
KM878092.1	Eukaryota;Streptophyta;Magnoliopsida;Dioscoreales;Dioscoreaceae;Dioscorea;Dioscorea hispida;NA;NA;NA
NC_066182.1	Eukaryota;Streptophyta;Magnoliopsida;Dioscoreales;Dioscoreaceae;Dioscorea;Dioscorea hispida;NA;NA;NA
DQ841307.1	Eukaryota;Streptophyta;Magnoliopsida;Dioscoreales;Dioscoreaceae;Dioscorea;Dioscorea japonica;NA;NA;NA
NC_057066.1	Eukaryota;Streptophyta;Magnoliopsida;Dioscoreales;Dioscoreaceae;Dioscorea;Dioscorea japonica;NA;NA;NA
JQ733877.1	Eukaryota;Streptophyta;Magnoliopsida;Dioscoreales;Dioscoreaceae;Dioscorea;Dioscorea nummularia;NA;NA;NA
KM888691.1	Eukaryota;Streptophyta;Magnoliopsida;Dioscoreales;Dioscoreaceae;Dioscorea;Dioscorea nummularia;NA;NA;NA
KM888692.1	Eukaryota;Streptophyta;Magnoliopsida;Dioscoreales;Dioscoreaceae;Dioscorea;Dioscorea nummularia;NA;NA;NA
KM073927.1	Eukaryota;Streptophyta;Magnoliopsida;Dioscoreales;Dioscoreaceae;Dioscorea;Dioscorea oppositifolia;NA;NA;NA
DQ841327.1	Eukaryota;Streptophyta;Magnoliopsida;Dioscoreales;Dioscoreaceae;Dioscorea;Dioscorea pentaphylla;NA;NA;NA
KM043783.1	Eukaryota;Streptophyta;Magnoliopsida;Dioscoreales;Dioscoreaceae;Dioscorea;Dioscorea pentaphylla;NA;NA;NA
KM878054.1	Eukaryota;Streptophyta;Magnoliopsida;Dioscoreales;Dioscoreaceae;Dioscorea;Dioscorea piperifolia;NA;NA;NA
NC_039853.1	Eukaryota;Streptophyta;Magnoliopsida;Dioscoreales;Dioscoreaceae;Dioscorea;Dioscorea quartiniana;NA;NA;NA
D89682.1	Eukaryota;Streptophyta;Magnoliopsida;Dioscoreales;Dioscoreaceae;Dioscorea;Dioscorea trifida;NA;NA;NA
NC_033502.1	Eukaryota;Streptophyta;Magnoliopsida;Ericales;Ebenaceae;Diospyros;Diospyros blancoi;NA;NA;NA
DQ924230.1	Eukaryota;Streptophyta;Magnoliopsida;Ericales;Ebenaceae;Diospyros;Diospyros digyna;NA;NA;NA
EU981006.1	Eukaryota;Streptophyta;Magnoliopsida;Ericales;Ebenaceae;Diospyros;Diospyros ebenum;NA;NA;NA
NC_030789.1	Eukaryota;Streptophyta;Magnoliopsida;Ericales;Ebenaceae;Diospyros;Diospyros kaki;NA;NA;NA
NC_030786.1	Eukaryota;Streptophyta;Magnoliopsida;Ericales;Ebenaceae;Diospyros;Diospyros lotus;NA;NA;NA
NC_059001.1	Eukaryota;Streptophyta;Magnoliopsida;Ericales;Ebenaceae;Diospyros;Diospyros nigra;NA;NA;NA
NC_039555.1	Eukaryota;Streptophyta;Magnoliopsida;Ericales;Ebenaceae;Diospyros;Diospyros virginiana;NA;NA;NA
MK187053.1	Eukaryota;Streptophyta;Magnoliopsida;Gentianales;Apocynaceae;Diplorhynchus;Diplorhynchus condylocarpon;NA;NA;NA
AY722547.1	Eukaryota;Streptophyta;Magnoliopsida;Brassicales;Brassicaceae;Diplotaxis;Diplotaxis tenuifolia;NA;NA;NA
EF466268.1	Eukaryota;Streptophyta;Magnoliopsida;Fabales;Fabaceae;Dipteryx;Dipteryx odorata;NA;NA;NA
AJ409404.1	Eukaryota;Streptophyta;Magnoliopsida;Asparagales;Orchidaceae;Diuris;Diuris sulphurea;NA;NA;NA
AY851053.1	Eukaryota;Streptophyta;Magnoliopsida;Asparagales;Orchidaceae;Diuris;Diuris sulphurea;NA;NA;NA
MT844288.1	Eukaryota;Streptophyta;Magnoliopsida;Asparagales;Orchidaceae;Diuris;Diuris sulphurea;NA;NA;NA
AJ290281.1	Eukaryota;Streptophyta;Magnoliopsida;Asparagales;Doryanthaceae;Doryanthes;Doryanthes excelsa;NA;NA;NA
KP227766.1	Eukaryota;Streptophyta;Magnoliopsida;Asparagales;Doryanthaceae;Doryanthes;Doryanthes excelsa;NA;NA;NA
MH785486.1	Eukaryota;Streptophyta;Magnoliopsida;Malpighiales;Salicaceae;Dovyalis;Dovyalis hebecarpa;NA;NA;NA
MH092189.1	Eukaryota;Streptophyta;Magnoliopsida;Asparagales;Asparagaceae;Dracaena;Dracaena mannii;NA;NA;NA
KP055501.1	Eukaryota;Streptophyta;Magnoliopsida;Sapindales;Anacardiaceae;Dracontomelon;Dracontomelon dao;NA;NA;NA
OR670755.1	Eukaryota;Streptophyta;Magnoliopsida;Sapindales;Anacardiaceae;Dracontomelon;Dracontomelon dao;NA;NA;NA
NC_073110.1	Eukaryota;Streptophyta;Magnoliopsida;Malvales;Malvaceae;Durio;Durio dulcis;NA;NA;NA
NC_064728.1	Eukaryota;Streptophyta;Magnoliopsida;Malvales;Malvaceae;Durio;Durio oxleyanus;NA;NA;NA
AB981742.1	Eukaryota;Streptophyta;Magnoliopsida;Malvales;Malvaceae;Durio;Durio zibethinus;NA;NA;NA
NC_036829.1	Eukaryota;Streptophyta;Magnoliopsida;Malvales;Malvaceae;Durio;Durio zibethinus;NA;NA;NA
HE577493.1	Eukaryota;Streptophyta;Magnoliopsida;Caryophyllales;Amaranthaceae;Dysphania;Dysphania ambrosioides;NA;NA;NA
HE855681.1	Eukaryota;Streptophyta;Magnoliopsida;Caryophyllales;Amaranthaceae;Dysphania;Dysphania ambrosioides;NA;NA;NA
NC_041201.1	Eukaryota;Streptophyta;Magnoliopsida;Caryophyllales;Amaranthaceae;Dysphania;Dysphania ambrosioides;NA;NA;NA
NC_034327.1	Eukaryota;Streptophyta;Magnoliopsida;Asterales;Asteraceae;Echinacea;Echinacea purpurea;NA;NA;NA
NC_032383.1	Eukaryota;Streptophyta;Magnoliopsida;Poales;Poaceae;Echinochloa;Echinochloa colona;NA;NA;NA
AB817554.1	Eukaryota;Streptophyta;Magnoliopsida;Poales;Poaceae;Echinochloa;Echinochloa crus-galli;NA;NA;NA
AF127043.1	Eukaryota;Streptophyta;Magnoliopsida;Poales;Poaceae;Echinochloa;Echinochloa crus-galli;NA;NA;NA
AF127058.1	Eukaryota;Streptophyta;Magnoliopsida;Poales;Poaceae;Echinochloa;Echinochloa crus-galli;NA;NA;NA
NC_028719.1	Eukaryota;Streptophyta;Magnoliopsida;Poales;Poaceae;Echinochloa;Echinochloa crus-galli;NA;NA;NA
KF163579.1	Eukaryota;Streptophyta;Magnoliopsida;Poales;Poaceae;Echinochloa;Echinochloa crus-galli;NA;Echinochloa crus-galli var. austrojaponensis;NA
AB223101.1	Eukaryota;Streptophyta;Magnoliopsida;Poales;Poaceae;Echinochloa;Echinochloa crus-galli;Echinochloa crus-galli subsp. crus-galli;Echinochloa crus-galli var. crus-galli;NA
AB223106.1	Eukaryota;Streptophyta;Magnoliopsida;Poales;Poaceae;Echinochloa;Echinochloa crus-galli;NA;Echinochloa crus-galli var. formosensis;NA
KF163580.1	Eukaryota;Streptophyta;Magnoliopsida;Poales;Poaceae;Echinochloa;Echinochloa crus-galli;Echinochloa crus-galli subsp. hispidula;Echinochloa crus-galli var. hispidula;NA
AB223108.1	Eukaryota;Streptophyta;Magnoliopsida;Poales;Poaceae;Echinochloa;Echinochloa crus-galli;NA;Echinochloa crus-galli var. praticola;NA
AB223119.1	Eukaryota;Streptophyta;Magnoliopsida;Poales;Poaceae;Echinochloa;Echinochloa crus-pavonis;NA;NA;NA
AB353419.1	Eukaryota;Streptophyta;Magnoliopsida;Poales;Poaceae;Echinochloa;Echinochloa crus-pavonis;NA;NA;NA
NC_029827.1	Eukaryota;Streptophyta;Magnoliopsida;Poales;Poaceae;Echinochloa;Echinochloa frumentacea;NA;NA;NA
MK187055.1	Eukaryota;Streptophyta;Magnoliopsida;Asterales;Asteraceae;Eclipta;Eclipta prostrata;NA;NA;NA
NC_058887.1	Eukaryota;Streptophyta;Magnoliopsida;Rosales;Elaeagnaceae;Elaeagnus;Elaeagnus pungens;NA;NA;NA
HM769678.1	Eukaryota;Streptophyta;Magnoliopsida;Rosales;Elaeagnaceae;Elaeagnus;Elaeagnus umbellata;NA;NA;NA
JN102138.1	Eukaryota;Streptophyta;Magnoliopsida;Rosales;Elaeagnaceae;Elaeagnus;Elaeagnus umbellata;NA;NA;NA
GU134556.1	Eukaryota;Streptophyta;Magnoliopsida;Arecales;Arecaceae;Elaeis;Elaeis guineensis;NA;NA;NA
NC_017602.1	Eukaryota;Streptophyta;Magnoliopsida;Arecales;Arecaceae;Elaeis;Elaeis guineensis;NA;NA;NA
AY794678.1	Eukaryota;Streptophyta;Magnoliopsida;Malpighiales;Euphorbiaceae;Elateriospermum;Elateriospermum tapos;NA;NA;NA
JX644716.1	Eukaryota;Streptophyta;Magnoliopsida;Poales;Cyperaceae;Eleocharis;Eleocharis dulcis;NA;NA;NA
NC_047447.1	Eukaryota;Streptophyta;Magnoliopsida;Poales;Cyperaceae;Eleocharis;Eleocharis dulcis;NA;NA;NA
MH497225.1	Eukaryota;Streptophyta;Magnoliopsida;Zingiberales;Zingiberaceae;Elettaria;Elettaria cardamomum;NA;NA;NA
NC_056927.1	Eukaryota;Streptophyta;Magnoliopsida;Poales;Poaceae;Eleusine;Eleusine coracana;NA;NA;NA
AY523490.1	Eukaryota;Streptophyta;Magnoliopsida;Poales;Poaceae;Eleusine;Eleusine coracana;Eleusine coracana subsp. africana;NA;NA
AY523493.1	Eukaryota;Streptophyta;Magnoliopsida;Poales;Poaceae;Eleusine;Eleusine coracana;Eleusine coracana subsp. coracana;NA;NA
AY787806.1	Eukaryota;Streptophyta;Magnoliopsida;Poales;Poaceae;Eleusine;Eleusine indica;NA;NA;NA
NC_030486.1	Eukaryota;Streptophyta;Magnoliopsida;Poales;Poaceae;Eleusine;Eleusine indica;NA;NA;NA
FJ847837.1	Eukaryota;Streptophyta;Magnoliopsida;Malpighiales;Phyllanthaceae;Emblica;Emblica officinalis;NA;NA;NA
NC_047477.1	Eukaryota;Streptophyta;Magnoliopsida;Malpighiales;Phyllanthaceae;Emblica;Emblica officinalis;NA;NA;NA
FJ621288.1	Eukaryota;Streptophyta;Magnoliopsida;Zingiberales;Musaceae;Ensete;Ensete ventricosum;NA;NA;NA
KY214485.1	Eukaryota;Streptophyta;Magnoliopsida;Zingiberales;Musaceae;Ensete;Ensete ventricosum;NA;NA;NA
NC_058926.1	Eukaryota;Streptophyta;Magnoliopsida;Zingiberales;Musaceae;Ensete;Ensete ventricosum;NA;NA;NA
KC428498.1	Eukaryota;Streptophyta;Magnoliopsida;Sapindales;Meliaceae;Epicharis;Epicharis parasitica;NA;NA;NA
LT745432.1	Eukaryota;Streptophyta;Magnoliopsida;Caryophyllales;Cactaceae;Epiphyllum;Epiphyllum oxypetalum;NA;NA;NA
NC_029413.1	Eukaryota;Streptophyta;Magnoliopsida;Poales;Poaceae;Eragrostis;Eragrostis tef;NA;NA;NA
NC_034639.1	Eukaryota;Streptophyta;Magnoliopsida;Rosales;Rosaceae;Eriobotrya;Eriobotrya japonica;NA;NA;NA
AY722553.1	Eukaryota;Streptophyta;Magnoliopsida;Brassicales;Brassicaceae;Eruca;Eruca vesicaria;NA;NA;NA
AY751765.1	Eukaryota;Streptophyta;Magnoliopsida;Brassicales;Brassicaceae;Eruca;Eruca vesicaria;Eruca vesicaria subsp. sativa;NA;NA
NC_068234.1	Eukaryota;Streptophyta;Magnoliopsida;Apiales;Apiaceae;Eryngium;Eryngium foetidum;NA;NA;NA
MK797251.1	Eukaryota;Streptophyta;Magnoliopsida;Fabales;Fabaceae;Erythrina;Erythrina variegata;NA;NA;NA
JN051803.1	Eukaryota;Streptophyta;Magnoliopsida;Ranunculales;Papaveraceae;Eschscholzia;Eschscholzia californica;NA;NA;NA
JF892667.1	Eukaryota;Streptophyta;Magnoliopsida;Ranunculales;Papaveraceae;Eschscholzia;Eschscholzia californica;Eschscholzia californica subsp. californica;NA;NA
JF892673.1	Eukaryota;Streptophyta;Magnoliopsida;Ranunculales;Papaveraceae;Eschscholzia;Eschscholzia californica;Eschscholzia californica subsp. mexicana;NA;NA
AB817431.1	Eukaryota;Streptophyta;Magnoliopsida;Zingiberales;Zingiberaceae;Etlingera;Etlingera elatior;NA;NA;NA
AY769808.1	Eukaryota;Streptophyta;Magnoliopsida;Zingiberales;Zingiberaceae;Etlingera;Etlingera elatior;NA;NA;NA
NC_057307.1	Eukaryota;Streptophyta;Magnoliopsida;Myrtales;Myrtaceae;Eugenia;Eugenia brasiliensis;NA;NA;NA
MN443060.1	Eukaryota;Streptophyta;Magnoliopsida;Myrtales;Myrtaceae;Eugenia;Eugenia coronata;NA;NA;NA
PP131203.1	Eukaryota;Streptophyta;Magnoliopsida;Myrtales;Myrtaceae;Eugenia;Eugenia pyriformis;NA;NA;NA
MN443075.1	Eukaryota;Streptophyta;Magnoliopsida;Myrtales;Myrtaceae;Eugenia;Eugenia stipitata;NA;NA;NA
NC_027744.1	Eukaryota;Streptophyta;Magnoliopsida;Myrtales;Myrtaceae;Eugenia;Eugenia uniflora;NA;NA;NA
NC_037719.1	Eukaryota;Streptophyta;Magnoliopsida;Nymphaeales;Nymphaeaceae;Euryale;Euryale ferox;NA;NA;NA
KP995519.1	Eukaryota;Streptophyta;Magnoliopsida;Sapindales;Simaroubaceae;Eurycoma;Eurycoma longifolia;NA;NA;NA
NC_057603.1	Eukaryota;Streptophyta;Magnoliopsida;Arecales;Arecaceae;Euterpe;Euterpe oleracea;NA;NA;NA
JN387865.1	Eukaryota;Streptophyta;Magnoliopsida;Brassicales;Brassicaceae;Eutrema;Eutrema japonicum;NA;NA;NA
EF653788.1	Eukaryota;Streptophyta;Magnoliopsida;Caryophyllales;Polygonaceae;Fagopyrum;Fagopyrum esculentum;NA;NA;NA
EU840543.1	Eukaryota;Streptophyta;Magnoliopsida;Caryophyllales;Polygonaceae;Fagopyrum;Fagopyrum esculentum;NA;NA;NA
NC_010776.1	Eukaryota;Streptophyta;Magnoliopsida;Caryophyllales;Polygonaceae;Fagopyrum;Fagopyrum esculentum;Fagopyrum esculentum subsp. ancestrale;NA;NA
MF954134.1	Eukaryota;Streptophyta;Magnoliopsida;Myrtales;Myrtaceae;Feijoa;Feijoa sellowiana;NA;NA;NA
OQ269523.1	Eukaryota;Streptophyta;Magnoliopsida;Myrtales;Myrtaceae;Feijoa;Feijoa sellowiana;NA;NA;NA
NC_053837.1	Eukaryota;Streptophyta;Magnoliopsida;Rosales;Moraceae;Ficus;Ficus auriculata;NA;NA;NA
EU191013.1	Eukaryota;Streptophyta;Magnoliopsida;Rosales;Moraceae;Ficus;Ficus carica;NA;NA;NA
EU191021.1	Eukaryota;Streptophyta;Magnoliopsida;Rosales;Moraceae;Ficus;Ficus carica;NA;NA;NA
FJ917059.1	Eukaryota;Streptophyta;Magnoliopsida;Rosales;Moraceae;Ficus;Ficus carica;NA;NA;NA
GQ395388.1	Eukaryota;Streptophyta;Magnoliopsida;Rosales;Moraceae;Ficus;Ficus carica;NA;NA;NA
GQ395389.1	Eukaryota;Streptophyta;Magnoliopsida;Rosales;Moraceae;Ficus;Ficus carica;NA;NA;NA
GQ395393.1	Eukaryota;Streptophyta;Magnoliopsida;Rosales;Moraceae;Ficus;Ficus carica;NA;NA;NA
GQ395405.1	Eukaryota;Streptophyta;Magnoliopsida;Rosales;Moraceae;Ficus;Ficus carica;NA;NA;NA
GQ395412.1	Eukaryota;Streptophyta;Magnoliopsida;Rosales;Moraceae;Ficus;Ficus carica;NA;NA;NA
NC_035237.1	Eukaryota;Streptophyta;Magnoliopsida;Rosales;Moraceae;Ficus;Ficus carica;NA;NA;NA
NC_058617.1	Eukaryota;Streptophyta;Magnoliopsida;Rosales;Moraceae;Ficus;Ficus pumila;NA;NA;NA
NC_028185.1	Eukaryota;Streptophyta;Magnoliopsida;Rosales;Moraceae;Ficus;Ficus racemosa;NA;NA;NA
KC479283.1	Eukaryota;Streptophyta;Magnoliopsida;Rosales;Moraceae;Ficus;Ficus sycomorus;NA;NA;NA
NC_037410.1	Eukaryota;Streptophyta;Magnoliopsida;Malpighiales;Salicaceae;Flacourtia;Flacourtia indica;NA;NA;NA
NC_046687.1	Eukaryota;Streptophyta;Magnoliopsida;Malpighiales;Salicaceae;Flacourtia;Flacourtia jangomas;NA;NA;NA
NC_045859.1	Eukaryota;Streptophyta;Magnoliopsida;Malpighiales;Salicaceae;Flacourtia;Flacourtia rukam;NA;NA;NA
AF231824.1	Eukaryota;Streptophyta;Magnoliopsida;Lamiales;Oleaceae;Forsythia;Forsythia x intermedia;NA;NA;NA
NC_019601.1	Eukaryota;Streptophyta;Magnoliopsida;Rosales;Rosaceae;Fragaria;Fragaria chiloensis;NA;NA;NA
AF163552.1	Eukaryota;Streptophyta;Magnoliopsida;Rosales;Rosaceae;Fragaria;Fragaria chiloensis;Fragaria chiloensis subsp. lucida;NA;NA
AF163563.1	Eukaryota;Streptophyta;Magnoliopsida;Rosales;Rosaceae;Fragaria;Fragaria chiloensis;Fragaria chiloensis subsp. pacifica;NA;NA
NC_058802.1	Eukaryota;Streptophyta;Magnoliopsida;Rosales;Rosaceae;Fragaria;Fragaria chinensis;NA;NA;NA
NC_058803.1	Eukaryota;Streptophyta;Magnoliopsida;Rosales;Rosaceae;Fragaria;Fragaria corymbosa;NA;NA;NA
NC_058804.1	Eukaryota;Streptophyta;Magnoliopsida;Rosales;Rosaceae;Fragaria;Fragaria daltoniana;NA;NA;NA
NC_062837.1	Eukaryota;Streptophyta;Magnoliopsida;Rosales;Rosaceae;Fragaria;Fragaria gracilis;NA;NA;NA
NC_024258.1	Eukaryota;Streptophyta;Magnoliopsida;Rosales;Rosaceae;Fragaria;Fragaria iinumae;NA;NA;NA
NC_062836.1	Eukaryota;Streptophyta;Magnoliopsida;Rosales;Rosaceae;Fragaria;Fragaria iturupensis;NA;NA;NA
NC_018767.1	Eukaryota;Streptophyta;Magnoliopsida;Rosales;Rosaceae;Fragaria;Fragaria mandshurica;NA;NA;NA
NC_062593.1	Eukaryota;Streptophyta;Magnoliopsida;Rosales;Rosaceae;Fragaria;Fragaria moschata;NA;NA;NA
NC_058805.1	Eukaryota;Streptophyta;Magnoliopsida;Rosales;Rosaceae;Fragaria;Fragaria moupinensis;NA;NA;NA
NC_058806.1	Eukaryota;Streptophyta;Magnoliopsida;Rosales;Rosaceae;Fragaria;Fragaria nilgerrensis;NA;NA;NA
NC_035500.1	Eukaryota;Streptophyta;Magnoliopsida;Rosales;Rosaceae;Fragaria;Fragaria nipponica;NA;NA;NA
NC_058807.1	Eukaryota;Streptophyta;Magnoliopsida;Rosales;Rosaceae;Fragaria;Fragaria nubicola;NA;NA;NA
NC_035501.1	Eukaryota;Streptophyta;Magnoliopsida;Rosales;Rosaceae;Fragaria;Fragaria orientalis;NA;NA;NA
NC_034347.1	Eukaryota;Streptophyta;Magnoliopsida;Rosales;Rosaceae;Fragaria;Fragaria pentaphylla;NA;NA;NA
AM117065.1	Eukaryota;Streptophyta;Magnoliopsida;Rosales;Rosaceae;Fragaria;Fragaria sp. 301;NA;NA;NA
AF163542.1	Eukaryota;Streptophyta;Magnoliopsida;Rosales;Rosaceae;Fragaria;Fragaria sp. CFRA 538;NA;NA;NA
NC_062835.1	Eukaryota;Streptophyta;Magnoliopsida;Rosales;Rosaceae;Fragaria;Fragaria tibetica;NA;NA;NA
AF163529.1	Eukaryota;Streptophyta;Magnoliopsida;Rosales;Rosaceae;Fragaria;Fragaria vesca;NA;NA;NA
AF163560.1	Eukaryota;Streptophyta;Magnoliopsida;Rosales;Rosaceae;Fragaria;Fragaria vesca;Fragaria vesca subsp. vesca;NA;Fragaria vesca f. alba
AF163524.1	Eukaryota;Streptophyta;Magnoliopsida;Rosales;Rosaceae;Fragaria;Fragaria vesca;Fragaria vesca subsp. americana;NA;NA
NC_018766.1	Eukaryota;Streptophyta;Magnoliopsida;Rosales;Rosaceae;Fragaria;Fragaria vesca;Fragaria vesca subsp. bracteata;NA;NA
AF163559.1	Eukaryota;Streptophyta;Magnoliopsida;Rosales;Rosaceae;Fragaria;Fragaria vesca;Fragaria vesca subsp. vesca;NA;NA
NC_019602.1	Eukaryota;Streptophyta;Magnoliopsida;Rosales;Rosaceae;Fragaria;Fragaria virginiana;NA;NA;NA
AF163540.1	Eukaryota;Streptophyta;Magnoliopsida;Rosales;Rosaceae;Fragaria;Fragaria virginiana;Fragaria virginiana subsp. glauca;NA;NA
AF163539.1	Eukaryota;Streptophyta;Magnoliopsida;Rosales;Rosaceae;Fragaria;Fragaria virginiana;Fragaria virginiana subsp. platypetala;NA;NA
AF163527.1	Eukaryota;Streptophyta;Magnoliopsida;Rosales;Rosaceae;Fragaria;Fragaria virginiana;Fragaria virginiana subsp. virginiana;NA;NA
AM117081.1	Eukaryota;Streptophyta;Magnoliopsida;Rosales;Rosaceae;Fragaria;Fragaria viridis;NA;NA;NA
NC_048474.1	Eukaryota;Streptophyta;Magnoliopsida;Rosales;Rosaceae;Fragaria;Fragaria viridis;NA;NA;NA
NC_035961.1	Eukaryota;Streptophyta;Magnoliopsida;Rosales;Rosaceae;Fragaria;Fragaria x ananassa;NA;NA;NA
JN560468.1	Eukaryota;Streptophyta;Magnoliopsida;Cucurbitales;Cucurbitaceae;Frantzia;Frantzia tacaco;NA;NA;NA
NC_082335.1	Eukaryota;Streptophyta;Magnoliopsida;Gentianales;Rubiaceae;Galium;Galium odoratum;NA;NA;NA
NC_047250.1	Eukaryota;Streptophyta;Magnoliopsida;Malpighiales;Clusiaceae;Garcinia;Garcinia gummi-gutta;NA;NA;NA
NC_036341.1	Eukaryota;Streptophyta;Magnoliopsida;Malpighiales;Clusiaceae;Garcinia;Garcinia mangostana;NA;NA;NA
NC_050384.1	Eukaryota;Streptophyta;Magnoliopsida;Malpighiales;Clusiaceae;Garcinia;Garcinia oblongifolia;NA;NA;NA
NC_048983.1	Eukaryota;Streptophyta;Magnoliopsida;Malpighiales;Clusiaceae;Garcinia;Garcinia pedunculata;NA;NA;NA
MZ578005.1	Eukaryota;Streptophyta;Magnoliopsida;Malpighiales;Clusiaceae;Garcinia;Garcinia xanthochymus;NA;NA;NA
NC_069300.1	Eukaryota;Streptophyta;Magnoliopsida;Malpighiales;Clusiaceae;Garcinia;Garcinia xanthochymus;NA;NA;NA
NC_057593.1	Eukaryota;Streptophyta;Magnoliopsida;Gentianales;Rubiaceae;Gardenia;Gardenia jasminoides;NA;NA;NA
JF801637.1	Eukaryota;Streptophyta;Magnoliopsida;Ericales;Ericaceae;Gaultheria;Gaultheria procumbens;NA;NA;NA
HM164322.1	Eukaryota;Streptophyta;Magnoliopsida;Gentianales;Rubiaceae;Genipa;Genipa americana;NA;NA;NA
MZ458129.1	Eukaryota;Streptophyta;Magnoliopsida;Gentianales;Rubiaceae;Genipa;Genipa americana;NA;NA;NA
AF208962.1	Eukaryota;Streptophyta;Magnoliopsida;Fabales;Fabaceae;Geoffroea;Geoffroea decorticans;NA;NA;NA
EU434065.1	Eukaryota;Streptophyta;Magnoliopsida;Poales;Poaceae;Gigantochloa;Gigantochloa ligulata;NA;NA;NA
AF327583.1	Eukaryota;Streptophyta;Ginkgoopsida;Ginkgoales;Ginkgoaceae;Ginkgo;Ginkgo biloba;NA;NA;NA
AY145323.1	Eukaryota;Streptophyta;Ginkgoopsida;Ginkgoales;Ginkgoaceae;Ginkgo;Ginkgo biloba;NA;NA;NA
MK261496.1	Eukaryota;Streptophyta;Magnoliopsida;Asparagales;Iridaceae;Gladiolus;Gladiolus dalenii;NA;NA;NA
NC_058224.1	Eukaryota;Streptophyta;Magnoliopsida;Asterales;Asteraceae;Glebionis;Glebionis coronaria;NA;NA;NA
AF365096.1	Eukaryota;Streptophyta;Magnoliopsida;Fabales;Fabaceae;Gleditsia;Gleditsia triacanthos;NA;NA;NA
AF400138.1	Eukaryota;Streptophyta;Magnoliopsida;Fabales;Fabaceae;Gliricidia;Gliricidia sepium;NA;NA;NA
NC_007942.1	Eukaryota;Streptophyta;Magnoliopsida;Fabales;Fabaceae;Glycine;Glycine max;NA;NA;NA
NC_065141.1	Eukaryota;Streptophyta;Magnoliopsida;Fabales;Fabaceae;Glycyrrhiza;Glycyrrhiza echinata;NA;NA;NA
AB854529.1	Eukaryota;Streptophyta;Magnoliopsida;Fabales;Fabaceae;Glycyrrhiza;Glycyrrhiza glabra;NA;NA;NA
NC_046414.1	Eukaryota;Streptophyta;Magnoliopsida;Fabales;Fabaceae;Glycyrrhiza;Glycyrrhiza glabra x Glycyrrhiza uralensis;NA;NA;NA
NC_047343.1	Eukaryota;Streptophyta;Magnoliopsida;Fabales;Fabaceae;Glycyrrhiza;Glycyrrhiza uralensis;NA;NA;NA
AY296486.1	Eukaryota;Streptophyta;Gnetopsida;Gnetales;Gnetaceae;Gnetum;Gnetum africanum;NA;NA;NA
NC_026301.1	Eukaryota;Streptophyta;Gnetopsida;Gnetales;Gnetaceae;Gnetum;Gnetum gnemon;NA;NA;NA
NC_023215.1	Eukaryota;Streptophyta;Magnoliopsida;Malvales;Malvaceae;Gossypium;Gossypium herbaceum;NA;NA;NA
NC_007944.1	Eukaryota;Streptophyta;Magnoliopsida;Malvales;Malvaceae;Gossypium;Gossypium hirsutum;NA;NA;NA
NC_010601.1	Eukaryota;Streptophyta;Magnoliopsida;Asterales;Asteraceae;Guizotia;Guizotia abyssinica;NA;NA;NA
MK797310.1	Eukaryota;Streptophyta;Magnoliopsida;Cucurbitales;Cucurbitaceae;Gurania;Gurania lobata;NA;NA;NA
DQ536821.1	Eukaryota;Streptophyta;Magnoliopsida;Cucurbitales;Cucurbitaceae;Gurania;Gurania makoyana;NA;NA;NA
MK797311.1	Eukaryota;Streptophyta;Magnoliopsida;Cucurbitales;Cucurbitaceae;Gurania;Gurania reticulata;NA;NA;NA
FJ039220.1	Eukaryota;Streptophyta;Magnoliopsida;Cucurbitales;Cucurbitaceae;Gurania;Gurania sp. MAG-2009;NA;NA;NA
DQ536822.1	Eukaryota;Streptophyta;Magnoliopsida;Cucurbitales;Cucurbitaceae;Gurania;Gurania spinulosa;NA;NA;NA
AY968569.1	Eukaryota;Streptophyta;Magnoliopsida;Cucurbitales;Cucurbitaceae;Gurania;Gurania tubulosa;NA;NA;NA
AY122444.1	Eukaryota;Streptophyta;Magnoliopsida;Brassicales;Cleomaceae;Gynandropsis;Gynandropsis gynandra;NA;NA;NA
NC_028009.1	Eukaryota;Streptophyta;Magnoliopsida;Gentianales;Rubiaceae;Gynochthodes;Gynochthodes officinalis;NA;NA;NA
NC_057453.1	Eukaryota;Streptophyta;Magnoliopsida;Fabales;Fabaceae;Hardenbergia;Hardenbergia violacea;NA;NA;NA
KF748150.1	Eukaryota;Streptophyta;Magnoliopsida;Zingiberales;Zingiberaceae;Hedychium;Hedychium coronarium;NA;NA;NA
NC_045863.1	Eukaryota;Streptophyta;Magnoliopsida;Zingiberales;Zingiberaceae;Hedychium;Hedychium coronarium;NA;NA;NA
NC_007977.1	Eukaryota;Streptophyta;Magnoliopsida;Asterales;Asteraceae;Helianthus;Helianthus annuus;NA;NA;NA
NC_023112.1	Eukaryota;Streptophyta;Magnoliopsida;Asterales;Asteraceae;Helianthus;Helianthus tuberosus;NA;NA;NA
AY994544.1	Eukaryota;Streptophyta;Magnoliopsida;Zingiberales;Costaceae;Hellenia;Hellenia speciosa;NA;NA;NA
AY994557.1	Eukaryota;Streptophyta;Magnoliopsida;Zingiberales;Costaceae;Hellenia;Hellenia speciosa;NA;NA;NA
KY457693.1	Eukaryota;Streptophyta;Magnoliopsida;Asparagales;Asphodelaceae;Hemerocallis;Hemerocallis fulva;NA;NA;NA
LC057224.1	Eukaryota;Streptophyta;Magnoliopsida;Asparagales;Asphodelaceae;Hemerocallis;Hemerocallis fulva;NA;NA;NA
NC_041649.1	Eukaryota;Streptophyta;Magnoliopsida;Asparagales;Asphodelaceae;Hemerocallis;Hemerocallis fulva;NA;NA;NA
LC566763.1	Eukaryota;Streptophyta;Magnoliopsida;Asparagales;Asphodelaceae;Hemerocallis;Hemerocallis fulva;NA;Hemerocallis fulva var. angustifolia;NA
LC566764.1	Eukaryota;Streptophyta;Magnoliopsida;Asparagales;Asphodelaceae;Hemerocallis;Hemerocallis fulva;NA;Hemerocallis fulva var. angustifolia;NA
LC566765.1	Eukaryota;Streptophyta;Magnoliopsida;Asparagales;Asphodelaceae;Hemerocallis;Hemerocallis fulva;NA;Hemerocallis fulva var. angustifolia;NA
LC566766.1	Eukaryota;Streptophyta;Magnoliopsida;Asparagales;Asphodelaceae;Hemerocallis;Hemerocallis fulva;NA;Hemerocallis fulva var. angustifolia;NA
LC566769.1	Eukaryota;Streptophyta;Magnoliopsida;Asparagales;Asphodelaceae;Hemerocallis;Hemerocallis fulva;NA;Hemerocallis fulva var. angustifolia;NA
LC566759.1	Eukaryota;Streptophyta;Magnoliopsida;Asparagales;Asphodelaceae;Hemerocallis;Hemerocallis fulva;NA;Hemerocallis fulva var. aurantiaca;NA
LC566760.1	Eukaryota;Streptophyta;Magnoliopsida;Asparagales;Asphodelaceae;Hemerocallis;Hemerocallis fulva;NA;Hemerocallis fulva var. aurantiaca;NA
LC566762.1	Eukaryota;Streptophyta;Magnoliopsida;Asparagales;Asphodelaceae;Hemerocallis;Hemerocallis fulva;NA;Hemerocallis fulva var. aurantiaca;NA
AJ290274.1	Eukaryota;Streptophyta;Magnoliopsida;Asparagales;Asphodelaceae;Hemerocallis;Hemerocallis fulva;NA;Hemerocallis fulva var. littorea;NA
LC566770.1	Eukaryota;Streptophyta;Magnoliopsida;Asparagales;Asphodelaceae;Hemerocallis;Hemerocallis fulva;NA;Hemerocallis fulva var. littorea;NA
LC566772.1	Eukaryota;Streptophyta;Magnoliopsida;Asparagales;Asphodelaceae;Hemerocallis;Hemerocallis fulva;NA;Hemerocallis fulva var. littorea;NA
AJ232442.1	Eukaryota;Streptophyta;Magnoliopsida;Asparagales;Asphodelaceae;Hemerocallis;Hemerocallis lilioasphodelus;NA;NA;NA
LC566776.1	Eukaryota;Streptophyta;Magnoliopsida;Asparagales;Asphodelaceae;Hemerocallis;Hemerocallis lilioasphodelus;NA;Hemerocallis lilioasphodelus var. thunbergii;NA
NC_015308.1	Eukaryota;Streptophyta;Magnoliopsida;Malpighiales;Euphorbiaceae;Hevea;Hevea brasiliensis;NA;NA;NA
AY727198.1	Eukaryota;Streptophyta;Magnoliopsida;Malvales;Malvaceae;Hibiscus;Hibiscus cannabinus;NA;NA;NA
NC_045873.1	Eukaryota;Streptophyta;Magnoliopsida;Malvales;Malvaceae;Hibiscus;Hibiscus cannabinus;NA;NA;NA
NC_066143.1	Eukaryota;Streptophyta;Magnoliopsida;Malvales;Malvaceae;Hibiscus;Hibiscus mutabilis;NA;NA;NA
AY328142.1	Eukaryota;Streptophyta;Magnoliopsida;Malvales;Malvaceae;Hibiscus;Hibiscus rosa-sinensis;NA;NA;NA
NC_042239.1	Eukaryota;Streptophyta;Magnoliopsida;Malvales;Malvaceae;Hibiscus;Hibiscus rosa-sinensis;NA;NA;NA
MZ127176.1	Eukaryota;Streptophyta;Magnoliopsida;Malvales;Malvaceae;Hibiscus;Hibiscus syriacus;NA;NA;NA
NC_026909.1	Eukaryota;Streptophyta;Magnoliopsida;Malvales;Malvaceae;Hibiscus;Hibiscus syriacus;NA;NA;NA
NC_054167.1	Eukaryota;Streptophyta;Magnoliopsida;Malvales;Malvaceae;Hibiscus;Hibiscus taiwanensis;NA;NA;NA
AY913811.1	Eukaryota;Streptophyta;Magnoliopsida;Rosales;Elaeagnaceae;Hippophae;Hippophae goniocarpa;NA;NA;NA
AY913818.1	Eukaryota;Streptophyta;Magnoliopsida;Rosales;Elaeagnaceae;Hippophae;Hippophae goniocarpa;NA;NA;NA
KJ542846.1	Eukaryota;Streptophyta;Magnoliopsida;Rosales;Elaeagnaceae;Hippophae;Hippophae rhamnoides;NA;NA;NA
JQ663584.1	Eukaryota;Streptophyta;Magnoliopsida;Rosales;Elaeagnaceae;Hippophae;Hippophae rhamnoides;Hippophae rhamnoides subsp. carpatica;NA;NA
JQ663586.1	Eukaryota;Streptophyta;Magnoliopsida;Rosales;Elaeagnaceae;Hippophae;Hippophae rhamnoides;Hippophae rhamnoides subsp. caucasica;NA;NA
JQ289193.1	Eukaryota;Streptophyta;Magnoliopsida;Rosales;Elaeagnaceae;Hippophae;Hippophae rhamnoides;Hippophae rhamnoides subsp. fluviatilis;NA;NA
JQ289182.1	Eukaryota;Streptophyta;Magnoliopsida;Rosales;Elaeagnaceae;Hippophae;Hippophae rhamnoides;Hippophae rhamnoides subsp. mongolica;NA;NA
JQ663583.1	Eukaryota;Streptophyta;Magnoliopsida;Rosales;Elaeagnaceae;Hippophae;Hippophae rhamnoides;Hippophae rhamnoides subsp. rhamnoides;NA;NA
DQ838724.1	Eukaryota;Streptophyta;Magnoliopsida;Rosales;Elaeagnaceae;Hippophae;Hippophae rhamnoides;Hippophae rhamnoides subsp. turkestanica;NA;NA
DQ838720.1	Eukaryota;Streptophyta;Magnoliopsida;Rosales;Elaeagnaceae;Hippophae;Hippophae rhamnoides;Hippophae rhamnoides subsp. wolongensis;NA;NA
DQ838719.1	Eukaryota;Streptophyta;Magnoliopsida;Rosales;Elaeagnaceae;Hippophae;Hippophae rhamnoides;Hippophae rhamnoides subsp. yunnanensis;NA;NA
EU100003.1	Eukaryota;Streptophyta;Magnoliopsida;Rosales;Elaeagnaceae;Hippophae;Hippophae rhamnoides;Hippophae rhamnoides subsp. yunnanensis;NA;NA
KU304395.1	Eukaryota;Streptophyta;Magnoliopsida;Rosales;Elaeagnaceae;Hippophae;Hippophae rhamnoides;Hippophae rhamnoides subsp. yunnanensis;NA;NA
NC_049156.1	Eukaryota;Streptophyta;Magnoliopsida;Rosales;Elaeagnaceae;Hippophae;Hippophae sinensis;NA;NA;NA
NC_039628.1	Eukaryota;Streptophyta;Magnoliopsida;Cucurbitales;Cucurbitaceae;Hodgsonia;Hodgsonia macrocarpa;NA;NA;NA
AF280795.1	Eukaryota;Streptophyta;Magnoliopsida;Poales;Poaceae;Hordeum;Hordeum vulgare;NA;NA;NA
NC_042692.1	Eukaryota;Streptophyta;Magnoliopsida;Poales;Poaceae;Hordeum;Hordeum vulgare;Hordeum vulgare subsp. spontaneum;NA;NA
AB732939.1	Eukaryota;Streptophyta;Magnoliopsida;Poales;Poaceae;Hordeum;Hordeum vulgare;Hordeum vulgare subsp. vulgare;NA;NA
X74574.1	Eukaryota;Streptophyta;Magnoliopsida;Poales;Poaceae;Hordeum;Hordeum vulgare;Hordeum vulgare subsp. vulgare;Hordeum vulgare var. distichon;NA
EU519735.1	Eukaryota;Streptophyta;Magnoliopsida;Piperales;Saururaceae;Houttuynia;Houttuynia cordata;NA;NA;NA
NC_047437.1	Eukaryota;Streptophyta;Magnoliopsida;Piperales;Saururaceae;Houttuynia;Houttuynia cordata;NA;NA;NA
PP081906.1	Eukaryota;Streptophyta;Magnoliopsida;Piperales;Saururaceae;Houttuynia;Houttuynia cordata;NA;NA;NA
NC_050971.1	Eukaryota;Streptophyta;Magnoliopsida;Rosales;Rhamnaceae;Hovenia;Hovenia dulcis;NA;NA;NA
NC_028032.1	Eukaryota;Streptophyta;Magnoliopsida;Rosales;Cannabaceae;Humulus;Humulus lupulus;NA;NA;NA
AM903237.1	Eukaryota;Streptophyta;Magnoliopsida;Arecales;Arecaceae;Hyphaene;Hyphaene petersiana;NA;NA;NA
AJ241274.1	Eukaryota;Streptophyta;Magnoliopsida;Arecales;Arecaceae;Hyphaene;Hyphaene thebaica;NA;NA;NA
NC_031207.1	Eukaryota;Streptophyta;Magnoliopsida;Aquifoliales;Aquifoliaceae;Ilex;Ilex paraguariensis;NA;NA;NA
NC_034689.1	Eukaryota;Streptophyta;Magnoliopsida;Austrobaileyales;Schisandraceae;Illicium;Illicium verum;NA;NA;NA
KJ746906.1	Eukaryota;Streptophyta;Magnoliopsida;Ericales;Balsaminaceae;Impatiens;Impatiens balsamina;NA;NA;NA
NC_059942.1	Eukaryota;Streptophyta;Magnoliopsida;Ericales;Balsaminaceae;Impatiens;Impatiens balsamina;NA;NA;NA
KJ746925.1	Eukaryota;Streptophyta;Magnoliopsida;Ericales;Balsaminaceae;Impatiens;Impatiens walleriana;NA;NA;NA
NC_059949.1	Eukaryota;Streptophyta;Magnoliopsida;Ericales;Balsaminaceae;Impatiens;Impatiens walleriana;NA;NA;NA
GQ118722.1	Eukaryota;Streptophyta;Magnoliopsida;Fabales;Fabaceae;Inga;Inga edulis;NA;NA;NA
NC_047315.1	Eukaryota;Streptophyta;Magnoliopsida;Fabales;Fabaceae;Inga;Inga edulis;NA;NA;NA
KY592718.1	Eukaryota;Streptophyta;Magnoliopsida;Fabales;Fabaceae;Inga;Inga feuillei;NA;NA;NA
KY592726.1	Eukaryota;Streptophyta;Magnoliopsida;Fabales;Fabaceae;Inga;Inga jinicuil;NA;NA;NA
GQ118732.1	Eukaryota;Streptophyta;Magnoliopsida;Fabales;Fabaceae;Inga;Inga laurina;NA;NA;NA
KY592729.1	Eukaryota;Streptophyta;Magnoliopsida;Fabales;Fabaceae;Inga;Inga laurina;NA;NA;NA
MZ934534.1	Eukaryota;Streptophyta;Magnoliopsida;Fabales;Fabaceae;Inga;Inga laurina;NA;NA;NA
GQ118747.1	Eukaryota;Streptophyta;Magnoliopsida;Fabales;Fabaceae;Inga;Inga vera;NA;NA;NA
KY592788.1	Eukaryota;Streptophyta;Magnoliopsida;Fabales;Fabaceae;Inga;Inga vera;NA;NA;NA
MZ484363.1	Eukaryota;Streptophyta;Magnoliopsida;Fabales;Fabaceae;Inga;Inga vera;NA;NA;NA
AF208965.1	Eukaryota;Streptophyta;Magnoliopsida;Fabales;Fabaceae;Inocarpus;Inocarpus fagifer;NA;NA;NA
AY101072.1	Eukaryota;Streptophyta;Magnoliopsida;Solanales;Convolvulaceae;Ipomoea;Ipomoea alba;NA;NA;NA
NC_068906.1	Eukaryota;Streptophyta;Magnoliopsida;Solanales;Convolvulaceae;Ipomoea;Ipomoea alba;NA;NA;NA
NC_056300.1	Eukaryota;Streptophyta;Magnoliopsida;Solanales;Convolvulaceae;Ipomoea;Ipomoea aquatica;NA;NA;NA
NC_026703.1	Eukaryota;Streptophyta;Magnoliopsida;Solanales;Convolvulaceae;Ipomoea;Ipomoea batatas;NA;NA;NA
KC510961.1	Eukaryota;Streptophyta;Magnoliopsida;Asparagales;Iridaceae;Iris;Iris germanica;NA;NA;NA
FJ150549.1	Eukaryota;Streptophyta;Magnoliopsida;Gentianales;Rubiaceae;Ixora;Ixora chinensis;NA;NA;NA
AJ620117.1	Eukaryota;Streptophyta;Magnoliopsida;Gentianales;Rubiaceae;Ixora;Ixora coccinea;NA;NA;NA
FJ150602.1	Eukaryota;Streptophyta;Magnoliopsida;Gentianales;Rubiaceae;Ixora;Ixora javanica;NA;NA;NA
AY098695.1	Eukaryota;Streptophyta;Magnoliopsida;Solanales;Solanaceae;Jaltomata;Jaltomata procumbens;NA;NA;NA
NC_034694.1	Eukaryota;Streptophyta;Magnoliopsida;Lamiales;Oleaceae;Jasminum;Jasminum sambac;NA;NA;NA
KP868733.1	Eukaryota;Streptophyta;Magnoliopsida;Malpighiales;Euphorbiaceae;Jatropha;Jatropha curcas;NA;NA;NA
NC_012224.1	Eukaryota;Streptophyta;Magnoliopsida;Malpighiales;Euphorbiaceae;Jatropha;Jatropha curcas;NA;NA;NA
KP868720.1	Eukaryota;Streptophyta;Magnoliopsida;Malpighiales;Euphorbiaceae;Jatropha;Jatropha multifida;NA;NA;NA
NC_046433.1	Eukaryota;Streptophyta;Magnoliopsida;Fagales;Juglandaceae;Juglans;Juglans ailanthifolia;NA;NA;NA
NC_035965.1	Eukaryota;Streptophyta;Magnoliopsida;Fagales;Juglandaceae;Juglans;Juglans hindsii;NA;NA;NA
NC_035967.1	Eukaryota;Streptophyta;Magnoliopsida;Fagales;Juglandaceae;Juglans;Juglans nigra;NA;NA;NA
NC_028617.1	Eukaryota;Streptophyta;Magnoliopsida;Fagales;Juglandaceae;Juglans;Juglans regia;NA;NA;NA
PP588454.1	Eukaryota;Streptophyta;Magnoliopsida;Fagales;Juglandaceae;Juglans;Juglans regia;NA;NA;NA
PP588455.1	Eukaryota;Streptophyta;Magnoliopsida;Fagales;Juglandaceae;Juglans;Juglans regia;NA;NA;NA
PP661409.1	Eukaryota;Streptophyta;Magnoliopsida;Fagales;Juglandaceae;Juglans;Juglans regia;NA;NA;NA
PP661411.1	Eukaryota;Streptophyta;Magnoliopsida;Fagales;Juglandaceae;Juglans;Juglans regia;NA;NA;NA
PP857600.1	Eukaryota;Streptophyta;Magnoliopsida;Fagales;Juglandaceae;Juglans;Juglans regia;NA;NA;NA
PP857601.1	Eukaryota;Streptophyta;Magnoliopsida;Fagales;Juglandaceae;Juglans;Juglans regia;NA;NA;NA
PP857603.1	Eukaryota;Streptophyta;Magnoliopsida;Fagales;Juglandaceae;Juglans;Juglans regia;NA;NA;NA
PP857607.1	Eukaryota;Streptophyta;Magnoliopsida;Fagales;Juglandaceae;Juglans;Juglans regia;NA;NA;NA
HQ323940.1	Eukaryota;Streptophyta;Pinopsida;Cupressales;Cupressaceae;Juniperus;Juniperus communis;NA;NA;NA
NC_035068.1	Eukaryota;Streptophyta;Pinopsida;Cupressales;Cupressaceae;Juniperus;Juniperus communis;NA;NA;NA
HM024557.1	Eukaryota;Streptophyta;Pinopsida;Cupressales;Cupressaceae;Juniperus;Juniperus communis;Juniperus communis subsp. communis;Juniperus communis var. communis;NA
HM024558.1	Eukaryota;Streptophyta;Pinopsida;Cupressales;Cupressaceae;Juniperus;Juniperus communis;Juniperus communis subsp. communis;Juniperus communis var. depressa;NA
LC420868.1	Eukaryota;Streptophyta;Pinopsida;Cupressales;Cupressaceae;Juniperus;Juniperus communis;Juniperus communis subsp. communis;Juniperus communis var. oblonga;NA
HM024559.1	Eukaryota;Streptophyta;Pinopsida;Cupressales;Cupressaceae;Juniperus;Juniperus communis;Juniperus communis subsp. communis;Juniperus communis var. saxatilis;NA
NC_040851.1	Eukaryota;Streptophyta;Magnoliopsida;Zingiberales;Zingiberaceae;Kaempferia;Kaempferia galanga;NA;NA;NA
AY424791.1	Eukaryota;Streptophyta;Magnoliopsida;Zingiberales;Zingiberaceae;Kaempferia;Kaempferia rotunda;NA;NA;NA
MW849498.1	Eukaryota;Streptophyta;Magnoliopsida;Zingiberales;Zingiberaceae;Kaempferia;Kaempferia rotunda;NA;NA;NA
AF034880.1	Eukaryota;Streptophyta;Magnoliopsida;Lamiales;Bignoniaceae;Kigelia;Kigelia africana;NA;NA;NA
EF105072.1	Eukaryota;Streptophyta;Magnoliopsida;Lamiales;Bignoniaceae;Kigelia;Kigelia africana;NA;NA;NA
NC_054310.1	Eukaryota;Streptophyta;Magnoliopsida;Fabales;Fabaceae;Lablab;Lablab purpureus;NA;NA;NA
NC_066745.1	Eukaryota;Streptophyta;Magnoliopsida;Asterales;Asteraceae;Lactuca;Lactuca indica;NA;NA;NA
GU109289.1	Eukaryota;Streptophyta;Magnoliopsida;Asterales;Asteraceae;Lactuca;Lactuca indica;NA;Lactuca indica var. laciniata;NA
MT985717.1	Eukaryota;Streptophyta;Magnoliopsida;Asterales;Asteraceae;Lactuca;Lactuca sativa;NA;NA;NA
NC_007578.1	Eukaryota;Streptophyta;Magnoliopsida;Asterales;Asteraceae;Lactuca;Lactuca sativa;NA;NA;NA
NC_036808.1	Eukaryota;Streptophyta;Magnoliopsida;Cucurbitales;Cucurbitaceae;Lagenaria;Lagenaria siceraria;NA;NA;NA
OP362570.1	Eukaryota;Streptophyta;Magnoliopsida;Cucurbitales;Cucurbitaceae;Lagenaria;Lagenaria siceraria;NA;NA;NA
AF354180.1	Eukaryota;Streptophyta;Magnoliopsida;Myrtales;Lythraceae;Lagerstroemia;Lagerstroemia speciosa;NA;NA;NA
AY905468.1	Eukaryota;Streptophyta;Magnoliopsida;Myrtales;Lythraceae;Lagerstroemia;Lagerstroemia speciosa;NA;NA;NA
NC_031414.1	Eukaryota;Streptophyta;Magnoliopsida;Myrtales;Lythraceae;Lagerstroemia;Lagerstroemia speciosa;NA;NA;NA
JX893305.1	Eukaryota;Streptophyta;Magnoliopsida;Lamiales;Lamiaceae;Lamium;Lamium album;NA;NA;NA
JX893305.1_1	Eukaryota;Streptophyta;Magnoliopsida;Lamiales;Lamiaceae;Lamium;Lamium album;NA;NA;NA
KP338101.1	Eukaryota;Streptophyta;Magnoliopsida;Lamiales;Lamiaceae;Lamium;Lamium album;NA;NA;NA
NC_036971.1	Eukaryota;Streptophyta;Magnoliopsida;Lamiales;Lamiaceae;Lamium;Lamium album;NA;NA;NA
JF779959.1	Eukaryota;Streptophyta;Magnoliopsida;Lamiales;Lamiaceae;Lamium;Lamium album;Lamium album subsp. album;NA;NA
EF546932.1	Eukaryota;Streptophyta;Magnoliopsida;Lamiales;Lamiaceae;Lamium;Lamium album;Lamium album subsp. crinitum;NA;NA
NC_063108.1	Eukaryota;Streptophyta;Magnoliopsida;Sapindales;Meliaceae;Lansium;Lansium domesticum;NA;NA;NA
NC_048970.1	Eukaryota;Streptophyta;Magnoliopsida;Alismatales;Araceae;Lasia;Lasia spinosa;NA;NA;NA
AY839416.1	Eukaryota;Streptophyta;Magnoliopsida;Fabales;Fabaceae;Lathyrus;Lathyrus cicera;NA;NA;NA
AY839444.1	Eukaryota;Streptophyta;Magnoliopsida;Fabales;Fabaceae;Lathyrus;Lathyrus ochrus;NA;NA;NA
AB546802.1	Eukaryota;Streptophyta;Magnoliopsida;Fabales;Fabaceae;Lathyrus;Lathyrus oleraceus;NA;NA;NA
NC_039371.1	Eukaryota;Streptophyta;Magnoliopsida;Fabales;Fabaceae;Lathyrus;Lathyrus oleraceus;Lathyrus oleraceus subsp. biflorus;NA;NA
NC_014063.1	Eukaryota;Streptophyta;Magnoliopsida;Fabales;Fabaceae;Lathyrus;Lathyrus sativus;NA;NA;NA
AY839465.1	Eukaryota;Streptophyta;Magnoliopsida;Fabales;Fabaceae;Lathyrus;Lathyrus sylvestris;NA;NA;NA
KX668066.1	Eukaryota;Streptophyta;Magnoliopsida;Fabales;Fabaceae;Lathyrus;Lathyrus sylvestris;NA;NA;NA
AY839468.1	Eukaryota;Streptophyta;Magnoliopsida;Fabales;Fabaceae;Lathyrus;Lathyrus tuberosus;NA;NA;NA
NC_034700.1	Eukaryota;Streptophyta;Magnoliopsida;Laurales;Lauraceae;Laurus;Laurus nobilis;NA;NA;NA
AY570457.1	Eukaryota;Streptophyta;Magnoliopsida;Lamiales;Lamiaceae;Lavandula;Lavandula angustifolia;NA;NA;NA
KM886625.1	Eukaryota;Streptophyta;Magnoliopsida;Lamiales;Lamiaceae;Lavandula;Lavandula angustifolia;NA;NA;NA
NC_029370.1	Eukaryota;Streptophyta;Magnoliopsida;Lamiales;Lamiaceae;Lavandula;Lavandula angustifolia;NA;NA;NA
NC_046835.1	Eukaryota;Streptophyta;Magnoliopsida;Lamiales;Lamiaceae;Lavandula;Lavandula dentata;NA;NA;NA
JN221957.1	Eukaryota;Streptophyta;Magnoliopsida;Ericales;Lecythidaceae;Lecythis;Lecythis ollaria;NA;NA;NA
MW226396.1	Eukaryota;Streptophyta;Magnoliopsida;Gentianales;Apocynaceae;Leichhardtia;Leichhardtia australis;NA;NA;NA
NC_027152.1	Eukaryota;Streptophyta;Magnoliopsida;Fabales;Fabaceae;Lens;Lens culinaris;NA;NA;NA
NC_034363.1	Eukaryota;Streptophyta;Magnoliopsida;Brassicales;Brassicaceae;Lepidium;Lepidium meyenii;NA;NA;NA
NC_047178.1	Eukaryota;Streptophyta;Magnoliopsida;Brassicales;Brassicaceae;Lepidium;Lepidium sativum;NA;NA;NA
EU721217.1	Eukaryota;Streptophyta;Magnoliopsida;Sapindales;Sapindaceae;Lepisanthes;Lepisanthes alata;NA;NA;NA
EU721212.1	Eukaryota;Streptophyta;Magnoliopsida;Sapindales;Sapindaceae;Lepisanthes;Lepisanthes rubiginosa;NA;NA;NA
AB817392.1	Eukaryota;Streptophyta;Magnoliopsida;Fabales;Fabaceae;Leucaena;Leucaena leucocephala;NA;NA;NA
KF048135.1	Eukaryota;Streptophyta;Magnoliopsida;Fabales;Fabaceae;Leucaena;Leucaena leucocephala;NA;NA;NA
MZ970082.1	Eukaryota;Streptophyta;Magnoliopsida;Liliales;Liliaceae;Lilium;Lilium auratum;NA;NA;NA
LC654091.1	Eukaryota;Streptophyta;Magnoliopsida;Liliales;Liliaceae;Lilium;Lilium auratum;NA;Lilium auratum var. auratum;NA
NC_035589.1	Eukaryota;Streptophyta;Magnoliopsida;Liliales;Liliaceae;Lilium;Lilium lancifolium;NA;NA;NA
LC654134.1	Eukaryota;Streptophyta;Magnoliopsida;Liliales;Liliaceae;Lilium;Lilium lancifolium;NA;Lilium lancifolium var. flaviflorum;NA
MZ970096.1	Eukaryota;Streptophyta;Magnoliopsida;Liliales;Liliaceae;Lilium;Lilium leichtlinii;NA;NA;NA
LC654140.1	Eukaryota;Streptophyta;Magnoliopsida;Liliales;Liliaceae;Lilium;Lilium leichtlinii;NA;NA;Lilium leichtlinii f. pseudotigrinum
MZ970112.1	Eukaryota;Streptophyta;Magnoliopsida;Liliales;Liliaceae;Lilium;Lilium leichtlinii;Lilium leichtlinii subsp. maximowiczii;NA;NA
KT461522.1	Eukaryota;Streptophyta;Magnoliopsida;Alismatales;Alismataceae;Limnocharis;Limnocharis flava;NA;NA;NA
CP013008.1	Bacteria;Cyanobacteriota;Cyanophyceae;Oscillatoriales;Sirenicapillariaceae;Limnospira;Limnospira platensis;NA;NA;NA
AY295299.1	Eukaryota;Streptophyta;Magnoliopsida;Sapindales;Rutaceae;Limonia;Limonia acidissima;NA;NA;NA
NC_086954.1	Eukaryota;Streptophyta;Magnoliopsida;Sapindales;Rutaceae;Limonia;Limonia acidissima;NA;NA;NA
NC_036356.1	Eukaryota;Streptophyta;Magnoliopsida;Malpighiales;Linaceae;Linum;Linum usitatissimum;NA;NA;NA
NC_035238.1	Eukaryota;Streptophyta;Magnoliopsida;Sapindales;Sapindaceae;Litchi;Litchi chinensis;NA;NA;NA
NC_009274.1	Eukaryota;Streptophyta;Magnoliopsida;Brassicales;Brassicaceae;Lobularia;Lobularia maritima;NA;NA;NA
NC_029960.1	Eukaryota;Streptophyta;Magnoliopsida;Arecales;Arecaceae;Lodoicea;Lodoicea maldivica;NA;NA;NA
OQ621738.1	Eukaryota;Streptophyta;Magnoliopsida;Arecales;Arecaceae;Lodoicea;Lodoicea maldivica;NA;NA;NA
NC_045045.1	Eukaryota;Streptophyta;Magnoliopsida;Dipsacales;Caprifoliaceae;Lonicera;Lonicera confusa;NA;NA;NA
KU298629.1	Eukaryota;Streptophyta;Magnoliopsida;Dipsacales;Caprifoliaceae;Lonicera;Lonicera japonica;NA;NA;NA
NC_026839.1	Eukaryota;Streptophyta;Magnoliopsida;Dipsacales;Caprifoliaceae;Lonicera;Lonicera japonica;NA;NA;NA
PP081760.1	Eukaryota;Streptophyta;Magnoliopsida;Dipsacales;Caprifoliaceae;Lonicera;Lonicera japonica;NA;NA;NA
PV868754.1	Eukaryota;Streptophyta;Magnoliopsida;Dipsacales;Caprifoliaceae;Lonicera;Lonicera japonica;NA;NA;NA
HM228553.1	Eukaryota;Streptophyta;Magnoliopsida;Dipsacales;Caprifoliaceae;Lonicera;Lonicera japonica;NA;Lonicera japonica var. chinensis;NA
DQ536835.1	Eukaryota;Streptophyta;Magnoliopsida;Cucurbitales;Cucurbitaceae;Luffa;Luffa acutangula;NA;NA;NA
KF487444.1	Eukaryota;Streptophyta;Magnoliopsida;Cucurbitales;Cucurbitaceae;Luffa;Luffa acutangula;NA;Luffa acutangula var. amara;NA
KF487447.1	Eukaryota;Streptophyta;Magnoliopsida;Cucurbitales;Cucurbitaceae;Luffa;Luffa acutangula;NA;Luffa acutangula var. forskalii;NA
NC_072516.1	Eukaryota;Streptophyta;Magnoliopsida;Cucurbitales;Cucurbitaceae;Luffa;Luffa aegyptiaca;NA;NA;NA
NC_026681.1	Eukaryota;Streptophyta;Magnoliopsida;Fabales;Fabaceae;Lupinus;Lupinus albus;NA;NA;NA
AY618494.1	Eukaryota;Streptophyta;Magnoliopsida;Fabales;Fabaceae;Lupinus;Lupinus albus;Lupinus albus subsp. graecus;NA;NA
DQ417006.1	Eukaryota;Streptophyta;Magnoliopsida;Fabales;Fabaceae;Lupinus;Lupinus angustifolius;NA;NA;NA
AY618496.1	Eukaryota;Streptophyta;Magnoliopsida;Fabales;Fabaceae;Lupinus;Lupinus angustifolius;Lupinus angustifolius subsp. angustifolius;NA;NA
AY618497.1	Eukaryota;Streptophyta;Magnoliopsida;Fabales;Fabaceae;Lupinus;Lupinus angustifolius;Lupinus angustifolius subsp. reticulatus;NA;NA
DQ417008.1	Eukaryota;Streptophyta;Magnoliopsida;Fabales;Fabaceae;Lupinus;Lupinus cosentinii;NA;NA;NA
AY618501.1	Eukaryota;Streptophyta;Magnoliopsida;Fabales;Fabaceae;Lupinus;Lupinus mutabilis;NA;NA;NA
MN916560.1	Eukaryota;Streptophyta;Magnoliopsida;Solanales;Solanaceae;Lycium;Lycium barbarum;NA;NA;NA
NC_041110.1	Eukaryota;Streptophyta;Magnoliopsida;Solanales;Solanaceae;Lycium;Lycium barbarum;NA;NA;NA
OM804205.1	Eukaryota;Streptophyta;Magnoliopsida;Solanales;Solanaceae;Lycium;Lycium barbarum;NA;NA;NA
KT906334.1	Eukaryota;Streptophyta;Magnoliopsida;Solanales;Solanaceae;Lycium;Lycium barbarum;NA;Lycium barbarum var. auranticarpum;NA
MN916563.1	Eukaryota;Streptophyta;Magnoliopsida;Solanales;Solanaceae;Lycium;Lycium chinense;NA;NA;NA
NC_042204.1	Eukaryota;Streptophyta;Magnoliopsida;Solanales;Solanaceae;Lycium;Lycium chinense;NA;NA;NA
PV869136.1	Eukaryota;Streptophyta;Magnoliopsida;Solanales;Solanaceae;Lycium;Lycium chinense;NA;NA;NA
NC_025288.1	Eukaryota;Streptophyta;Magnoliopsida;Proteales;Proteaceae;Macadamia;Macadamia integrifolia;NA;NA;NA
FJ917058.1	Eukaryota;Streptophyta;Magnoliopsida;Rosales;Moraceae;Maclura;Maclura pomifera;NA;NA;NA
EU717341.1	Eukaryota;Streptophyta;Magnoliopsida;Fabales;Fabaceae;Macrotyloma;Macrotyloma uniflorum;NA;NA;NA
GQ273652.1	Eukaryota;Streptophyta;Cycadopsida;Cycadales;Zamiaceae;Macrozamia;Macrozamia riedlei;NA;NA;NA
JX215395.1	Eukaryota;Streptophyta;Cycadopsida;Cycadales;Zamiaceae;Macrozamia;Macrozamia riedlei;NA;NA;NA
AY122433.1	Eukaryota;Streptophyta;Magnoliopsida;Brassicales;Capparaceae;Maerua;Maerua angolensis;NA;NA;NA
KR737673.1	Eukaryota;Streptophyta;Magnoliopsida;Brassicales;Capparaceae;Maerua;Maerua angolensis;NA;NA;NA
MK187138.1	Eukaryota;Streptophyta;Magnoliopsida;Brassicales;Capparaceae;Maerua;Maerua angolensis;NA;NA;NA
MK187139.1	Eukaryota;Streptophyta;Magnoliopsida;Brassicales;Capparaceae;Maerua;Maerua angolensis;NA;NA;NA
NC_056770.1	Eukaryota;Streptophyta;Magnoliopsida;Magnoliales;Magnoliaceae;Magnolia;Magnolia denudata;NA;NA;NA
NC_020318.1	Eukaryota;Streptophyta;Magnoliopsida;Magnoliales;Magnoliaceae;Magnolia;Magnolia grandiflora;NA;NA;NA
AF350957.1	Eukaryota;Streptophyta;Magnoliopsida;Malpighiales;Malpighiaceae;Malpighia;Malpighia emarginata;NA;NA;NA
AB817506.1	Eukaryota;Streptophyta;Magnoliopsida;Malpighiales;Malpighiaceae;Malpighia;Malpighia glabra;NA;NA;NA
NC_045389.1	Eukaryota;Streptophyta;Magnoliopsida;Rosales;Rosaceae;Malus;Malus baccata;NA;NA;NA
NC_061549.1	Eukaryota;Streptophyta;Magnoliopsida;Rosales;Rosaceae;Malus;Malus domestica;NA;NA;NA
KF486660.1	Eukaryota;Streptophyta;Magnoliopsida;Rosales;Rosaceae;Malus;Malus domestica;Malus domestica subsp. chinensis;NA;NA
NC_036368.1	Eukaryota;Streptophyta;Magnoliopsida;Rosales;Rosaceae;Malus;Malus micromalus;NA;NA;NA
NC_031163.1	Eukaryota;Streptophyta;Magnoliopsida;Rosales;Rosaceae;Malus;Malus prunifolia;NA;NA;NA
NC_050059.1	Eukaryota;Streptophyta;Magnoliopsida;Rosales;Rosaceae;Malus;Malus sieboldii;NA;NA;NA
NC_057587.1	Eukaryota;Streptophyta;Magnoliopsida;Rosales;Rosaceae;Malus;Malus spectabilis;NA;NA;NA
NC_062299.1	Eukaryota;Streptophyta;Magnoliopsida;Rosales;Rosaceae;Malus;Malus sylvestris;NA;NA;NA
KY697511.1	Eukaryota;Streptophyta;Magnoliopsida;Malvales;Malvaceae;Malva;Malva sylvestris;NA;NA;NA
NC_059767.1	Eukaryota;Streptophyta;Magnoliopsida;Malvales;Malvaceae;Malva;Malva verticillata;NA;NA;NA
KP055522.1	Eukaryota;Streptophyta;Magnoliopsida;Sapindales;Anacardiaceae;Mangifera;Mangifera foetida;NA;NA;NA
NC_084069.1	Eukaryota;Streptophyta;Magnoliopsida;Sapindales;Anacardiaceae;Mangifera;Mangifera foetida;NA;NA;NA
MG584477.1	Eukaryota;Streptophyta;Magnoliopsida;Sapindales;Anacardiaceae;Mangifera;Mangifera indica;NA;NA;NA
NC_035239.1	Eukaryota;Streptophyta;Magnoliopsida;Sapindales;Anacardiaceae;Mangifera;Mangifera indica;NA;NA;NA
KY084914.1	Eukaryota;Streptophyta;Magnoliopsida;Sapindales;Anacardiaceae;Mangifera;Mangifera laurina;NA;NA;NA
NC_066470.1	Eukaryota;Streptophyta;Magnoliopsida;Sapindales;Anacardiaceae;Mangifera;Mangifera odorata;NA;NA;NA
NC_084066.1	Eukaryota;Streptophyta;Magnoliopsida;Sapindales;Anacardiaceae;Mangifera;Mangifera quadrifida;NA;NA;NA
NC_071957.1	Eukaryota;Streptophyta;Magnoliopsida;Sapindales;Anacardiaceae;Mangifera;Mangifera similis;NA;NA;NA
NC_010433.1	Eukaryota;Streptophyta;Magnoliopsida;Malpighiales;Euphorbiaceae;Manihot;Manihot esculenta;NA;NA;NA
EU518905.1	Eukaryota;Streptophyta;Magnoliopsida;Malpighiales;Euphorbiaceae;Manihot;Manihot esculenta;Manihot esculenta subsp. esculenta;NA;NA
EU518907.1	Eukaryota;Streptophyta;Magnoliopsida;Malpighiales;Euphorbiaceae;Manihot;Manihot esculenta;Manihot esculenta subsp. peruviana;NA;NA
DQ924309.1	Eukaryota;Streptophyta;Magnoliopsida;Ericales;Sapotaceae;Manilkara;Manilkara zapota;NA;NA;NA
JN413111.1	Eukaryota;Streptophyta;Magnoliopsida;Zingiberales;Marantaceae;Maranta;Maranta arundinacea;NA;NA;NA
DQ643379.1	Eukaryota;Streptophyta;Polypodiopsida;Salviniales;Marsileaceae;Marsilea;Marsilea quadrifolia;NA;NA;NA
MN167283.1	Eukaryota;Streptophyta;Magnoliopsida;Asterales;Asteraceae;Matricaria;Matricaria chamomilla;NA;NA;NA
NC_068750.1	Eukaryota;Streptophyta;Magnoliopsida;Asterales;Asteraceae;Matricaria;Matricaria chamomilla;NA;NA;NA
NC_034358.1	Eukaryota;Streptophyta;Magnoliopsida;Brassicales;Brassicaceae;Matthiola;Matthiola incana;NA;NA;NA
DQ131554.1	Eukaryota;Streptophyta;Magnoliopsida;Fabales;Fabaceae;Medicago;Medicago sativa;NA;NA;NA
JQ041881.1	Eukaryota;Streptophyta;Magnoliopsida;Fabales;Fabaceae;Medicago;Medicago sativa;NA;NA;NA
KJ746339.1	Eukaryota;Streptophyta;Magnoliopsida;Fabales;Fabaceae;Medicago;Medicago sativa;Medicago sativa subsp. falcata;NA;NA
KU600227.1	Eukaryota;Streptophyta;Magnoliopsida;Fabales;Fabaceae;Medicago;Medicago sativa;Medicago sativa subsp. falcata;NA;NA
NC_042841.1	Eukaryota;Streptophyta;Magnoliopsida;Fabales;Fabaceae;Medicago;Medicago sativa;Medicago sativa subsp. sativa;NA;NA
EU647829.1	Eukaryota;Streptophyta;Magnoliopsida;Zingiberales;Marantaceae;Megaphrynium;Megaphrynium macrostachyum;NA;NA;NA
JN413113.1	Eukaryota;Streptophyta;Magnoliopsida;Zingiberales;Marantaceae;Megaphrynium;Megaphrynium macrostachyum;NA;NA;NA
EU721207.1	Eukaryota;Streptophyta;Magnoliopsida;Sapindales;Sapindaceae;Melicoccus;Melicoccus bijugatus;NA;NA;NA
AB546813.1	Eukaryota;Streptophyta;Magnoliopsida;Fabales;Fabaceae;Melilotus;Melilotus albus;NA;NA;NA
MN533622.1	Eukaryota;Streptophyta;Magnoliopsida;Fabales;Fabaceae;Melilotus;Melilotus albus;NA;NA;NA
NC_041419.1	Eukaryota;Streptophyta;Magnoliopsida;Fabales;Fabaceae;Melilotus;Melilotus albus;NA;NA;NA
MN533496.1	Eukaryota;Streptophyta;Magnoliopsida;Fabales;Fabaceae;Melilotus;Melilotus indicus;NA;NA;NA
KF758420.1	Eukaryota;Streptophyta;Magnoliopsida;Fabales;Fabaceae;Melilotus;Melilotus officinalis;NA;NA;NA
NC_070051.1	Eukaryota;Streptophyta;Magnoliopsida;Fabales;Fabaceae;Melilotus;Melilotus officinalis;NA;NA;NA
MN533511.1	Eukaryota;Streptophyta;Magnoliopsida;Fabales;Fabaceae;Melilotus;Melilotus officinalis;Melilotus officinalis subsp. suaveolens;NA;NA
MN533514.1	Eukaryota;Streptophyta;Magnoliopsida;Fabales;Fabaceae;Melilotus;Melilotus officinalis;Melilotus officinalis subsp. suaveolens;NA;NA
MN533693.1	Eukaryota;Streptophyta;Magnoliopsida;Fabales;Fabaceae;Melilotus;Melilotus officinalis;Melilotus officinalis subsp. suaveolens;NA;NA
MN533698.1	Eukaryota;Streptophyta;Magnoliopsida;Fabales;Fabaceae;Melilotus;Melilotus officinalis;Melilotus officinalis subsp. suaveolens;NA;NA
NC_066033.1	Eukaryota;Streptophyta;Magnoliopsida;Lamiales;Lamiaceae;Melissa;Melissa officinalis;NA;NA;NA
AY618512.1	Eukaryota;Streptophyta;Magnoliopsida;Lamiales;Lamiaceae;Mentha;Mentha aquatica;NA;NA;NA
KY024203.1	Eukaryota;Streptophyta;Magnoliopsida;Lamiales;Lamiaceae;Mentha;Mentha aquatica;NA;Mentha aquatica var. citrata;NA
AY618513.1	Eukaryota;Streptophyta;Magnoliopsida;Lamiales;Lamiaceae;Mentha;Mentha arvensis;NA;NA;NA
KX668075.1	Eukaryota;Streptophyta;Magnoliopsida;Lamiales;Lamiaceae;Mentha;Mentha arvensis;NA;NA;NA
AY618514.1	Eukaryota;Streptophyta;Magnoliopsida;Lamiales;Lamiaceae;Mentha;Mentha australis;NA;NA;NA
KC414276.1	Eukaryota;Streptophyta;Magnoliopsida;Lamiales;Lamiaceae;Mentha;Mentha canadensis;NA;NA;NA
NC_044082.1	Eukaryota;Streptophyta;Magnoliopsida;Lamiales;Lamiaceae;Mentha;Mentha canadensis;NA;NA;NA
PV868863.1	Eukaryota;Streptophyta;Magnoliopsida;Lamiales;Lamiaceae;Mentha;Mentha canadensis;NA;NA;NA
AY618516.1	Eukaryota;Streptophyta;Magnoliopsida;Lamiales;Lamiaceae;Mentha;Mentha cervina;NA;NA;NA
GU381522.1	Eukaryota;Streptophyta;Magnoliopsida;Lamiales;Lamiaceae;Mentha;Mentha cervina;NA;NA;NA
ON684553.1	Eukaryota;Streptophyta;Magnoliopsida;Lamiales;Lamiaceae;Mentha;Mentha cervina;NA;NA;NA
ON684560.1	Eukaryota;Streptophyta;Magnoliopsida;Lamiales;Lamiaceae;Mentha;Mentha cervina;NA;NA;NA
AY618517.1	Eukaryota;Streptophyta;Magnoliopsida;Lamiales;Lamiaceae;Mentha;Mentha cunninghamii;NA;NA;NA
AY618518.1	Eukaryota;Streptophyta;Magnoliopsida;Lamiales;Lamiaceae;Mentha;Mentha diemenica;NA;NA;NA
AY618519.1	Eukaryota;Streptophyta;Magnoliopsida;Lamiales;Lamiaceae;Mentha;Mentha gattefossei;NA;NA;NA
AY618520.1	Eukaryota;Streptophyta;Magnoliopsida;Lamiales;Lamiaceae;Mentha;Mentha japonica;NA;NA;NA
NC_032054.1	Eukaryota;Streptophyta;Magnoliopsida;Lamiales;Lamiaceae;Mentha;Mentha longifolia;NA;NA;NA
NC_086489.1	Eukaryota;Streptophyta;Magnoliopsida;Lamiales;Lamiaceae;Mentha;Mentha pulegium;NA;NA;NA
AY618523.1	Eukaryota;Streptophyta;Magnoliopsida;Lamiales;Lamiaceae;Mentha;Mentha requienii;NA;NA;NA
AY618524.1	Eukaryota;Streptophyta;Magnoliopsida;Lamiales;Lamiaceae;Mentha;Mentha satureioides;NA;NA;NA
OR891909.1	Eukaryota;Streptophyta;Magnoliopsida;Lamiales;Lamiaceae;Mentha;Mentha sp.;NA;NA;NA
AY943460.1	Eukaryota;Streptophyta;Magnoliopsida;Lamiales;Lamiaceae;Mentha;Mentha sp. Edwards 177;NA;NA;NA
FJ593456.1	Eukaryota;Streptophyta;Magnoliopsida;Lamiales;Lamiaceae;Mentha;Mentha sp. JSZ-2009a;NA;NA;NA
MN481448.1	Eukaryota;Streptophyta;Magnoliopsida;Lamiales;Lamiaceae;Mentha;Mentha sp. UASWS1889;NA;NA;NA
NC_037247.1	Eukaryota;Streptophyta;Magnoliopsida;Lamiales;Lamiaceae;Mentha;Mentha spicata;NA;NA;NA
JQ669052.1	Eukaryota;Streptophyta;Magnoliopsida;Lamiales;Lamiaceae;Mentha;Mentha spicata;Mentha spicata subsp. condensata;NA;NA
AY618526.1	Eukaryota;Streptophyta;Magnoliopsida;Lamiales;Lamiaceae;Mentha;Mentha suaveolens;NA;NA;NA
NC_086486.1	Eukaryota;Streptophyta;Magnoliopsida;Lamiales;Lamiaceae;Mentha;Mentha suaveolens;NA;NA;NA
KY024195.1	Eukaryota;Streptophyta;Magnoliopsida;Lamiales;Lamiaceae;Mentha;Mentha x piperita;NA;NA;NA
NC_047475.1	Eukaryota;Streptophyta;Magnoliopsida;Lamiales;Lamiaceae;Mentha;Mentha x piperita;NA;NA;NA
GU381520.1	Eukaryota;Streptophyta;Magnoliopsida;Lamiales;Lamiaceae;Mentha;Mentha x rotundifolia;NA;NA;NA
AY295296.1	Eukaryota;Streptophyta;Magnoliopsida;Sapindales;Rutaceae;Merrillia;Merrillia caloxylon;NA;NA;NA
NC_032688.1	Eukaryota;Streptophyta;Magnoliopsida;Sapindales;Rutaceae;Merrillia;Merrillia caloxylon;NA;NA;NA
AJ505453.1	Eukaryota;Streptophyta;Magnoliopsida;Lamiales;Lamiaceae;Mesosphaerum;Mesosphaerum suaveolens;NA;NA;NA
MK187100.1	Eukaryota;Streptophyta;Magnoliopsida;Lamiales;Lamiaceae;Mesosphaerum;Mesosphaerum suaveolens;NA;NA;NA
AM157409.1	Eukaryota;Streptophyta;Magnoliopsida;Rosales;Rosaceae;Mespilus;Mespilus germanica;NA;NA;NA
NC_049111.1	Eukaryota;Streptophyta;Magnoliopsida;Malpighiales;Calophyllaceae;Mesua;Mesua ferrea;NA;NA;NA
NC_042921.1	Eukaryota;Streptophyta;Magnoliopsida;Fabales;Fabaceae;Mimosa;Mimosa pudica;NA;NA;NA
NC_061660.1	Eukaryota;Streptophyta;Magnoliopsida;Ericales;Sapotaceae;Mimusops;Mimusops elengi;NA;NA;NA
NC_041297.1	Eukaryota;Streptophyta;Magnoliopsida;Caryophyllales;Nyctaginaceae;Mirabilis;Mirabilis jalapa;NA;NA;NA
NC_036807.1	Eukaryota;Streptophyta;Magnoliopsida;Cucurbitales;Cucurbitaceae;Momordica;Momordica charantia;NA;NA;NA
OP222139.1	Eukaryota;Streptophyta;Magnoliopsida;Cucurbitales;Cucurbitaceae;Momordica;Momordica charantia;NA;NA;NA
PZ143378.1	Eukaryota;Streptophyta;Magnoliopsida;Cucurbitales;Cucurbitaceae;Momordica;Momordica charantia;NA;NA;NA
NC_065200.1	Eukaryota;Streptophyta;Magnoliopsida;Cucurbitales;Cucurbitaceae;Momordica;Momordica cochinchinensis;NA;NA;NA
GQ163331.1	Eukaryota;Streptophyta;Magnoliopsida;Cucurbitales;Cucurbitaceae;Momordica;Momordica subangulata;NA;NA;NA
GQ163313.1	Eukaryota;Streptophyta;Magnoliopsida;Cucurbitales;Cucurbitaceae;Momordica;Momordica subangulata;Momordica subangulata subsp. renigera;NA;NA
KP227772.1	Eukaryota;Streptophyta;Magnoliopsida;Alismatales;Araceae;Monstera;Monstera deliciosa;NA;NA;NA
NC_082227.1	Eukaryota;Streptophyta;Magnoliopsida;Alismatales;Araceae;Monstera;Monstera deliciosa;NA;NA;NA
DQ501448.1	Eukaryota;Streptophyta;Magnoliopsida;Fagales;Myricaceae;Morella;Morella rubra;NA;NA;NA
AB817649.1	Eukaryota;Streptophyta;Magnoliopsida;Gentianales;Rubiaceae;Morinda;Morinda citrifolia;NA;NA;NA
AF152616.1	Eukaryota;Streptophyta;Magnoliopsida;Gentianales;Rubiaceae;Morinda;Morinda citrifolia;NA;NA;NA
NC_047302.1	Eukaryota;Streptophyta;Magnoliopsida;Gentianales;Rubiaceae;Morinda;Morinda citrifolia;NA;NA;NA
GQ463251.1	Eukaryota;Streptophyta;Magnoliopsida;Gentianales;Rubiaceae;Morinda;Morinda citrifolia;NA;Morinda citrifolia var. bracteata;NA
FJ906997.1	Eukaryota;Streptophyta;Magnoliopsida;Gentianales;Rubiaceae;Morinda;Morinda citrifolia;NA;Morinda citrifolia var. citrifolia;NA
FJ906998.1	Eukaryota;Streptophyta;Magnoliopsida;Gentianales;Rubiaceae;Morinda;Morinda citrifolia;NA;Morinda citrifolia var. citrifolia;NA
GQ463252.1	Eukaryota;Streptophyta;Magnoliopsida;Gentianales;Rubiaceae;Morinda;Morinda citrifolia;NA;Morinda citrifolia var. citrifolia;NA
GQ463255.1	Eukaryota;Streptophyta;Magnoliopsida;Gentianales;Rubiaceae;Morinda;Morinda citrifolia;NA;Morinda citrifolia var. citrifolia;NA
FJ906999.1	Eukaryota;Streptophyta;Magnoliopsida;Gentianales;Rubiaceae;Morinda;Morinda citrifolia;NA;Morinda citrifolia var. potteri;NA
NC_041432.1	Eukaryota;Streptophyta;Magnoliopsida;Brassicales;Moringaceae;Moringa;Moringa oleifera;NA;NA;NA
NC_057087.1	Eukaryota;Streptophyta;Magnoliopsida;Rosales;Moraceae;Morus;Morus alba;NA;NA;NA
JN006357.1	Eukaryota;Streptophyta;Magnoliopsida;Rosales;Moraceae;Morus;Morus alba;NA;Morus alba var. alba;NA
NC_066053.1	Eukaryota;Streptophyta;Magnoliopsida;Rosales;Moraceae;Morus;Morus nigra;NA;NA;NA
KF672674.1	Eukaryota;Streptophyta;Magnoliopsida;Rosales;Moraceae;Morus;Morus rubra;NA;NA;NA
NC_070233.1	Eukaryota;Streptophyta;Magnoliopsida;Rosales;Moraceae;Morus;Morus rubra;NA;NA;NA
KX268199.1	Eukaryota;Streptophyta;Magnoliopsida;Fabales;Fabaceae;Mucuna;Mucuna pruriens;NA;NA;NA
NC_054176.1	Eukaryota;Streptophyta;Magnoliopsida;Fabales;Fabaceae;Mucuna;Mucuna pruriens;NA;NA;NA
KT696115.1	Eukaryota;Streptophyta;Magnoliopsida;Fabales;Fabaceae;Mucuna;Mucuna pruriens;NA;Mucuna pruriens var. pruriens;NA
KT696117.1	Eukaryota;Streptophyta;Magnoliopsida;Fabales;Fabaceae;Mucuna;Mucuna pruriens;NA;Mucuna pruriens var. utilis;NA
JN676068.1	Eukaryota;Streptophyta;Magnoliopsida;Malvales;Muntingiaceae;Muntingia;Muntingia calabura;NA;NA;NA
NC_056948.1	Eukaryota;Streptophyta;Magnoliopsida;Malvales;Muntingiaceae;Muntingia;Muntingia calabura;NA;NA;NA
NC_032684.1	Eukaryota;Streptophyta;Magnoliopsida;Sapindales;Rutaceae;Murraya;Murraya koenigii;NA;NA;NA
FJ621283.1	Eukaryota;Streptophyta;Magnoliopsida;Zingiberales;Musaceae;Musa;Musa acuminata;NA;NA;NA
PP130489.1	Eukaryota;Streptophyta;Magnoliopsida;Zingiberales;Musaceae;Musa;Musa acuminata;Musa acuminata subsp. acuminata;NA;NA
PP130490.1	Eukaryota;Streptophyta;Magnoliopsida;Zingiberales;Musaceae;Musa;Musa acuminata;Musa acuminata subsp. acuminata;NA;NA
KT257572.1	Eukaryota;Streptophyta;Magnoliopsida;Zingiberales;Musaceae;Musa;Musa acuminata;Musa acuminata subsp. malaccensis;NA;NA
KT257578.1	Eukaryota;Streptophyta;Magnoliopsida;Zingiberales;Musaceae;Musa;Musa acuminata;Musa acuminata subsp. siamea;NA;NA
KT257583.1	Eukaryota;Streptophyta;Magnoliopsida;Zingiberales;Musaceae;Musa;Musa acuminata;Musa acuminata subsp. truncata;NA;NA
MZ318132.1	Eukaryota;Streptophyta;Magnoliopsida;Zingiberales;Musaceae;Musa;Musa acuminata;NA;Musa acuminata var. breviformis;NA
MZ318152.1	Eukaryota;Streptophyta;Magnoliopsida;Zingiberales;Musaceae;Musa;Musa acuminata;Musa acuminata subsp. acuminata;Musa acuminata var. flava;NA
MZ318153.1	Eukaryota;Streptophyta;Magnoliopsida;Zingiberales;Musaceae;Musa;Musa acuminata;Musa acuminata subsp. acuminata;Musa acuminata var. nakaii;NA
NC_058925.1	Eukaryota;Streptophyta;Magnoliopsida;Zingiberales;Musaceae;Musa;Musa acuminata;Musa acuminata subsp. acuminata;Musa acuminata var. zebrina;NA
NC_028439.1	Eukaryota;Streptophyta;Magnoliopsida;Zingiberales;Musaceae;Musa;Musa balbisiana;NA;NA;NA
PQ181491.1	Eukaryota;Streptophyta;Magnoliopsida;Zingiberales;Musaceae;Musa;Musa balbisiana;NA;Musa balbisiana var. andamanica;NA
FJ621267.1	Eukaryota;Streptophyta;Magnoliopsida;Zingiberales;Musaceae;Musa;Musa coccinea;NA;NA;NA
NC_058948.1	Eukaryota;Streptophyta;Magnoliopsida;Zingiberales;Musaceae;Musa;Musa coccinea;NA;NA;NA
NC_058948.1_1	Eukaryota;Streptophyta;Magnoliopsida;Zingiberales;Musaceae;Musa;Musa coccinea;NA;NA;NA
NC_056833.1	Eukaryota;Streptophyta;Magnoliopsida;Zingiberales;Musaceae;Musa;Musa troglodytarum;NA;NA;NA
NC_058927.1	Eukaryota;Streptophyta;Magnoliopsida;Zingiberales;Musaceae;Musa;Musa velutina;NA;NA;NA
MZ318134.1	Eukaryota;Streptophyta;Magnoliopsida;Zingiberales;Musaceae;Musa;Musa x paradisiaca;NA;NA;NA
MH152646.1	Eukaryota;Streptophyta;Magnoliopsida;Asparagales;Asparagaceae;Muscari;Muscari neglectum;NA;NA;NA
MW960323.1	Eukaryota;Streptophyta;Magnoliopsida;Asparagales;Asparagaceae;Muscari;Muscari neglectum;NA;NA;NA
OL880239.1	Eukaryota;Streptophyta;Magnoliopsida;Asparagales;Asparagaceae;Muscari;Muscari neglectum;NA;NA;NA
OQ451419.1	Eukaryota;Streptophyta;Magnoliopsida;Myrtales;Myrtaceae;Myrceugenia;Myrceugenia lanceolata;NA;NA;NA
MN443095.1	Eukaryota;Streptophyta;Magnoliopsida;Myrtales;Myrtaceae;Myrciaria;Myrciaria vexator;NA;NA;NA
AY145351.1	Eukaryota;Streptophyta;Magnoliopsida;Magnoliales;Myristicaceae;Myristica;Myristica fragrans;NA;NA;NA
NC_060715.1	Eukaryota;Streptophyta;Magnoliopsida;Magnoliales;Myristicaceae;Myristica;Myristica fragrans;NA;NA;NA
AF432023.1	Eukaryota;Streptophyta;Magnoliopsida;Apiales;Apiaceae;Myrrhis;Myrrhis odorata;NA;NA;NA
NC_066006.1	Eukaryota;Streptophyta;Magnoliopsida;Myrtales;Myrtaceae;Myrtus;Myrtus communis;NA;NA;NA
AF079349.1	Eukaryota;Streptophyta;Magnoliopsida;Brassicales;Brassicaceae;Nasturtium;Nasturtium microphyllum;NA;NA;NA
NC_009275.1	Eukaryota;Streptophyta;Magnoliopsida;Brassicales;Brassicaceae;Nasturtium;Nasturtium officinale;NA;NA;NA
AB889438.1	Eukaryota;Streptophyta;Magnoliopsida;Gentianales;Rubiaceae;Nauclea;Nauclea orientalis;NA;NA;NA
NC_025339.1	Eukaryota;Streptophyta;Magnoliopsida;Proteales;Nelumbonaceae;Nelumbo;Nelumbo nucifera;NA;NA;NA
AM397161.1	Eukaryota;Streptophyta;Magnoliopsida;Proteales;Nelumbonaceae;Nelumbo;Nelumbo nucifera;Nelumbo nucifera subsp. nucifera;NA;NA
AB040085.1	Eukaryota;Streptophyta;Magnoliopsida;Laurales;Lauraceae;Neolitsea;Neolitsea cassia;NA;NA;NA
NC_053699.1	Eukaryota;Streptophyta;Magnoliopsida;Sapindales;Sapindaceae;Nephelium;Nephelium lappaceum;NA;NA;NA
NC_070102.1	Eukaryota;Streptophyta;Magnoliopsida;Sapindales;Sapindaceae;Nephelium;Nephelium ramboutan-ake;NA;NA;NA
KX268200.1	Eukaryota;Streptophyta;Magnoliopsida;Fabales;Fabaceae;Neptunia;Neptunia oleracea;NA;NA;NA
NC_083219.1	Eukaryota;Streptophyta;Magnoliopsida;Ranunculales;Ranunculaceae;Nigella;Nigella sativa;NA;NA;NA
AJ228710.1	Bacteria;Cyanobacteriota;Cyanophyceae;Nostocales;Nostocaceae;Nostoc;Nostoc flagelliforme;NA;NA;NA
KC350502.1	Bacteria;Cyanobacteriota;Cyanophyceae;Nostocales;Nostocaceae;Nostoc;Nostoc flagelliforme;NA;NA;NA
NC_041238.1	Eukaryota;Streptophyta;Magnoliopsida;Nymphaeales;Nymphaeaceae;Nymphaea;Nymphaea lotus;NA;NA;NA
HF968682.1	Eukaryota;Streptophyta;Magnoliopsida;Nymphaeales;Nymphaeaceae;Nymphaea;Nymphaea lotus;NA;Nymphaea lotus var. dentata;NA
HF968680.1	Eukaryota;Streptophyta;Magnoliopsida;Nymphaeales;Nymphaeaceae;Nymphaea;Nymphaea nouchali;NA;NA;NA
NC_059865.1	Eukaryota;Streptophyta;Magnoliopsida;Nymphaeales;Nymphaeaceae;Nymphaea;Nymphaea nouchali;NA;NA;NA
AM422045.1	Eukaryota;Streptophyta;Magnoliopsida;Nymphaeales;Nymphaeaceae;Nymphaea;Nymphaea nouchali;NA;Nymphaea nouchali var. caerulea;NA
MW809759.1	Eukaryota;Streptophyta;Magnoliopsida;Nymphaeales;Nymphaeaceae;Nymphaea;Nymphaea nouchali;NA;Nymphaea nouchali var. caerulea;NA
MW809855.1	Eukaryota;Streptophyta;Magnoliopsida;Nymphaeales;Nymphaeaceae;Nymphaea;Nymphaea nouchali;NA;Nymphaea nouchali var. caerulea;NA
NC_057567.1	Eukaryota;Streptophyta;Magnoliopsida;Nymphaeales;Nymphaeaceae;Nymphaea;Nymphaea odorata;NA;NA;NA
AY145333.1	Eukaryota;Streptophyta;Magnoliopsida;Nymphaeales;Nymphaeaceae;Nymphaea;Nymphaea odorata;Nymphaea odorata subsp. odorata;NA;NA
AM422073.1	Eukaryota;Streptophyta;Magnoliopsida;Nymphaeales;Nymphaeaceae;Nymphaea;Nymphaea odorata;Nymphaea odorata subsp. tuberosa;NA;NA
NC_029958.1	Eukaryota;Streptophyta;Magnoliopsida;Arecales;Arecaceae;Nypa;Nypa fruticans;NA;NA;NA
AJ505465.1	Eukaryota;Streptophyta;Magnoliopsida;Lamiales;Lamiaceae;Ocimum;Ocimum basilicum;NA;NA;NA
NC_035143.1	Eukaryota;Streptophyta;Magnoliopsida;Lamiales;Lamiaceae;Ocimum;Ocimum basilicum;NA;NA;NA
FJ593459.1	Eukaryota;Streptophyta;Magnoliopsida;Lamiales;Lamiaceae;Ocimum;Ocimum gratissimum;NA;NA;NA
MK261422.1	Eukaryota;Streptophyta;Magnoliopsida;Lamiales;Lamiaceae;Ocimum;Ocimum gratissimum;NA;NA;NA
NC_057196.1	Eukaryota;Streptophyta;Magnoliopsida;Lamiales;Lamiaceae;Ocimum;Ocimum gratissimum;NA;NA;NA
AJ505467.1	Eukaryota;Streptophyta;Magnoliopsida;Lamiales;Lamiaceae;Ocimum;Ocimum gratissimum;NA;Ocimum gratissimum var. gratissimum;NA
AJ505468.1	Eukaryota;Streptophyta;Magnoliopsida;Lamiales;Lamiaceae;Ocimum;Ocimum gratissimum;NA;Ocimum gratissimum var. macrophyllum;NA
AJ505469.1	Eukaryota;Streptophyta;Magnoliopsida;Lamiales;Lamiaceae;Ocimum;Ocimum gratissimum;NA;Ocimum gratissimum var. macrophyllum;NA
KC894783.1	Eukaryota;Streptophyta;Magnoliopsida;Lamiales;Lamiaceae;Ocimum;Ocimum tenuiflorum;NA;NA;NA
MF447875.1	Eukaryota;Streptophyta;Magnoliopsida;Lamiales;Lamiaceae;Ocimum;Ocimum tenuiflorum;NA;NA;NA
NC_043873.1	Eukaryota;Streptophyta;Magnoliopsida;Lamiales;Lamiaceae;Ocimum;Ocimum tenuiflorum;NA;NA;NA
AJ505464.1	Eukaryota;Streptophyta;Magnoliopsida;Lamiales;Lamiaceae;Ocimum;Ocimum x africanum;NA;NA;NA
LC586469.1	Eukaryota;Streptophyta;Magnoliopsida;Apiales;Apiaceae;Oenanthe;Oenanthe javanica;NA;NA;NA
NC_049874.1	Eukaryota;Streptophyta;Magnoliopsida;Apiales;Apiaceae;Oenanthe;Oenanthe javanica;NA;NA;NA
MK797471.1	Eukaryota;Streptophyta;Magnoliopsida;Arecales;Arecaceae;Oenocarpus;Oenocarpus bacaba;NA;NA;NA
NC_082053.1	Eukaryota;Streptophyta;Magnoliopsida;Myrtales;Onagraceae;Oenothera;Oenothera speciosa;NA;NA;NA
AF231866.1	Eukaryota;Streptophyta;Magnoliopsida;Lamiales;Oleaceae;Olea;Olea europaea;NA;NA;NA
HQ117893.1	Eukaryota;Streptophyta;Magnoliopsida;Lamiales;Oleaceae;Olea;Olea europaea;Olea europaea subsp. cuspidata;NA;NA
NC_015623.1	Eukaryota;Streptophyta;Magnoliopsida;Lamiales;Oleaceae;Olea;Olea europaea;Olea europaea subsp. maroccana;NA;NA
KC439476.1	Eukaryota;Streptophyta;Magnoliopsida;Asparagales;Asparagaceae;Ophiopogon;Ophiopogon japonicus;NA;NA;NA
KF671340.1	Eukaryota;Streptophyta;Magnoliopsida;Asparagales;Asparagaceae;Ophiopogon;Ophiopogon japonicus;NA;NA;NA
NC_049869.1	Eukaryota;Streptophyta;Magnoliopsida;Asparagales;Asparagaceae;Ophiopogon;Ophiopogon japonicus;NA;NA;NA
NC_087798.1	Eukaryota;Streptophyta;Magnoliopsida;Caryophyllales;Cactaceae;Opuntia;Opuntia cochenillifera;NA;NA;NA
HM041310.1	Eukaryota;Streptophyta;Magnoliopsida;Caryophyllales;Cactaceae;Opuntia;Opuntia dejecta;NA;NA;NA
MK261524.1	Eukaryota;Streptophyta;Magnoliopsida;Caryophyllales;Cactaceae;Opuntia;Opuntia ficus-indica;NA;NA;NA
NC_085762.1	Eukaryota;Streptophyta;Magnoliopsida;Caryophyllales;Cactaceae;Opuntia;Opuntia ficus-indica;NA;NA;NA
MW504058.1	Eukaryota;Streptophyta;Magnoliopsida;Caryophyllales;Cactaceae;Opuntia;Opuntia hyptiacantha;NA;NA;NA
NC_085703.1	Eukaryota;Streptophyta;Magnoliopsida;Caryophyllales;Cactaceae;Opuntia;Opuntia monacantha;NA;NA;NA
JQ690297.1	Eukaryota;Streptophyta;Magnoliopsida;Lamiales;Lamiaceae;Origanum;Origanum majorana;NA;NA;NA
AJ505543.1	Eukaryota;Streptophyta;Magnoliopsida;Lamiales;Lamiaceae;Origanum;Origanum vulgare;NA;NA;NA
OL598263.1	Eukaryota;Streptophyta;Magnoliopsida;Lamiales;Lamiaceae;Origanum;Origanum vulgare;Origanum vulgare subsp. hirtum;NA;NA
JQ690292.1	Eukaryota;Streptophyta;Magnoliopsida;Lamiales;Lamiaceae;Origanum;Origanum vulgare;Origanum vulgare subsp. vulgare;NA;NA
NC_049086.1	Eukaryota;Streptophyta;Magnoliopsida;Lamiales;Bignoniaceae;Oroxylum;Oroxylum indicum;NA;NA;NA
NC_024175.1	Eukaryota;Streptophyta;Magnoliopsida;Poales;Poaceae;Oryza;Oryza glaberrima;NA;NA;NA
OV049954.1	Eukaryota;Streptophyta;Magnoliopsida;Poales;Poaceae;Oryza;Oryza rufipogon;NA;NA;NA
AP014965.1	Eukaryota;Streptophyta;Magnoliopsida;Poales;Poaceae;Oryza;Oryza sativa;NA;NA;NA
AP014968.1	Eukaryota;Streptophyta;Magnoliopsida;Poales;Poaceae;Oryza;Oryza sativa;NA;NA;NA
EF137577.1	Eukaryota;Streptophyta;Magnoliopsida;Poales;Poaceae;Oryza;Oryza sativa;NA;NA;NA
NC_031333.1	Eukaryota;Streptophyta;Magnoliopsida;Poales;Poaceae;Oryza;Oryza sativa;NA;NA;NA
NC_042377.1	Eukaryota;Streptophyta;Magnoliopsida;Lamiales;Oleaceae;Osmanthus;Osmanthus fragrans;NA;NA;NA
PP081823.1	Eukaryota;Streptophyta;Magnoliopsida;Lamiales;Oleaceae;Osmanthus;Osmanthus fragrans;NA;Osmanthus fragrans var. thunbergii;NA
NC_024157.1	Eukaryota;Streptophyta;Polypodiopsida;Osmundales;Osmundaceae;Osmundastrum;Osmundastrum cinnamomeum;NA;NA;NA
AJ582343.1	Eukaryota;Streptophyta;Magnoliopsida;Oxalidales;Oxalidaceae;Oxalis;Oxalis pes-caprae;NA;NA;NA
EU437145.1	Eukaryota;Streptophyta;Magnoliopsida;Oxalidales;Oxalidaceae;Oxalis;Oxalis pes-caprae;NA;NA;NA
JN639540.1	Eukaryota;Streptophyta;Magnoliopsida;Oxalidales;Oxalidaceae;Oxalis;Oxalis tuberosa;NA;NA;NA
AY328147.1	Eukaryota;Streptophyta;Magnoliopsida;Malvales;Malvaceae;Pachira;Pachira aquatica;NA;NA;NA
HQ696757.1	Eukaryota;Streptophyta;Magnoliopsida;Malvales;Malvaceae;Pachira;Pachira insignis;NA;NA;NA
DQ427110.1	Eukaryota;Streptophyta;Magnoliopsida;Ericales;Lecythidaceae;Pachylecythis;Pachylecythis pisonis;NA;NA;NA
JN221943.1	Eukaryota;Streptophyta;Magnoliopsida;Ericales;Lecythidaceae;Pachylecythis;Pachylecythis pisonis;NA;NA;NA
JN221969.1	Eukaryota;Streptophyta;Magnoliopsida;Ericales;Lecythidaceae;Pachylecythis;Pachylecythis pisonis;NA;NA;NA
JN221971.1	Eukaryota;Streptophyta;Magnoliopsida;Ericales;Lecythidaceae;Pachylecythis;Pachylecythis pisonis;NA;NA;NA
AY172764.1	Eukaryota;Streptophyta;Magnoliopsida;Ericales;Lecythidaceae;Pachylecythis;Pachylecythis zabucajo;NA;NA;NA
DQ418029.1	Eukaryota;Streptophyta;Magnoliopsida;Ericales;Lecythidaceae;Pachylecythis;Pachylecythis zabucajo;NA;NA;NA
DQ418030.1	Eukaryota;Streptophyta;Magnoliopsida;Ericales;Lecythidaceae;Pachylecythis;Pachylecythis zabucajo;NA;NA;NA
GU246102.1	Eukaryota;Streptophyta;Magnoliopsida;Sapindales;Burseraceae;Pachylobus;Pachylobus edulis;NA;NA;NA
NC_026682.1	Eukaryota;Streptophyta;Magnoliopsida;Fabales;Fabaceae;Pachyrhizus;Pachyrhizus erosus;NA;NA;NA
NC_062416.1	Eukaryota;Streptophyta;Magnoliopsida;Gentianales;Rubiaceae;Paederia;Paederia foetida;NA;NA;NA
NC_040983.1	Eukaryota;Streptophyta;Magnoliopsida;Saxifragales;Paeoniaceae;Paeonia;Paeonia lactiflora;NA;NA;NA
AB787178.1	Eukaryota;Streptophyta;Magnoliopsida;Saxifragales;Paeoniaceae;Paeonia;Paeonia suffruticosa;NA;NA;NA
NC_006290.1	Eukaryota;Streptophyta;Magnoliopsida;Apiales;Araliaceae;Panax;Panax ginseng;NA;NA;NA
NC_028704.1	Eukaryota;Streptophyta;Magnoliopsida;Apiales;Araliaceae;Panax;Panax vietnamensis;NA;NA;NA
NC_070105.1	Eukaryota;Streptophyta;Magnoliopsida;Pandanales;Pandanaceae;Pandanus;Pandanus amaryllifolius;NA;NA;NA
KJ681521.1	Eukaryota;Streptophyta;Magnoliopsida;Pandanales;Pandanaceae;Pandanus;Pandanus conoideus;NA;NA;NA
JQ220395.1	Eukaryota;Streptophyta;Magnoliopsida;Pandanales;Pandanaceae;Pandanus;Pandanus dubius;NA;NA;NA
KJ681506.1	Eukaryota;Streptophyta;Magnoliopsida;Pandanales;Pandanaceae;Pandanus;Pandanus dubius;NA;NA;NA
KJ681604.1	Eukaryota;Streptophyta;Magnoliopsida;Pandanales;Pandanaceae;Pandanus;Pandanus dubius;NA;Pandanus dubius var. compressus;NA
KJ681554.1	Eukaryota;Streptophyta;Magnoliopsida;Pandanales;Pandanaceae;Pandanus;Pandanus dubius;NA;Pandanus dubius var. dubius;NA
JQ220400.1	Eukaryota;Streptophyta;Magnoliopsida;Pandanales;Pandanaceae;Pandanus;Pandanus leram;NA;NA;NA
KJ681565.1	Eukaryota;Streptophyta;Magnoliopsida;Pandanales;Pandanaceae;Pandanus;Pandanus spiralis;NA;NA;NA
KJ681587.1	Eukaryota;Streptophyta;Magnoliopsida;Pandanales;Pandanaceae;Pandanus;Pandanus spiralis;NA;Pandanus spiralis var. multimammillatus;NA
NC_042747.1	Eukaryota;Streptophyta;Magnoliopsida;Pandanales;Pandanaceae;Pandanus;Pandanus tectorius;NA;NA;NA
KJ681528.1	Eukaryota;Streptophyta;Magnoliopsida;Pandanales;Pandanaceae;Pandanus;Pandanus tectorius;NA;Pandanus tectorius var. laevis;NA
NC_029732.1	Eukaryota;Streptophyta;Magnoliopsida;Poales;Poaceae;Panicum;Panicum miliaceum;NA;NA;NA
AY328242.1	Eukaryota;Streptophyta;Magnoliopsida;Ranunculales;Papaveraceae;Papaver;Papaver somniferum;NA;NA;NA
NC_029434.1	Eukaryota;Streptophyta;Magnoliopsida;Ranunculales;Papaveraceae;Papaver;Papaver somniferum;NA;NA;NA
JN584678.1	Eukaryota;Streptophyta;Magnoliopsida;Ranunculales;Papaveraceae;Papaver;Papaver somniferum;Papaver somniferum subsp. setigerum;NA;NA
NC_030582.1	Eukaryota;Streptophyta;Magnoliopsida;Malpighiales;Chrysobalanaceae;Parinari;Parinari curatellifolia;NA;NA;NA
KX268202.1	Eukaryota;Streptophyta;Magnoliopsida;Fabales;Fabaceae;Parkia;Parkia biglobosa;NA;NA;NA
AF278499.1	Eukaryota;Streptophyta;Magnoliopsida;Fabales;Fabaceae;Parkia;Parkia speciosa;NA;NA;NA
MT679652.1	Eukaryota;Streptophyta;Magnoliopsida;Lamiales;Bignoniaceae;Parmentiera;Parmentiera aculeata;NA;NA;NA
FJ870050.1	Eukaryota;Streptophyta;Magnoliopsida;Lamiales;Bignoniaceae;Parmentiera;Parmentiera cereifera;NA;NA;NA
AB817562.1	Eukaryota;Streptophyta;Magnoliopsida;Poales;Poaceae;Paspalum;Paspalum scrobiculatum;NA;NA;NA
NC_053304.1	Eukaryota;Streptophyta;Magnoliopsida;Malpighiales;Passifloraceae;Passiflora;Passiflora alata;NA;NA;NA
DQ123060.1	Eukaryota;Streptophyta;Magnoliopsida;Malpighiales;Passifloraceae;Passiflora;Passiflora antioquiensis;NA;NA;NA
AF454784.1	Eukaryota;Streptophyta;Magnoliopsida;Malpighiales;Passifloraceae;Passiflora;Passiflora caerulea;NA;NA;NA
NC_053697.1	Eukaryota;Streptophyta;Magnoliopsida;Malpighiales;Passifloraceae;Passiflora;Passiflora caerulea;NA;NA;NA
NC_034285.1	Eukaryota;Streptophyta;Magnoliopsida;Malpighiales;Passifloraceae;Passiflora;Passiflora edulis;NA;NA;NA
HQ900963.1	Eukaryota;Streptophyta;Magnoliopsida;Malpighiales;Passifloraceae;Passiflora;Passiflora foetida;NA;NA;NA
KM652224.1	Eukaryota;Streptophyta;Magnoliopsida;Malpighiales;Passifloraceae;Passiflora;Passiflora foetida;NA;NA;NA
NC_043825.1	Eukaryota;Streptophyta;Magnoliopsida;Malpighiales;Passifloraceae;Passiflora;Passiflora foetida;NA;NA;NA
NC_038121.1	Eukaryota;Streptophyta;Magnoliopsida;Malpighiales;Passifloraceae;Passiflora;Passiflora laurifolia;NA;NA;NA
NC_038122.1	Eukaryota;Streptophyta;Magnoliopsida;Malpighiales;Passifloraceae;Passiflora;Passiflora ligularis;NA;NA;NA
DQ123084.1	Eukaryota;Streptophyta;Magnoliopsida;Malpighiales;Passifloraceae;Passiflora;Passiflora maliformis;NA;NA;NA
NC_050970.1	Eukaryota;Streptophyta;Magnoliopsida;Malpighiales;Passifloraceae;Passiflora;Passiflora miniata;NA;NA;NA
PQ572687.1	Eukaryota;Streptophyta;Magnoliopsida;Malpighiales;Passifloraceae;Passiflora;Passiflora pinnatistipula;NA;NA;NA
NC_038126.1	Eukaryota;Streptophyta;Magnoliopsida;Malpighiales;Passifloraceae;Passiflora;Passiflora quadrangularis;NA;NA;NA
AF454788.1	Eukaryota;Streptophyta;Magnoliopsida;Malpighiales;Passifloraceae;Passiflora;Passiflora tripartita;NA;Passiflora tripartita var. mollissima;NA
KJ157767.1	Eukaryota;Streptophyta;Magnoliopsida;Apiales;Apiaceae;Pastinaca;Pastinaca sativa;NA;NA;NA
PQ569790.1	Eukaryota;Streptophyta;Magnoliopsida;Sapindales;Sapindaceae;Paullinia;Paullinia cupana;NA;NA;NA
KF696531.1	Eukaryota;Streptophyta;Magnoliopsida;Geraniales;Geraniaceae;Pelargonium;Pelargonium crispum;NA;NA;NA
MK797493.1	Eukaryota;Streptophyta;Magnoliopsida;Piperales;Piperaceae;Peperomia;Peperomia pellucida;NA;NA;NA
EU926671.1	Eukaryota;Streptophyta;Magnoliopsida;Caryophyllales;Cactaceae;Pereskia;Pereskia aculeata;NA;NA;NA
EU926689.1	Eukaryota;Streptophyta;Magnoliopsida;Caryophyllales;Cactaceae;Pereskia;Pereskia aculeata;NA;NA;NA
EU926693.1	Eukaryota;Streptophyta;Magnoliopsida;Caryophyllales;Cactaceae;Pereskia;Pereskia aculeata;NA;NA;NA
NC_062888.1	Eukaryota;Streptophyta;Magnoliopsida;Caryophyllales;Cactaceae;Pereskia;Pereskia aculeata;NA;NA;NA
NC_030755.1	Eukaryota;Streptophyta;Magnoliopsida;Lamiales;Lamiaceae;Perilla;Perilla frutescens;NA;NA;NA
AB685327.1	Eukaryota;Streptophyta;Magnoliopsida;Lamiales;Lamiaceae;Perilla;Perilla frutescens;NA;Perilla frutescens var. acuta;NA
KY625049.1	Eukaryota;Streptophyta;Magnoliopsida;Lamiales;Lamiaceae;Perilla;Perilla frutescens;NA;Perilla frutescens var. auriculatodentata;NA
LC586484.1	Eukaryota;Streptophyta;Magnoliopsida;Lamiales;Lamiaceae;Perilla;Perilla frutescens;NA;Perilla frutescens var. hirtella;NA
GU250778.1	Eukaryota;Streptophyta;Magnoliopsida;Laurales;Lauraceae;Persea;Persea americana;NA;NA;NA
KF155401.1	Eukaryota;Streptophyta;Magnoliopsida;Laurales;Lauraceae;Persea;Persea americana;NA;NA;NA
NC_031189.1	Eukaryota;Streptophyta;Magnoliopsida;Laurales;Lauraceae;Persea;Persea americana;NA;NA;NA
GU250745.1	Eukaryota;Streptophyta;Magnoliopsida;Laurales;Lauraceae;Persea;Persea americana;NA;Persea americana var. americana;NA
GU250767.1	Eukaryota;Streptophyta;Magnoliopsida;Laurales;Lauraceae;Persea;Persea americana;NA;Persea americana var. americana;NA
GU250768.1	Eukaryota;Streptophyta;Magnoliopsida;Laurales;Lauraceae;Persea;Persea americana;NA;Persea americana var. americana x 'guatemalensis';NA
GU250754.1	Eukaryota;Streptophyta;Magnoliopsida;Laurales;Lauraceae;Persea;Persea americana;NA;Persea americana var. costaricensis (nom. inval.);NA
GU250765.1	Eukaryota;Streptophyta;Magnoliopsida;Laurales;Lauraceae;Persea;Persea americana;NA;Persea americana var. costaricensis (nom. inval.);NA
GU250739.1	Eukaryota;Streptophyta;Magnoliopsida;Laurales;Lauraceae;Persea;Persea americana;NA;Persea americana var. drymifolia;NA
GU250775.1	Eukaryota;Streptophyta;Magnoliopsida;Laurales;Lauraceae;Persea;Persea americana;NA;Persea americana var. drymifolia;NA
GU250747.1	Eukaryota;Streptophyta;Magnoliopsida;Laurales;Lauraceae;Persea;Persea schiedeana;NA;NA;NA
GU250766.1	Eukaryota;Streptophyta;Magnoliopsida;Laurales;Lauraceae;Persea;Persea schiedeana;NA;NA;NA
EF653805.1	Eukaryota;Streptophyta;Magnoliopsida;Caryophyllales;Polygonaceae;Persicaria;Persicaria hydropiper;NA;NA;NA
NC_067040.1	Eukaryota;Streptophyta;Magnoliopsida;Caryophyllales;Polygonaceae;Persicaria;Persicaria hydropiper;NA;NA;NA
NC_056924.1	Eukaryota;Streptophyta;Magnoliopsida;Asterales;Asteraceae;Petasites;Petasites japonicus;NA;NA;NA
NC_015821.1	Eukaryota;Streptophyta;Magnoliopsida;Apiales;Apiaceae;Petroselinum;Petroselinum crispum;NA;NA;NA
X74572.1	Eukaryota;Streptophyta;Magnoliopsida;Solanales;Solanaceae;Petunia;Petunia x hybrida;NA;NA;NA
JF951099.1	Eukaryota;Streptophyta;Magnoliopsida;Poales;Poaceae;Phalaris;Phalaris canariensis;NA;NA;NA
NC_067543.1	Eukaryota;Streptophyta;Magnoliopsida;Fabales;Fabaceae;Phaseolus;Phaseolus acutifolius;NA;NA;NA
JN617172.1	Eukaryota;Streptophyta;Magnoliopsida;Fabales;Fabaceae;Phaseolus;Phaseolus coccineus;NA;NA;NA
EU909111.1	Eukaryota;Streptophyta;Magnoliopsida;Fabales;Fabaceae;Phaseolus;Phaseolus lunatus;NA;NA;NA
JN617175.1	Eukaryota;Streptophyta;Magnoliopsida;Fabales;Fabaceae;Phaseolus;Phaseolus lunatus;NA;NA;NA
NC_060403.1	Eukaryota;Streptophyta;Magnoliopsida;Fabales;Fabaceae;Phaseolus;Phaseolus lunatus;NA;NA;NA
KX268204.1	Eukaryota;Streptophyta;Magnoliopsida;Fabales;Fabaceae;Phaseolus;Phaseolus vulgaris;NA;NA;NA
NC_009259.1	Eukaryota;Streptophyta;Magnoliopsida;Fabales;Fabaceae;Phaseolus;Phaseolus vulgaris;NA;NA;NA
AM113623.1	Eukaryota;Streptophyta;Magnoliopsida;Arecales;Arecaceae;Phoenix;Phoenix dactylifera;NA;NA;NA
KC541551.1	Eukaryota;Streptophyta;Magnoliopsida;Arecales;Arecaceae;Phoenix;Phoenix dactylifera;NA;NA;NA
KC541552.1	Eukaryota;Streptophyta;Magnoliopsida;Arecales;Arecaceae;Phoenix;Phoenix dactylifera;NA;NA;NA
KC541555.1	Eukaryota;Streptophyta;Magnoliopsida;Arecales;Arecaceae;Phoenix;Phoenix dactylifera;NA;NA;NA
NC_013991.2	Eukaryota;Streptophyta;Magnoliopsida;Arecales;Arecaceae;Phoenix;Phoenix dactylifera;NA;NA;NA
NC_079738.1	Eukaryota;Streptophyta;Magnoliopsida;Arecales;Arecaceae;Phoenix;Phoenix reclinata;NA;NA;NA
AY016329.1	Eukaryota;Streptophyta;Magnoliopsida;Poales;Poaceae;Phragmites;Phragmites australis;NA;NA;NA
DQ655850.1	Eukaryota;Streptophyta;Magnoliopsida;Poales;Poaceae;Phragmites;Phragmites australis;NA;NA;NA
EF137518.1	Eukaryota;Streptophyta;Magnoliopsida;Poales;Poaceae;Phragmites;Phragmites australis;NA;NA;NA
EU732675.1	Eukaryota;Streptophyta;Magnoliopsida;Poales;Poaceae;Phragmites;Phragmites australis;NA;NA;NA
EU873218.1	Eukaryota;Streptophyta;Magnoliopsida;Poales;Poaceae;Phragmites;Phragmites australis;NA;NA;NA
EU873219.1	Eukaryota;Streptophyta;Magnoliopsida;Poales;Poaceae;Phragmites;Phragmites australis;NA;NA;NA
EU873222.1	Eukaryota;Streptophyta;Magnoliopsida;Poales;Poaceae;Phragmites;Phragmites australis;NA;NA;NA
EU873223.1	Eukaryota;Streptophyta;Magnoliopsida;Poales;Poaceae;Phragmites;Phragmites australis;NA;NA;NA
EU873227.1	Eukaryota;Streptophyta;Magnoliopsida;Poales;Poaceae;Phragmites;Phragmites australis;NA;NA;NA
MT316423.1	Eukaryota;Streptophyta;Magnoliopsida;Poales;Poaceae;Phragmites;Phragmites australis;Phragmites australis subsp. americanus;NA;NA
MT316431.1	Eukaryota;Streptophyta;Magnoliopsida;Poales;Poaceae;Phragmites;Phragmites australis;Phragmites australis subsp. australis;NA;NA
NC_060779.1	Eukaryota;Streptophyta;Magnoliopsida;Poales;Poaceae;Phragmites;Phragmites australis;Phragmites australis subsp. berlandieri;NA;NA
NC_070169.1	Eukaryota;Streptophyta;Magnoliopsida;Malpighiales;Phyllanthaceae;Phyllanthus;Phyllanthus acidus;NA;NA;NA
DQ137332.1	Eukaryota;Streptophyta;Magnoliopsida;Poales;Poaceae;Phyllostachys;Phyllostachys dulcis;NA;NA;NA
NC_039457.1	Eukaryota;Streptophyta;Magnoliopsida;Solanales;Solanaceae;Physalis;Physalis angulata;NA;NA;NA
NC_085278.1	Eukaryota;Streptophyta;Magnoliopsida;Solanales;Solanaceae;Physalis;Physalis ixocarpa;NA;NA;NA
NC_026570.1	Eukaryota;Streptophyta;Magnoliopsida;Solanales;Solanaceae;Physalis;Physalis peruviana;NA;NA;NA
NC_070364.1	Eukaryota;Streptophyta;Magnoliopsida;Solanales;Solanaceae;Physalis;Physalis philadelphica;NA;NA;NA
NC_039458.1	Eukaryota;Streptophyta;Magnoliopsida;Solanales;Solanaceae;Physalis;Physalis pruinosa;NA;NA;NA
MH752658.1	Eukaryota;Streptophyta;Magnoliopsida;Solanales;Solanaceae;Physalis;Physalis pruinosa;NA;Physalis pruinosa var. argentina;NA
NC_048514.1	Eukaryota;Streptophyta;Magnoliopsida;Solanales;Solanaceae;Physalis;Physalis pubescens;NA;NA;NA
MH752660.1	Eukaryota;Streptophyta;Magnoliopsida;Solanales;Solanaceae;Physalis;Physalis pubescens;NA;Physalis pubescens var. hygrophila;NA
NC_040941.1	Eukaryota;Streptophyta;Magnoliopsida;Caryophyllales;Phytolaccaceae;Phytolacca;Phytolacca acinosa;NA;NA;NA
NC_034684.1	Eukaryota;Streptophyta;Magnoliopsida;Myrtales;Myrtaceae;Pimenta;Pimenta dioica;NA;NA;NA
MN167274.1	Eukaryota;Streptophyta;Magnoliopsida;Apiales;Apiaceae;Pimpinella;Pimpinella anisum;NA;NA;NA
MK801074.1	Eukaryota;Streptophyta;Pinopsida;Pinales;Pinaceae;Pinus;Pinus albicaulis;NA;NA;NA
NC_029847.1	Eukaryota;Streptophyta;Pinopsida;Pinales;Pinaceae;Pinus;Pinus armandii;NA;NA;NA
NC_028421.1	Eukaryota;Streptophyta;Pinopsida;Pinales;Pinaceae;Pinus;Pinus bungeana;NA;NA;NA
AF327588.1	Eukaryota;Streptophyta;Pinopsida;Pinales;Pinaceae;Pinus;Pinus cembra;NA;NA;NA
NC_011154.4	Eukaryota;Streptophyta;Pinopsida;Pinales;Pinaceae;Pinus;Pinus gerardiana;NA;NA;NA
NC_004677.2	Eukaryota;Streptophyta;Pinopsida;Pinales;Pinaceae;Pinus;Pinus koraiensis;NA;NA;NA
NC_011158.4	Eukaryota;Streptophyta;Pinopsida;Pinales;Pinaceae;Pinus;Pinus monophylla;NA;NA;NA
NC_039585.1	Eukaryota;Streptophyta;Pinopsida;Pinales;Pinaceae;Pinus;Pinus pinea;NA;NA;NA
NC_041108.1	Eukaryota;Streptophyta;Pinopsida;Pinales;Pinaceae;Pinus;Pinus pumila;NA;NA;NA
NC_028552.2	Eukaryota;Streptophyta;Pinopsida;Pinales;Pinaceae;Pinus;Pinus sibirica;NA;NA;NA
EU519805.1	Eukaryota;Streptophyta;Magnoliopsida;Piperales;Piperaceae;Piper;Piper auritum;NA;NA;NA
NC_034697.1	Eukaryota;Streptophyta;Magnoliopsida;Piperales;Piperaceae;Piper;Piper auritum;NA;NA;NA
MH476644.1	Eukaryota;Streptophyta;Magnoliopsida;Piperales;Piperaceae;Piper;Piper cubeba;NA;NA;NA
EU519761.1	Eukaryota;Streptophyta;Magnoliopsida;Piperales;Piperaceae;Piper;Piper guineense;NA;NA;NA
EU519762.1	Eukaryota;Streptophyta;Magnoliopsida;Piperales;Piperaceae;Piper;Piper guineense;NA;NA;NA
NC_047247.1	Eukaryota;Streptophyta;Magnoliopsida;Piperales;Piperaceae;Piper;Piper longum;NA;NA;NA
EU519766.1	Eukaryota;Streptophyta;Magnoliopsida;Piperales;Piperaceae;Piper;Piper methysticum;NA;NA;NA
EU519767.1	Eukaryota;Streptophyta;Magnoliopsida;Piperales;Piperaceae;Piper;Piper methysticum;NA;NA;NA
EU519779.1	Eukaryota;Streptophyta;Magnoliopsida;Piperales;Piperaceae;Piper;Piper nigrum;NA;NA;NA
LC637549.1	Eukaryota;Streptophyta;Magnoliopsida;Piperales;Piperaceae;Piper;Piper nigrum;NA;NA;NA
NC_034692.1	Eukaryota;Streptophyta;Magnoliopsida;Piperales;Piperaceae;Piper;Piper nigrum;NA;NA;NA
NC_066436.1	Eukaryota;Streptophyta;Magnoliopsida;Piperales;Piperaceae;Piper;Piper retrofractum;NA;NA;NA
EU519780.1	Eukaryota;Streptophyta;Magnoliopsida;Piperales;Piperaceae;Piper;Piper sarmentosum;NA;NA;NA
KJ173807.1	Eukaryota;Streptophyta;Magnoliopsida;Sapindales;Anacardiaceae;Pistacia;Pistacia vera;NA;NA;NA
NC_034998.1	Eukaryota;Streptophyta;Magnoliopsida;Sapindales;Anacardiaceae;Pistacia;Pistacia vera;NA;NA;NA
NC_081484.1	Eukaryota;Streptophyta;Magnoliopsida;Fabales;Fabaceae;Pithecellobium;Pithecellobium dulce;NA;NA;NA
AY101945.1	Eukaryota;Streptophyta;Magnoliopsida;Lamiales;Plantaginaceae;Plantago;Plantago afra;NA;NA;NA
AY101944.1	Eukaryota;Streptophyta;Magnoliopsida;Lamiales;Plantaginaceae;Plantago;Plantago indica;NA;NA;NA
PV868877.1	Eukaryota;Streptophyta;Magnoliopsida;Lamiales;Plantaginaceae;Plantago;Plantago indica;NA;NA;NA
MN709697.1	Eukaryota;Streptophyta;Magnoliopsida;Lamiales;Plantaginaceae;Plantago;Plantago major;NA;NA;NA
NC_084063.1	Eukaryota;Streptophyta;Magnoliopsida;Lamiales;Plantaginaceae;Plantago;Plantago major;NA;NA;NA
OR240093.1	Eukaryota;Streptophyta;Magnoliopsida;Lamiales;Plantaginaceae;Plantago;Plantago major;Plantago major subsp. intermedia;NA;NA
MN709707.1	Eukaryota;Streptophyta;Magnoliopsida;Lamiales;Plantaginaceae;Plantago;Plantago ovata;NA;NA;NA
NC_041421.1	Eukaryota;Streptophyta;Magnoliopsida;Lamiales;Plantaginaceae;Plantago;Plantago ovata;NA;NA;NA
KP761620.1	Eukaryota;Streptophyta;Magnoliopsida;Asterales;Campanulaceae;Platycodon;Platycodon grandiflorus;NA;NA;NA
NC_035624.1	Eukaryota;Streptophyta;Magnoliopsida;Asterales;Campanulaceae;Platycodon;Platycodon grandiflorus;NA;NA;NA
HQ704660.1	Eukaryota;Streptophyta;Magnoliopsida;Asterales;Campanulaceae;Platycodon;Platycodon grandiflorus;NA;NA;Platycodon grandiflorus f. albiflorus
JN091387.1	Eukaryota;Streptophyta;Magnoliopsida;Myrtales;Myrtaceae;Plinia;Plinia cauliflora;NA;NA;NA
NC_039395.1	Eukaryota;Streptophyta;Magnoliopsida;Myrtales;Myrtaceae;Plinia;Plinia cauliflora;NA;NA;NA
NC_058006.1	Eukaryota;Streptophyta;Magnoliopsida;Malpighiales;Euphorbiaceae;Plukenetia;Plukenetia volubilis;NA;NA;NA
NC_069180.1	Eukaryota;Streptophyta;Magnoliopsida;Gentianales;Apocynaceae;Plumeria;Plumeria obtusa;NA;NA;NA
NC_046018.1	Eukaryota;Streptophyta;Magnoliopsida;Gentianales;Apocynaceae;Plumeria;Plumeria rubra;NA;NA;NA
JN001441.1	Eukaryota;Streptophyta;Pinopsida;Araucariales;Podocarpaceae;Podocarpus;Podocarpus elatus;NA;NA;NA
NC_085754.1	Eukaryota;Streptophyta;Magnoliopsida;Apiales;Araliaceae;Polyscias;Polyscias fruticosa;NA;NA;NA
EU721154.1	Eukaryota;Streptophyta;Magnoliopsida;Sapindales;Sapindaceae;Pometia;Pometia pinnata;NA;NA;NA
EU721239.1	Eukaryota;Streptophyta;Magnoliopsida;Sapindales;Sapindaceae;Pometia;Pometia pinnata;NA;NA;NA
KR738029.1	Eukaryota;Streptophyta;Magnoliopsida;Caryophyllales;Portulacaceae;Portulaca;Portulaca oleracea;NA;NA;NA
NC_036236.1	Eukaryota;Streptophyta;Magnoliopsida;Caryophyllales;Portulacaceae;Portulaca;Portulaca oleracea;NA;NA;NA
NC_052730.1	Eukaryota;Streptophyta;Magnoliopsida;Ericales;Sapotaceae;Pouteria;Pouteria caimito;NA;NA;NA
NC_033501.1	Eukaryota;Streptophyta;Magnoliopsida;Ericales;Sapotaceae;Pouteria;Pouteria campechiana;NA;NA;NA
DQ344326.1	Eukaryota;Streptophyta;Magnoliopsida;Ericales;Sapotaceae;Pouteria;Pouteria macrophylla;NA;NA;NA
FJ917073.1	Eukaryota;Streptophyta;Magnoliopsida;Rosales;Moraceae;Prainea;Prainea limpato;NA;NA;NA
JQ322786.1	Eukaryota;Streptophyta;Magnoliopsida;Lamiales;Martyniaceae;Proboscidea;Proboscidea louisianica;NA;NA;NA
NC_049133.1	Eukaryota;Streptophyta;Magnoliopsida;Fabales;Fabaceae;Prosopis;Prosopis cineraria;NA;NA;NA
AY500743.1	Eukaryota;Streptophyta;Magnoliopsida;Rosales;Rosaceae;Prunus;Prunus americana;NA;NA;NA
AY500749.1	Eukaryota;Streptophyta;Magnoliopsida;Rosales;Rosaceae;Prunus;Prunus angustifolia;NA;NA;NA
NC_043901.1	Eukaryota;Streptophyta;Magnoliopsida;Rosales;Rosaceae;Prunus;Prunus armeniaca;NA;NA;NA
KT875768.1	Eukaryota;Streptophyta;Magnoliopsida;Rosales;Rosaceae;Prunus;Prunus avium;NA;NA;NA
KT875774.1	Eukaryota;Streptophyta;Magnoliopsida;Rosales;Rosaceae;Prunus;Prunus avium;NA;NA;NA
KT875780.1	Eukaryota;Streptophyta;Magnoliopsida;Rosales;Rosaceae;Prunus;Prunus avium;NA;NA;NA
KT875786.1	Eukaryota;Streptophyta;Magnoliopsida;Rosales;Rosaceae;Prunus;Prunus avium;NA;NA;NA
KT875787.1	Eukaryota;Streptophyta;Magnoliopsida;Rosales;Rosaceae;Prunus;Prunus avium;NA;NA;NA
KT875788.1	Eukaryota;Streptophyta;Magnoliopsida;Rosales;Rosaceae;Prunus;Prunus avium;NA;NA;NA
NC_044701.1	Eukaryota;Streptophyta;Magnoliopsida;Rosales;Rosaceae;Prunus;Prunus avium;NA;NA;NA
NC_068605.1	Eukaryota;Streptophyta;Magnoliopsida;Rosales;Rosaceae;Prunus;Prunus cerasifera;NA;NA;NA
AM282660.1	Eukaryota;Streptophyta;Magnoliopsida;Rosales;Rosaceae;Prunus;Prunus cerasifera;NA;Prunus cerasifera var. divaricata;NA
NC_066420.1	Eukaryota;Streptophyta;Magnoliopsida;Rosales;Rosaceae;Prunus;Prunus cerasus;NA;NA;NA
NC_050959.1	Eukaryota;Streptophyta;Magnoliopsida;Rosales;Rosaceae;Prunus;Prunus domestica;NA;NA;NA
AM282671.1	Eukaryota;Streptophyta;Magnoliopsida;Rosales;Rosaceae;Prunus;Prunus domestica;Prunus domestica subsp. insititia;NA;NA
NC_034696.1	Eukaryota;Streptophyta;Magnoliopsida;Rosales;Rosaceae;Prunus;Prunus dulcis;NA;NA;NA
HQ243795.1	Eukaryota;Streptophyta;Magnoliopsida;Rosales;Rosaceae;Prunus;Prunus grayana;NA;NA;NA
HQ243796.1	Eukaryota;Streptophyta;Magnoliopsida;Rosales;Rosaceae;Prunus;Prunus grayana;NA;NA;NA
HQ243797.1	Eukaryota;Streptophyta;Magnoliopsida;Rosales;Rosaceae;Prunus;Prunus grayana;NA;NA;NA
LC568778.1	Eukaryota;Streptophyta;Magnoliopsida;Rosales;Rosaceae;Prunus;Prunus grayana;NA;NA;NA
NC_023956.1	Eukaryota;Streptophyta;Magnoliopsida;Rosales;Rosaceae;Prunus;Prunus kansuensis;NA;NA;NA
HQ243829.1	Eukaryota;Streptophyta;Magnoliopsida;Rosales;Rosaceae;Prunus;Prunus mira;NA;NA;NA
NC_040125.1	Eukaryota;Streptophyta;Magnoliopsida;Rosales;Rosaceae;Prunus;Prunus mira;NA;NA;NA
NC_023798.1	Eukaryota;Streptophyta;Magnoliopsida;Rosales;Rosaceae;Prunus;Prunus mume;NA;NA;NA
AY500750.1	Eukaryota;Streptophyta;Magnoliopsida;Rosales;Rosaceae;Prunus;Prunus munsoniana;NA;NA;NA
AY500753.1	Eukaryota;Streptophyta;Magnoliopsida;Rosales;Rosaceae;Prunus;Prunus nigra;NA;NA;NA
HQ243836.1	Eukaryota;Streptophyta;Magnoliopsida;Rosales;Rosaceae;Prunus;Prunus nigra;NA;NA;NA
NC_014697.1	Eukaryota;Streptophyta;Magnoliopsida;Rosales;Rosaceae;Prunus;Prunus persica;NA;NA;NA
OM720112.1	Eukaryota;Streptophyta;Magnoliopsida;Rosales;Rosaceae;Prunus;Prunus persica;NA;Prunus persica var. nucipersica;NA
NC_030599.1	Eukaryota;Streptophyta;Magnoliopsida;Rosales;Rosaceae;Prunus;Prunus pseudocerasus;NA;NA;NA
AF115481.1	Eukaryota;Streptophyta;Magnoliopsida;Rosales;Rosaceae;Prunus;Prunus salicina;NA;NA;NA
NC_060490.1	Eukaryota;Streptophyta;Magnoliopsida;Rosales;Rosaceae;Prunus;Prunus salicina x Prunus armeniaca;NA;NA;NA
HQ243901.1	Eukaryota;Streptophyta;Magnoliopsida;Rosales;Rosaceae;Prunus;Prunus simonii;NA;NA;NA
AM282680.1	Eukaryota;Streptophyta;Magnoliopsida;Rosales;Rosaceae;Prunus;Prunus spinosa;NA;NA;NA
HQ243910.1	Eukaryota;Streptophyta;Magnoliopsida;Rosales;Rosaceae;Prunus;Prunus spinosa;NA;NA;NA
HQ324008.1	Eukaryota;Streptophyta;Magnoliopsida;Rosales;Rosaceae;Prunus;Prunus spinosa;NA;NA;NA
PP081826.1	Eukaryota;Streptophyta;Magnoliopsida;Rosales;Rosaceae;Prunus;Prunus spinosa;NA;NA;NA
NC_036394.1	Eukaryota;Streptophyta;Magnoliopsida;Rosales;Rosaceae;Prunus;Prunus tomentosa;NA;NA;NA
NC_065730.1	Eukaryota;Streptophyta;Magnoliopsida;Rosales;Rosaceae;Prunus;Prunus ussuriensis;NA;NA;NA
NC_045337.1	Eukaryota;Streptophyta;Magnoliopsida;Rosales;Rosaceae;Pseudocydonia;Pseudocydonia sinensis;NA;NA;NA
AB817363.1	Eukaryota;Streptophyta;Magnoliopsida;Myrtales;Myrtaceae;Psidium;Psidium cattleyanum;NA;NA;NA
KC428589.1	Eukaryota;Streptophyta;Magnoliopsida;Myrtales;Myrtaceae;Psidium;Psidium cattleyanum;NA;NA;NA
KC428590.1	Eukaryota;Streptophyta;Magnoliopsida;Myrtales;Myrtaceae;Psidium;Psidium guajava;NA;NA;NA
NC_033355.1	Eukaryota;Streptophyta;Magnoliopsida;Myrtales;Myrtaceae;Psidium;Psidium guajava;NA;NA;NA
PP131188.1	Eukaryota;Streptophyta;Magnoliopsida;Myrtales;Myrtaceae;Psidium;Psidium sartorianum;NA;NA;NA
NC_057457.1	Eukaryota;Streptophyta;Magnoliopsida;Fabales;Fabaceae;Psophocarpus;Psophocarpus tetragonolobus;NA;NA;NA
NC_014348.1	Eukaryota;Streptophyta;Polypodiopsida;Polypodiales;Dennstaedtiaceae;Pteridium;Pteridium aquilinum;Pteridium aquilinum subsp. aquilinum;NA;NA
FJ784115.1	Eukaryota;Streptophyta;Polypodiopsida;Polypodiales;Dennstaedtiaceae;Pteridium;Pteridium aquilinum;Pteridium aquilinum subsp. decompositum;NA;NA
FJ784108.1	Eukaryota;Streptophyta;Polypodiopsida;Polypodiales;Dennstaedtiaceae;Pteridium;Pteridium aquilinum;Pteridium aquilinum subsp. latiusculum;NA;NA
FJ784116.1	Eukaryota;Streptophyta;Polypodiopsida;Polypodiales;Dennstaedtiaceae;Pteridium;Pteridium aquilinum;Pteridium aquilinum subsp. pubescens;NA;NA
MG944796.1	Eukaryota;Streptophyta;Polypodiopsida;Polypodiales;Dennstaedtiaceae;Pteridium;Pteridium aquilinum;Pteridium aquilinum subsp. wightianum;NA;NA
PP561783.1	Eukaryota;Streptophyta;Polypodiopsida;Polypodiales;Dennstaedtiaceae;Pteridium;Pteridium aquilinum;Pteridium aquilinum subsp. wightianum;NA;NA
NC_049082.1	Eukaryota;Streptophyta;Magnoliopsida;Fabales;Fabaceae;Pterocarpus;Pterocarpus indicus;NA;NA;NA
AB685325.1	Eukaryota;Streptophyta;Magnoliopsida;Fabales;Fabaceae;Pueraria;Pueraria montana;NA;Pueraria montana var. lobata;NA
NC_060607.1	Eukaryota;Streptophyta;Magnoliopsida;Fabales;Fabaceae;Pueraria;Pueraria montana;NA;Pueraria montana var. thomsonii;NA
AY905483.1	Eukaryota;Streptophyta;Magnoliopsida;Myrtales;Lythraceae;Punica;Punica granatum;NA;NA;NA
NC_035240.1	Eukaryota;Streptophyta;Magnoliopsida;Myrtales;Lythraceae;Punica;Punica granatum;NA;NA;NA
AM157400.1	Eukaryota;Streptophyta;Magnoliopsida;Rosales;Rosaceae;Pyrus;Pyrus communis;NA;NA;NA
DQ863245.1	Eukaryota;Streptophyta;Magnoliopsida;Rosales;Rosaceae;Pyrus;Pyrus communis;NA;NA;NA
KF486745.1	Eukaryota;Streptophyta;Magnoliopsida;Rosales;Rosaceae;Pyrus;Pyrus communis;Pyrus communis subsp. caucasica;NA;NA
NC_061917.1	Eukaryota;Streptophyta;Magnoliopsida;Rosales;Rosaceae;Pyrus;Pyrus communis;Pyrus communis subsp. caucasica;NA;NA
NC_034909.1	Eukaryota;Streptophyta;Magnoliopsida;Rosales;Rosaceae;Pyrus;Pyrus pashia;NA;NA;NA
NC_015996.1	Eukaryota;Streptophyta;Magnoliopsida;Rosales;Rosaceae;Pyrus;Pyrus pyrifolia;NA;NA;NA
NC_041461.1	Eukaryota;Streptophyta;Magnoliopsida;Rosales;Rosaceae;Pyrus;Pyrus ussuriensis;NA;NA;NA
JX122456.1	Eukaryota;Streptophyta;Magnoliopsida;Rosales;Rosaceae;Pyrus;Pyrus x bretschneideri;NA;NA;NA
MN662605.1	Eukaryota;Streptophyta;Magnoliopsida;Fagales;Fagaceae;Quercus;Quercus infectoria;NA;NA;NA
MT934571.1	Eukaryota;Streptophyta;Magnoliopsida;Fagales;Fagaceae;Quercus;Quercus infectoria;Quercus infectoria subsp. infectoria;NA;NA
MT934561.1	Eukaryota;Streptophyta;Magnoliopsida;Fagales;Fagaceae;Quercus;Quercus infectoria;Quercus infectoria subsp. veneris;NA;NA
AB124991.1	Eukaryota;Streptophyta;Magnoliopsida;Fagales;Fagaceae;Quercus;Quercus robur;NA;NA;NA
AF268937.1	Eukaryota;Streptophyta;Magnoliopsida;Fagales;Fagaceae;Quercus;Quercus robur;NA;NA;NA
NC_046388.1	Eukaryota;Streptophyta;Magnoliopsida;Fagales;Fagaceae;Quercus;Quercus robur;NA;NA;NA
HM770030.1	Eukaryota;Streptophyta;Magnoliopsida;Fagales;Fagaceae;Quercus;Quercus robur;Quercus robur subsp. pedunculiflora;NA;NA
HM770053.1	Eukaryota;Streptophyta;Magnoliopsida;Fagales;Fagaceae;Quercus;Quercus robur;Quercus robur subsp. pedunculiflora;NA;NA
MT934726.1	Eukaryota;Streptophyta;Magnoliopsida;Fagales;Fagaceae;Quercus;Quercus robur;Quercus robur subsp. robur;NA;NA
AB213015.1	Eukaryota;Streptophyta;Magnoliopsida;Brassicales;Brassicaceae;Raphanus;Raphanus raphanistrum;NA;NA;NA
GQ268043.1	Eukaryota;Streptophyta;Magnoliopsida;Brassicales;Brassicaceae;Raphanus;Raphanus raphanistrum;NA;NA;NA
AB213018.1	Eukaryota;Streptophyta;Magnoliopsida;Brassicales;Brassicaceae;Raphanus;Raphanus raphanistrum;Raphanus raphanistrum subsp. landra;NA;NA
NC_024469.1	Eukaryota;Streptophyta;Magnoliopsida;Brassicales;Brassicaceae;Raphanus;Raphanus sativus;NA;NA;NA
AF451576.1	Eukaryota;Streptophyta;Magnoliopsida;Brassicales;Brassicaceae;Raphanus;Raphanus sativus;NA;Raphanus sativus var. sativus;NA
KF849831.1	Eukaryota;Streptophyta;Magnoliopsida;Brassicales;Brassicaceae;Raphanus;Raphanus sativus;NA;Raphanus sativus var. sativus;NA
NC_058627.1	Eukaryota;Streptophyta;Magnoliopsida;Caryophyllales;Polygonaceae;Rheum;Rheum officinale;NA;NA;NA
NC_060489.1	Eukaryota;Streptophyta;Magnoliopsida;Caryophyllales;Polygonaceae;Rheum;Rheum rhabarbarum;NA;NA;NA
PV868732.1	Eukaryota;Streptophyta;Magnoliopsida;Caryophyllales;Polygonaceae;Rheum;Rheum rhabarbarum;NA;NA;NA
AY566446.1	Eukaryota;Streptophyta;Magnoliopsida;Caryophyllales;Polygonaceae;Rheum;Rheum rhaponticum;NA;NA;NA
NC_043848.1	Eukaryota;Streptophyta;Magnoliopsida;Myrtales;Myrtaceae;Rhodomyrtus;Rhodomyrtus tomentosa;NA;NA;NA
AF374816.1	Eukaryota;Streptophyta;Magnoliopsida;Saxifragales;Grossulariaceae;Ribes;Ribes aureum;NA;NA;NA
NC_080517.1	Eukaryota;Streptophyta;Magnoliopsida;Saxifragales;Grossulariaceae;Ribes;Ribes nigrum;NA;NA;NA
NC_080516.1	Eukaryota;Streptophyta;Magnoliopsida;Saxifragales;Grossulariaceae;Ribes;Ribes rubrum;NA;NA;NA
NC_080515.1	Eukaryota;Streptophyta;Magnoliopsida;Saxifragales;Grossulariaceae;Ribes;Ribes uva-crispa;NA;NA;NA
MK797589.1	Eukaryota;Streptophyta;Magnoliopsida;Malpighiales;Euphorbiaceae;Ricinus;Ricinus communis;NA;NA;NA
NC_016736.1	Eukaryota;Streptophyta;Magnoliopsida;Malpighiales;Euphorbiaceae;Ricinus;Ricinus communis;NA;NA;NA
AB871933.1	Eukaryota;Streptophyta;Magnoliopsida;Brassicales;Brassicaceae;Rorippa;Rorippa indica;NA;NA;NA
NC_065833.1	Eukaryota;Streptophyta;Magnoliopsida;Brassicales;Brassicaceae;Rorippa;Rorippa indica;NA;NA;NA
NC_047295.1	Eukaryota;Streptophyta;Magnoliopsida;Rosales;Rosaceae;Rosa;Rosa canina;NA;NA;NA
NC_061271.1	Eukaryota;Streptophyta;Magnoliopsida;Rosales;Rosaceae;Rosa;Rosa gallica;NA;NA;NA
KT359470.1	Eukaryota;Streptophyta;Magnoliopsida;Rosales;Rosaceae;Rosa;Rosa hybrid cultivar;NA;NA;NA
DQ778884.1	Eukaryota;Streptophyta;Magnoliopsida;Rosales;Rosaceae;Rosa;Rosa rugosa;NA;NA;NA
KT359439.1	Eukaryota;Streptophyta;Magnoliopsida;Rosales;Rosaceae;Rosa;Rosa rugosa;NA;NA;Rosa rugosa f. alboplena
NC_062657.1	Eukaryota;Streptophyta;Magnoliopsida;Rosales;Rosaceae;Rosa;Rosa rugosa x Rosa sertata;NA;NA;NA
DQ778842.1	Eukaryota;Streptophyta;Magnoliopsida;Rosales;Rosaceae;Rosa;Rosa x centifolia;NA;NA;NA
KT359474.1	Eukaryota;Streptophyta;Magnoliopsida;Rosales;Rosaceae;Rosa;Rosa x damascena;NA;NA;NA
KC428601.1	Eukaryota;Streptophyta;Magnoliopsida;Rosales;Rosaceae;Rubus;Rubus alceifolius;NA;NA;NA
NC_082581.1	Eukaryota;Streptophyta;Magnoliopsida;Rosales;Rosaceae;Rubus;Rubus alceifolius;NA;NA;NA
EF055304.1	Eukaryota;Streptophyta;Magnoliopsida;Rosales;Rosaceae;Rubus;Rubus alexeterius;NA;NA;NA
NC_047211.1	Eukaryota;Streptophyta;Magnoliopsida;Rosales;Rosaceae;Rubus;Rubus amabilis;NA;NA;NA
DQ860603.1	Eukaryota;Streptophyta;Magnoliopsida;Rosales;Rosaceae;Rubus;Rubus arcticus;NA;NA;NA
NC_062417.1	Eukaryota;Streptophyta;Magnoliopsida;Rosales;Rosaceae;Rubus;Rubus arcticus;NA;NA;NA
GQ245404.1	Eukaryota;Streptophyta;Magnoliopsida;Rosales;Rosaceae;Rubus;Rubus arcticus;Rubus arcticus subsp. acaulis;NA;NA
EF055348.1	Eukaryota;Streptophyta;Magnoliopsida;Rosales;Rosaceae;Rubus;Rubus arcticus;Rubus arcticus subsp. stellatus;NA;NA
EF055307.1	Eukaryota;Streptophyta;Magnoliopsida;Rosales;Rosaceae;Rubus;Rubus assamensis;NA;NA;NA
EF055308.1	Eukaryota;Streptophyta;Magnoliopsida;Rosales;Rosaceae;Rubus;Rubus australis;NA;NA;NA
NC_056916.1	Eukaryota;Streptophyta;Magnoliopsida;Rosales;Rosaceae;Rubus;Rubus bambusarum;NA;NA;NA
KJ575102.1	Eukaryota;Streptophyta;Magnoliopsida;Rosales;Rosaceae;Rubus;Rubus biflorus;NA;NA;NA
NC_080344.1	Eukaryota;Streptophyta;Magnoliopsida;Rosales;Rosaceae;Rubus;Rubus biflorus;NA;NA;NA
KF718317.1	Eukaryota;Streptophyta;Magnoliopsida;Rosales;Rosaceae;Rubus;Rubus caesius;NA;NA;NA
EF055310.1	Eukaryota;Streptophyta;Magnoliopsida;Rosales;Rosaceae;Rubus;Rubus calycinus;NA;NA;NA
AJ416464.1	Eukaryota;Streptophyta;Magnoliopsida;Rosales;Rosaceae;Rubus;Rubus chamaemorus;NA;NA;NA
MN732681.1	Eukaryota;Streptophyta;Magnoliopsida;Rosales;Rosaceae;Rubus;Rubus chingii;NA;NA;NA
NC_050296.1	Eukaryota;Streptophyta;Magnoliopsida;Rosales;Rosaceae;Rubus;Rubus chingii;NA;NA;NA
NC_056942.1	Eukaryota;Streptophyta;Magnoliopsida;Rosales;Rosaceae;Rubus;Rubus corchorifolius;NA;NA;NA
NC_042715.1	Eukaryota;Streptophyta;Magnoliopsida;Rosales;Rosaceae;Rubus;Rubus coreanus;NA;NA;NA
GU980817.1	Eukaryota;Streptophyta;Magnoliopsida;Rosales;Rosaceae;Rubus;Rubus crataegifolius;NA;NA;NA
GU980826.1	Eukaryota;Streptophyta;Magnoliopsida;Rosales;Rosaceae;Rubus;Rubus crataegifolius;NA;NA;NA
GU980827.1	Eukaryota;Streptophyta;Magnoliopsida;Rosales;Rosaceae;Rubus;Rubus crataegifolius;NA;NA;NA
GU980830.1	Eukaryota;Streptophyta;Magnoliopsida;Rosales;Rosaceae;Rubus;Rubus crataegifolius;NA;NA;NA
NC_039704.1	Eukaryota;Streptophyta;Magnoliopsida;Rosales;Rosaceae;Rubus;Rubus crataegifolius;NA;NA;NA
EF055314.1	Eukaryota;Streptophyta;Magnoliopsida;Rosales;Rosaceae;Rubus;Rubus cuneifolius;NA;NA;NA
EF055315.1	Eukaryota;Streptophyta;Magnoliopsida;Rosales;Rosaceae;Rubus;Rubus ellipticus;NA;NA;NA
NC_056929.1	Eukaryota;Streptophyta;Magnoliopsida;Rosales;Rosaceae;Rubus;Rubus ellipticus;NA;NA;NA
EF055316.1	Eukaryota;Streptophyta;Magnoliopsida;Rosales;Rosaceae;Rubus;Rubus fockeanus;NA;NA;NA
HQ324021.1	Eukaryota;Streptophyta;Magnoliopsida;Rosales;Rosaceae;Rubus;Rubus fruticosus;NA;NA;NA
EF055317.1	Eukaryota;Streptophyta;Magnoliopsida;Rosales;Rosaceae;Rubus;Rubus geoides;NA;NA;NA
EF055318.1	Eukaryota;Streptophyta;Magnoliopsida;Rosales;Rosaceae;Rubus;Rubus hawaiensis;NA;NA;NA
NC_056945.1	Eukaryota;Streptophyta;Magnoliopsida;Rosales;Rosaceae;Rubus;Rubus henryi;NA;NA;NA
NC_059905.1	Eukaryota;Streptophyta;Magnoliopsida;Rosales;Rosaceae;Rubus;Rubus hirsutus;NA;NA;NA
NC_056935.1	Eukaryota;Streptophyta;Magnoliopsida;Rosales;Rosaceae;Rubus;Rubus ichangensis;NA;NA;NA
GQ245407.1	Eukaryota;Streptophyta;Magnoliopsida;Rosales;Rosaceae;Rubus;Rubus idaeus;NA;NA;NA
EF055349.1	Eukaryota;Streptophyta;Magnoliopsida;Rosales;Rosaceae;Rubus;Rubus idaeus;Rubus idaeus subsp. strigosus;NA;NA
PV815216.1	Eukaryota;Streptophyta;Magnoliopsida;Rosales;Rosaceae;Rubus;Rubus idaeus;Rubus idaeus subsp. strigosus;NA;NA
LC568811.1	Eukaryota;Streptophyta;Magnoliopsida;Rosales;Rosaceae;Rubus;Rubus illecebrosus;NA;NA;NA
NC_056939.1	Eukaryota;Streptophyta;Magnoliopsida;Rosales;Rosaceae;Rubus;Rubus innominatus;NA;NA;NA
EF055323.1	Eukaryota;Streptophyta;Magnoliopsida;Rosales;Rosaceae;Rubus;Rubus irenaeus;NA;NA;NA
NC_056931.1	Eukaryota;Streptophyta;Magnoliopsida;Rosales;Rosaceae;Rubus;Rubus lambertianus;NA;NA;NA
EF055325.1	Eukaryota;Streptophyta;Magnoliopsida;Rosales;Rosaceae;Rubus;Rubus lasiococcus;NA;NA;NA
EF055326.1	Eukaryota;Streptophyta;Magnoliopsida;Rosales;Rosaceae;Rubus;Rubus lasiostylus;NA;NA;NA
NC_056943.1	Eukaryota;Streptophyta;Magnoliopsida;Rosales;Rosaceae;Rubus;Rubus lineatus;NA;NA;NA
EF055328.1	Eukaryota;Streptophyta;Magnoliopsida;Rosales;Rosaceae;Rubus;Rubus macilentus;NA;NA;NA
LC586464.1	Eukaryota;Streptophyta;Magnoliopsida;Rosales;Rosaceae;Rubus;Rubus mesogaeus;NA;NA;NA
EF055330.1	Eukaryota;Streptophyta;Magnoliopsida;Rosales;Rosaceae;Rubus;Rubus nepalensis;NA;NA;NA
EF055331.1	Eukaryota;Streptophyta;Magnoliopsida;Rosales;Rosaceae;Rubus;Rubus nivalis;NA;NA;NA
NC_056930.1	Eukaryota;Streptophyta;Magnoliopsida;Rosales;Rosaceae;Rubus;Rubus niveus;NA;NA;NA
NC_060646.1	Eukaryota;Streptophyta;Magnoliopsida;Rosales;Rosaceae;Rubus;Rubus occidentalis;NA;NA;NA
EF055334.1	Eukaryota;Streptophyta;Magnoliopsida;Rosales;Rosaceae;Rubus;Rubus odoratus;NA;NA;NA
EF055335.1	Eukaryota;Streptophyta;Magnoliopsida;Rosales;Rosaceae;Rubus;Rubus palmatus;NA;NA;NA
LC568813.1	Eukaryota;Streptophyta;Magnoliopsida;Rosales;Rosaceae;Rubus;Rubus palmatus;NA;NA;NA
MN732684.1	Eukaryota;Streptophyta;Magnoliopsida;Rosales;Rosaceae;Rubus;Rubus palmatus;NA;NA;NA
NC_060617.1	Eukaryota;Streptophyta;Magnoliopsida;Rosales;Rosaceae;Rubus;Rubus parvifolius;NA;NA;NA
EF055338.1	Eukaryota;Streptophyta;Magnoliopsida;Rosales;Rosaceae;Rubus;Rubus pectinellus;NA;NA;NA
NC_056936.1	Eukaryota;Streptophyta;Magnoliopsida;Rosales;Rosaceae;Rubus;Rubus pentagonus;NA;NA;NA
NC_057144.1	Eukaryota;Streptophyta;Magnoliopsida;Rosales;Rosaceae;Rubus;Rubus phoenicolasius;NA;NA;NA
EF055341.1	Eukaryota;Streptophyta;Magnoliopsida;Rosales;Rosaceae;Rubus;Rubus pungens;NA;NA;NA
EF055342.1	Eukaryota;Streptophyta;Magnoliopsida;Rosales;Rosaceae;Rubus;Rubus rosifolius;NA;NA;NA
EF055343.1	Eukaryota;Streptophyta;Magnoliopsida;Rosales;Rosaceae;Rubus;Rubus sanctus;NA;NA;NA
EF055344.1	Eukaryota;Streptophyta;Magnoliopsida;Rosales;Rosaceae;Rubus;Rubus saxatilis;NA;NA;NA
NC_056946.1	Eukaryota;Streptophyta;Magnoliopsida;Rosales;Rosaceae;Rubus;Rubus setchuenensis;NA;NA;NA
EF055347.1	Eukaryota;Streptophyta;Magnoliopsida;Rosales;Rosaceae;Rubus;Rubus spectabilis;NA;NA;NA
NC_037991.1	Eukaryota;Streptophyta;Magnoliopsida;Rosales;Rosaceae;Rubus;Rubus takesimensis;NA;NA;NA
NC_060615.1	Eukaryota;Streptophyta;Magnoliopsida;Rosales;Rosaceae;Rubus;Rubus tephrodes;NA;NA;NA
EF055355.1	Eukaryota;Streptophyta;Magnoliopsida;Rosales;Rosaceae;Rubus;Rubus tricolor;NA;NA;NA
NC_046585.1	Eukaryota;Streptophyta;Magnoliopsida;Rosales;Rosaceae;Rubus;Rubus trifidus;NA;NA;NA
KF718312.1	Eukaryota;Streptophyta;Magnoliopsida;Rosales;Rosaceae;Rubus;Rubus ulmifolius;NA;NA;NA
AF348568.1	Eukaryota;Streptophyta;Magnoliopsida;Rosales;Rosaceae;Rubus;Rubus ursinus;NA;NA;NA
EF055357.1	Eukaryota;Streptophyta;Magnoliopsida;Rosales;Rosaceae;Rubus;Rubus urticifolius;NA;NA;NA
NC_042390.1	Eukaryota;Streptophyta;Magnoliopsida;Caryophyllales;Polygonaceae;Rumex;Rumex acetosa;NA;NA;NA
LT160683.1	Eukaryota;Streptophyta;Magnoliopsida;Caryophyllales;Polygonaceae;Rumex;Rumex alpinus;NA;NA;NA
AF303432.1	Eukaryota;Streptophyta;Magnoliopsida;Caryophyllales;Polygonaceae;Rumex;Rumex patientia;NA;NA;NA
HQ324024.1	Eukaryota;Streptophyta;Magnoliopsida;Caryophyllales;Polygonaceae;Rumex;Rumex scutatus;NA;NA;NA
AF289736.1	Eukaryota;Streptophyta;Magnoliopsida;Lamiales;Acanthaceae;Rungia;Rungia klossii;NA;NA;NA
AF214417.1	Eukaryota;Streptophyta;Magnoliopsida;Gentianales;Apocynaceae;Saba;Saba comorensis;NA;NA;NA
NC_035224.1	Eukaryota;Streptophyta;Magnoliopsida;Poales;Poaceae;Saccharum;Saccharum officinarum;NA;NA;NA
AY116259.1	Eukaryota;Streptophyta;Magnoliopsida;Poales;Poaceae;Saccharum;Saccharum spontaneum;NA;NA;NA
NC_034802.1	Eukaryota;Streptophyta;Magnoliopsida;Poales;Poaceae;Saccharum;Saccharum spontaneum;NA;NA;NA
PZ321246.1	Eukaryota;Streptophyta;Magnoliopsida;Poales;Poaceae;Saccharum;Saccharum spontaneum;NA;NA;NA
PZ321285.1	Eukaryota;Streptophyta;Magnoliopsida;Poales;Poaceae;Saccharum;Saccharum spontaneum;NA;NA;NA
NC_044119.1	Eukaryota;Streptophyta;Magnoliopsida;Alismatales;Alismataceae;Sagittaria;Sagittaria trifolia;NA;NA;NA
NC_063109.1	Eukaryota;Streptophyta;Magnoliopsida;Arecales;Arecaceae;Salacca;Salacca zalacca;NA;NA;NA
NC_027225.1	Eukaryota;Streptophyta;Magnoliopsida;Caryophyllales;Amaranthaceae;Salicornia;Salicornia europaea;NA;NA;NA
AY996266.1	Eukaryota;Streptophyta;Magnoliopsida;Caryophyllales;Amaranthaceae;Salicornia;Salicornia europaea;Salicornia europaea subsp. brachystachya;NA;NA
AY996268.1	Eukaryota;Streptophyta;Magnoliopsida;Caryophyllales;Amaranthaceae;Salicornia;Salicornia europaea;Salicornia europaea subsp. disarticulata;NA;NA
KJ473976.1	Eukaryota;Streptophyta;Magnoliopsida;Lamiales;Lamiaceae;Salvia;Salvia elegans;NA;NA;NA
NC_046838.1	Eukaryota;Streptophyta;Magnoliopsida;Lamiales;Lamiaceae;Salvia;Salvia hispanica;NA;NA;NA
HQ324026.1	Eukaryota;Streptophyta;Magnoliopsida;Lamiales;Lamiaceae;Salvia;Salvia officinalis;NA;NA;NA
KC414296.1	Eukaryota;Streptophyta;Magnoliopsida;Lamiales;Lamiaceae;Salvia;Salvia officinalis;NA;NA;NA
NC_038165.1	Eukaryota;Streptophyta;Magnoliopsida;Lamiales;Lamiaceae;Salvia;Salvia officinalis;NA;NA;NA
AJ505546.1	Eukaryota;Streptophyta;Magnoliopsida;Lamiales;Lamiaceae;Salvia;Salvia rosmarinus;NA;NA;NA
AY506616.1	Eukaryota;Streptophyta;Magnoliopsida;Lamiales;Lamiaceae;Salvia;Salvia rosmarinus;NA;NA;NA
KX667944.1	Eukaryota;Streptophyta;Magnoliopsida;Dipsacales;Adoxaceae;Sambucus;Sambucus nigra;NA;NA;NA
NC_045061.1	Eukaryota;Streptophyta;Magnoliopsida;Dipsacales;Adoxaceae;Sambucus;Sambucus nigra;NA;NA;NA
DQ679834.1	Eukaryota;Streptophyta;Magnoliopsida;Dipsacales;Adoxaceae;Sambucus;Sambucus nigra;Sambucus nigra subsp. caerulea;NA;NA
AY634771.1	Eukaryota;Streptophyta;Magnoliopsida;Rosales;Rosaceae;Sanguisorba;Sanguisorba minor;NA;NA;NA
NC_044694.1	Eukaryota;Streptophyta;Magnoliopsida;Rosales;Rosaceae;Sanguisorba;Sanguisorba officinalis;NA;NA;NA
MG650350.1	Eukaryota;Streptophyta;Magnoliopsida;Santalales;Santalaceae;Santalum;Santalum acuminatum;NA;NA;NA
NC_077488.1	Eukaryota;Streptophyta;Magnoliopsida;Santalales;Santalaceae;Santalum;Santalum acuminatum;NA;NA;NA
AY278984.1	Eukaryota;Streptophyta;Magnoliopsida;Asparagales;Amaryllidaceae;Scadoxus;Scadoxus puniceus;NA;NA;NA
AY640463.1	Eukaryota;Streptophyta;Magnoliopsida;Sapindales;Anacardiaceae;Schinus;Schinus molle;NA;NA;NA
NC_043919.1	Eukaryota;Streptophyta;Magnoliopsida;Sapindales;Anacardiaceae;Sclerocarya;Sclerocarya birrea;NA;NA;NA
KC479214.1	Eukaryota;Streptophyta;Magnoliopsida;Sapindales;Anacardiaceae;Sclerocarya;Sclerocarya birrea;Sclerocarya birrea subsp. caffra;NA;NA
AF365125.1	Eukaryota;Streptophyta;Magnoliopsida;Fabales;Fabaceae;Scorodophloeus;Scorodophloeus zenkeri;NA;NA;NA
KF294050.1	Eukaryota;Streptophyta;Magnoliopsida;Fabales;Fabaceae;Scorodophloeus;Scorodophloeus zenkeri;NA;NA;NA
NC_021761.1	Eukaryota;Streptophyta;Magnoliopsida;Poales;Poaceae;Secale;Secale cereale;NA;NA;NA
MH893898.1	Eukaryota;Streptophyta;Magnoliopsida;Poales;Poaceae;Secale;Secale cereale;Secale cereale subsp. ancestrale;NA;NA
MH893910.1	Eukaryota;Streptophyta;Magnoliopsida;Poales;Poaceae;Secale;Secale cereale;Secale cereale subsp. dighoricum;NA;NA
MH893912.1	Eukaryota;Streptophyta;Magnoliopsida;Poales;Poaceae;Secale;Secale cereale;Secale cereale subsp. rigidum;NA;NA
MH893906.1	Eukaryota;Streptophyta;Magnoliopsida;Poales;Poaceae;Secale;Secale cereale;Secale cereale subsp. segetale;NA;NA
MH893924.1	Eukaryota;Streptophyta;Magnoliopsida;Poales;Poaceae;Secale;Secale cereale;Secale cereale subsp. vavilovii;NA;NA
MH893925.1	Eukaryota;Streptophyta;Magnoliopsida;Poales;Poaceae;Secale;Secale cereale;Secale cereale subsp. vavilovii;NA;NA
KJ746394.1	Eukaryota;Streptophyta;Magnoliopsida;Saxifragales;Crassulaceae;Sedum;Sedum rupestre;NA;NA;NA
LT745442.1	Eukaryota;Streptophyta;Magnoliopsida;Caryophyllales;Cactaceae;Selenicereus;Selenicereus costaricensis;NA;NA;NA
NC_087625.1	Eukaryota;Streptophyta;Magnoliopsida;Caryophyllales;Cactaceae;Selenicereus;Selenicereus megalanthus;NA;NA;NA
DQ099941.1	Eukaryota;Streptophyta;Magnoliopsida;Caryophyllales;Cactaceae;Selenicereus;Selenicereus undatus;NA;NA;NA
NC_053698.1	Eukaryota;Streptophyta;Magnoliopsida;Caryophyllales;Cactaceae;Selenicereus;Selenicereus undatus;NA;NA;NA
AY594575.1	Eukaryota;Streptophyta;Magnoliopsida;Sapindales;Anacardiaceae;Semecarpus;Semecarpus anacardium;NA;NA;NA
AF195700.1	Eukaryota;Streptophyta;Magnoliopsida;Fabales;Fabaceae;Senegalia;Senegalia senegal;NA;NA;NA
AF522976.1	Eukaryota;Streptophyta;Magnoliopsida;Fabales;Fabaceae;Senegalia;Senegalia senegal;NA;NA;NA
GQ872292.1	Eukaryota;Streptophyta;Magnoliopsida;Fabales;Fabaceae;Senegalia;Senegalia senegal;NA;Senegalia senegal var. leiorachis;NA
GQ872293.1	Eukaryota;Streptophyta;Magnoliopsida;Fabales;Fabaceae;Senegalia;Senegalia senegal;NA;Senegalia senegal var. rostrata;NA
AF365091.1	Eukaryota;Streptophyta;Magnoliopsida;Fabales;Fabaceae;Senna;Senna alata;NA;NA;NA
NC_065665.1	Eukaryota;Streptophyta;Magnoliopsida;Fabales;Fabaceae;Senna;Senna alata;NA;NA;NA
KU551112.1	Eukaryota;Streptophyta;Magnoliopsida;Fabales;Fabaceae;Senna;Senna auriculata;NA;NA;NA
KX268214.1	Eukaryota;Streptophyta;Magnoliopsida;Fabales;Fabaceae;Senna;Senna siamea;NA;NA;NA
AB522076.1	Eukaryota;Streptophyta;Magnoliopsida;Arecales;Arecaceae;Serenoa;Serenoa repens;NA;NA;NA
NC_029953.1	Eukaryota;Streptophyta;Magnoliopsida;Arecales;Arecaceae;Serenoa;Serenoa repens;NA;NA;NA
KJ743201.1	Eukaryota;Streptophyta;Magnoliopsida;Lamiales;Pedaliaceae;Sesamum;Sesamum alatum;NA;NA;NA
DQ221163.1	Eukaryota;Streptophyta;Magnoliopsida;Lamiales;Pedaliaceae;Sesamum;Sesamum indicum;NA;NA;NA
NC_016433.2	Eukaryota;Streptophyta;Magnoliopsida;Lamiales;Pedaliaceae;Sesamum;Sesamum indicum;NA;NA;NA
NC_047382.1	Eukaryota;Streptophyta;Magnoliopsida;Fabales;Fabaceae;Sesbania;Sesbania grandiflora;NA;NA;NA
GQ869955.1	Eukaryota;Streptophyta;Magnoliopsida;Poales;Poaceae;Setaria;Setaria italica;NA;NA;NA
KX372486.1	Eukaryota;Streptophyta;Magnoliopsida;Poales;Poaceae;Setaria;Setaria italica;NA;NA;NA
NC_022850.1	Eukaryota;Streptophyta;Magnoliopsida;Poales;Poaceae;Setaria;Setaria italica;NA;NA;NA
NC_051498.1	Eukaryota;Streptophyta;Magnoliopsida;Cucurbitales;Cucurbitaceae;Sicyos;Sicyos edulis;NA;NA;NA
OZ461227.1	Eukaryota;Streptophyta;Magnoliopsida;Malvales;Malvaceae;Sida;Sida rhombifolia;NA;NA;NA
AF335658.1	Eukaryota;Streptophyta;Magnoliopsida;Lamiales;Lamiaceae;Sideritis;Sideritis scardica;NA;NA;NA
DQ924307.1	Eukaryota;Streptophyta;Magnoliopsida;Ericales;Sapotaceae;Sideroxylon;Sideroxylon spinosum;NA;NA;NA
NC_045948.1	Eukaryota;Streptophyta;Magnoliopsida;Brassicales;Brassicaceae;Sinapis;Sinapis alba;NA;NA;NA
NC_043881.1	Eukaryota;Streptophyta;Magnoliopsida;Cucurbitales;Cucurbitaceae;Siraitia;Siraitia grosvenorii;NA;NA;NA
NC_072537.1	Eukaryota;Streptophyta;Magnoliopsida;Asterales;Asteraceae;Smallanthus;Smallanthus sonchifolius;NA;NA;NA
NC_039608.1	Eukaryota;Streptophyta;Magnoliopsida;Solanales;Solanaceae;Solanum;Solanum aethiopicum;NA;NA;NA
NC_062693.1	Eukaryota;Streptophyta;Magnoliopsida;Solanales;Solanaceae;Solanum;Solanum americanum;NA;NA;NA
NC_039611.1	Eukaryota;Streptophyta;Magnoliopsida;Solanales;Solanaceae;Solanum;Solanum anguivi;NA;NA;NA
HQ721902.1	Eukaryota;Streptophyta;Magnoliopsida;Solanales;Solanaceae;Solanum;Solanum anomalum;NA;NA;NA
HM006830.1	Eukaryota;Streptophyta;Magnoliopsida;Solanales;Solanaceae;Solanum;Solanum betaceum;NA;NA;NA
NC_086868.1	Eukaryota;Streptophyta;Magnoliopsida;Solanales;Solanaceae;Solanum;Solanum betaceum;NA;NA;NA
GQ163492.1	Eukaryota;Streptophyta;Magnoliopsida;Solanales;Solanaceae;Solanum;Solanum centrale;NA;NA;NA
NC_050209.1	Eukaryota;Streptophyta;Magnoliopsida;Solanales;Solanaceae;Solanum;Solanum chaucha;NA;NA;NA
NC_086861.1	Eukaryota;Streptophyta;Magnoliopsida;Solanales;Solanaceae;Solanum;Solanum lasiocarpum;NA;NA;NA
HM006833.1	Eukaryota;Streptophyta;Magnoliopsida;Solanales;Solanaceae;Solanum;Solanum linearifolium;NA;NA;NA
CP023761.1	Eukaryota;Streptophyta;Magnoliopsida;Solanales;Solanaceae;Solanum;Solanum lycopersicum;NA;NA;NA
NC_007898.3	Eukaryota;Streptophyta;Magnoliopsida;Solanales;Solanaceae;Solanum;Solanum lycopersicum;NA;NA;NA
AB515413.1	Eukaryota;Streptophyta;Magnoliopsida;Solanales;Solanaceae;Solanum;Solanum lycopersicum;NA;Solanum lycopersicum var. cerasiforme;NA
NC_039606.1	Eukaryota;Streptophyta;Magnoliopsida;Solanales;Solanaceae;Solanum;Solanum macrocarpon;NA;NA;NA
AY159359.1	Eukaryota;Streptophyta;Magnoliopsida;Solanales;Solanaceae;Solanum;Solanum mammosum;NA;NA;NA
NC_030207.1	Eukaryota;Streptophyta;Magnoliopsida;Solanales;Solanaceae;Solanum;Solanum melongena;NA;NA;NA
PP081784.1	Eukaryota;Streptophyta;Magnoliopsida;Solanales;Solanaceae;Solanum;Solanum melongena;NA;NA;NA
NC_083980.1	Eukaryota;Streptophyta;Magnoliopsida;Solanales;Solanaceae;Solanum;Solanum muricatum;NA;NA;NA
NC_028070.2	Eukaryota;Streptophyta;Magnoliopsida;Solanales;Solanaceae;Solanum;Solanum nigrum;NA;NA;NA
NC_041625.1	Eukaryota;Streptophyta;Magnoliopsida;Solanales;Solanaceae;Solanum;Solanum phureja;NA;NA;NA
AY266228.1	Eukaryota;Streptophyta;Magnoliopsida;Solanales;Solanaceae;Solanum;Solanum quitoense;NA;NA;NA
NC_062483.1	Eukaryota;Streptophyta;Magnoliopsida;Solanales;Solanaceae;Solanum;Solanum scabrum;NA;NA;NA
AY266260.1	Eukaryota;Streptophyta;Magnoliopsida;Solanales;Solanaceae;Solanum;Solanum sessiliflorum;NA;NA;NA
NC_041605.1	Eukaryota;Streptophyta;Magnoliopsida;Solanales;Solanaceae;Solanum;Solanum stenotomum;Solanum stenotomum subsp. goniocalyx;NA;NA
NC_085711.1	Eukaryota;Streptophyta;Magnoliopsida;Solanales;Solanaceae;Solanum;Solanum torvum;NA;NA;NA
NC_008096.2	Eukaryota;Streptophyta;Magnoliopsida;Solanales;Solanaceae;Solanum;Solanum tuberosum;NA;NA;NA
NC_008602.1	Eukaryota;Streptophyta;Magnoliopsida;Poales;Poaceae;Sorghum;Sorghum bicolor;NA;NA;NA
NC_049000.1	Eukaryota;Streptophyta;Magnoliopsida;Lamiales;Bignoniaceae;Spathodea;Spathodea campanulata;NA;NA;NA
NC_039346.1	Eukaryota;Streptophyta;Magnoliopsida;Asterales;Asteraceae;Sphagneticola;Sphagneticola calendulacea;NA;NA;NA
NC_002202.1	Eukaryota;Streptophyta;Magnoliopsida;Caryophyllales;Amaranthaceae;Spinacia;Spinacia oleracea;NA;NA;NA
AB935652.1	Eukaryota;Streptophyta;Magnoliopsida;Caryophyllales;Amaranthaceae;Spinacia;Spinacia oleracea;Spinacia oleracea subsp. turkestanica;NA;NA
AB935658.1	Eukaryota;Streptophyta;Magnoliopsida;Caryophyllales;Amaranthaceae;Spinacia;Spinacia tetrandra;NA;NA;NA
AB935659.1	Eukaryota;Streptophyta;Magnoliopsida;Caryophyllales;Amaranthaceae;Spinacia;Spinacia tetrandra;NA;NA;NA
MG584503.1	Eukaryota;Streptophyta;Magnoliopsida;Sapindales;Anacardiaceae;Spondias;Spondias dulcis;NA;NA;NA
NC_059000.1	Eukaryota;Streptophyta;Magnoliopsida;Sapindales;Anacardiaceae;Spondias;Spondias dulcis;NA;NA;NA
KR081831.1	Eukaryota;Streptophyta;Magnoliopsida;Sapindales;Anacardiaceae;Spondias;Spondias mombin;NA;NA;NA
MG584504.1	Eukaryota;Streptophyta;Magnoliopsida;Sapindales;Anacardiaceae;Spondias;Spondias mombin;NA;NA;NA
NC_035973.1	Eukaryota;Streptophyta;Magnoliopsida;Sapindales;Anacardiaceae;Spondias;Spondias mombin;NA;NA;NA
KP055576.1	Eukaryota;Streptophyta;Magnoliopsida;Sapindales;Anacardiaceae;Spondias;Spondias pinnata;NA;NA;NA
KR081861.1	Eukaryota;Streptophyta;Magnoliopsida;Sapindales;Anacardiaceae;Spondias;Spondias pinnata;NA;NA;NA
KR081863.1	Eukaryota;Streptophyta;Magnoliopsida;Sapindales;Anacardiaceae;Spondias;Spondias pinnata;NA;NA;NA
KR081864.1	Eukaryota;Streptophyta;Magnoliopsida;Sapindales;Anacardiaceae;Spondias;Spondias purpurea;NA;NA;NA
MG584506.1	Eukaryota;Streptophyta;Magnoliopsida;Sapindales;Anacardiaceae;Spondias;Spondias purpurea;NA;NA;NA
NC_062803.1	Eukaryota;Streptophyta;Magnoliopsida;Lamiales;Lamiaceae;Stachys;Stachys affinis;NA;NA;NA
NC_070235.1	Eukaryota;Streptophyta;Magnoliopsida;Magnoliales;Annonaceae;Stelechocarpus;Stelechocarpus burahol;NA;NA;NA
DQ099975.1	Eukaryota;Streptophyta;Magnoliopsida;Caryophyllales;Cactaceae;Stenocereus;Stenocereus griseus;NA;NA;NA
DQ099980.1	Eukaryota;Streptophyta;Magnoliopsida;Caryophyllales;Cactaceae;Stenocereus;Stenocereus pruinosus;NA;NA;NA
HM041359.1	Eukaryota;Streptophyta;Magnoliopsida;Caryophyllales;Cactaceae;Stenocereus;Stenocereus pruinosus;NA;NA;NA
KF783688.1	Eukaryota;Streptophyta;Magnoliopsida;Caryophyllales;Cactaceae;Stenocereus;Stenocereus pruinosus;NA;NA;NA
DQ099981.1	Eukaryota;Streptophyta;Magnoliopsida;Caryophyllales;Cactaceae;Stenocereus;Stenocereus queretaroensis;NA;NA;NA
AY181640.2	Eukaryota;Streptophyta;Magnoliopsida;Caryophyllales;Cactaceae;Stenocereus;Stenocereus stellatus;NA;NA;NA
HM041360.1	Eukaryota;Streptophyta;Magnoliopsida;Caryophyllales;Cactaceae;Stenocereus;Stenocereus stellatus;NA;NA;NA
JN676076.1	Eukaryota;Streptophyta;Magnoliopsida;Malvales;Malvaceae;Sterculia;Sterculia foetida;NA;NA;NA
NC_088097.1	Eukaryota;Streptophyta;Magnoliopsida;Malvales;Malvaceae;Sterculia;Sterculia foetida;NA;NA;NA
NC_053571.1	Eukaryota;Streptophyta;Magnoliopsida;Malvales;Malvaceae;Sterculia;Sterculia monosperma;NA;NA;NA
NC_066036.1	Eukaryota;Streptophyta;Magnoliopsida;Asterales;Asteraceae;Stevia;Stevia rebaudiana;NA;NA;NA
AF311368.1	Eukaryota;Streptophyta;Magnoliopsida;Fabales;Fabaceae;Styphnolobium;Styphnolobium japonicum;NA;NA;NA
ON996907.1	Eukaryota;Streptophyta;Magnoliopsida;Fabales;Fabaceae;Styphnolobium;Styphnolobium japonicum;NA;NA;Styphnolobium japonicum f. pendulum
NC_045071.1	Eukaryota;Streptophyta;Magnoliopsida;Fabales;Fabaceae;Styphnolobium;Styphnolobium japonicum;NA;Styphnolobium japonicum var. japonicum;NA
NC_045303.1	Eukaryota;Streptophyta;Magnoliopsida;Caryophyllales;Amaranthaceae;Suaeda;Suaeda glauca;NA;NA;NA
NC_053849.1	Eukaryota;Streptophyta;Magnoliopsida;Ericales;Sapotaceae;Synsepalum;Synsepalum dulcificum;NA;NA;NA
NC_036987.1	Eukaryota;Streptophyta;Magnoliopsida;Lamiales;Oleaceae;Syringa;Syringa vulgaris;NA;NA;NA
MN119693.1	Eukaryota;Streptophyta;Magnoliopsida;Myrtales;Myrtaceae;Syzygium;Syzygium aqueum;NA;NA;NA
NC_047249.1	Eukaryota;Streptophyta;Magnoliopsida;Myrtales;Myrtaceae;Syzygium;Syzygium aromaticum;NA;NA;NA
NC_082025.1	Eukaryota;Streptophyta;Magnoliopsida;Myrtales;Myrtaceae;Syzygium;Syzygium australe;NA;NA;NA
NC_053327.1	Eukaryota;Streptophyta;Magnoliopsida;Myrtales;Myrtaceae;Syzygium;Syzygium cumini;NA;NA;NA
NC_052728.1	Eukaryota;Streptophyta;Magnoliopsida;Myrtales;Myrtaceae;Syzygium;Syzygium jambos;NA;NA;NA
NC_052867.1	Eukaryota;Streptophyta;Magnoliopsida;Myrtales;Myrtaceae;Syzygium;Syzygium malaccense;NA;NA;NA
NC_060657.1	Eukaryota;Streptophyta;Magnoliopsida;Myrtales;Myrtaceae;Syzygium;Syzygium samarangense;NA;NA;NA
JN850599.1	Eukaryota;Streptophyta;Magnoliopsida;Dioscoreales;Taccaceae;Tacca;Tacca leontopetaloides;NA;NA;NA
JQ733889.1	Eukaryota;Streptophyta;Magnoliopsida;Dioscoreales;Taccaceae;Tacca;Tacca leontopetaloides;NA;NA;NA
NC_036658.1	Eukaryota;Streptophyta;Magnoliopsida;Dioscoreales;Taccaceae;Tacca;Tacca leontopetaloides;NA;NA;NA
NC_045211.1	Eukaryota;Streptophyta;Magnoliopsida;Asterales;Asteraceae;Tagetes;Tagetes erecta;NA;NA;NA
AH007134.2	Eukaryota;Streptophyta;Magnoliopsida;Asterales;Asteraceae;Tagetes;Tagetes patula;NA;NA;NA
NC_067064.1	Eukaryota;Streptophyta;Magnoliopsida;Caryophyllales;Talinaceae;Talinum;Talinum fruticosum;NA;NA;NA
NC_037748.1	Eukaryota;Streptophyta;Magnoliopsida;Caryophyllales;Talinaceae;Talinum;Talinum paniculatum;NA;NA;NA
KM261958.1	Eukaryota;Streptophyta;Magnoliopsida;Caryophyllales;Talinaceae;Talinum;Talinum portulacifolium;NA;NA;NA
AB817483.1	Eukaryota;Streptophyta;Magnoliopsida;Malvales;Malvaceae;Talipariti;Talipariti tiliaceum;NA;NA;NA
NC_026685.1	Eukaryota;Streptophyta;Magnoliopsida;Fabales;Fabaceae;Tamarindus;Tamarindus indica;NA;NA;NA
NC_066023.1	Eukaryota;Streptophyta;Magnoliopsida;Asterales;Asteraceae;Tanacetum;Tanacetum parthenium;NA;NA;NA
NC_066029.1	Eukaryota;Streptophyta;Magnoliopsida;Asterales;Asteraceae;Tanacetum;Tanacetum vulgare;NA;NA;NA
HM590352.1	Eukaryota;Streptophyta;Magnoliopsida;Asterales;Asteraceae;Taraxacum;Taraxacum officinale;NA;NA;NA
KX984963.1	Eukaryota;Streptophyta;Magnoliopsida;Asterales;Asteraceae;Taraxacum;Taraxacum officinale;NA;NA;NA
NC_030772.1	Eukaryota;Streptophyta;Magnoliopsida;Asterales;Asteraceae;Taraxacum;Taraxacum officinale;NA;NA;NA
AY004144.1	Eukaryota;Streptophyta;Magnoliopsida;Canellales;Winteraceae;Tasmannia;Tasmannia insipida;NA;NA;NA
NC_050986.1	Eukaryota;Streptophyta;Magnoliopsida;Canellales;Winteraceae;Tasmannia;Tasmannia lanceolata;NA;NA;NA
NC_067979.1	Eukaryota;Streptophyta;Magnoliopsida;Cucurbitales;Cucurbitaceae;Telfairia;Telfairia occidentalis;NA;NA;NA
AF102493.2	Eukaryota;Streptophyta;Magnoliopsida;Gentianales;Apocynaceae;Telosma;Telosma cordata;NA;NA;NA
AB817424.1	Eukaryota;Streptophyta;Magnoliopsida;Myrtales;Combretaceae;Terminalia;Terminalia catappa;NA;NA;NA
MH547575.1	Eukaryota;Streptophyta;Magnoliopsida;Myrtales;Combretaceae;Terminalia;Terminalia catappa;NA;NA;NA
NC_053323.1	Eukaryota;Streptophyta;Magnoliopsida;Myrtales;Combretaceae;Terminalia;Terminalia catappa;NA;NA;NA
NC_036991.1	Eukaryota;Streptophyta;Magnoliopsida;Caryophyllales;Aizoaceae;Tetragonia;Tetragonia tetragonoides;NA;NA;NA
EU647826.1	Eukaryota;Streptophyta;Magnoliopsida;Zingiberales;Marantaceae;Thaumatococcus;Thaumatococcus daniellii;NA;NA;NA
NC_073584.1	Eukaryota;Streptophyta;Magnoliopsida;Malvales;Malvaceae;Theobroma;Theobroma bicolor;NA;NA;NA
NC_014676.2	Eukaryota;Streptophyta;Magnoliopsida;Malvales;Malvaceae;Theobroma;Theobroma cacao;NA;NA;NA
NC_054233.1	Eukaryota;Streptophyta;Magnoliopsida;Malvales;Malvaceae;Theobroma;Theobroma grandiflorum;NA;NA;NA
NC_086487.1	Eukaryota;Streptophyta;Magnoliopsida;Lamiales;Lamiaceae;Thymus;Thymus vulgaris;NA;NA;NA
NC_047246.1	Eukaryota;Streptophyta;Magnoliopsida;Apiales;Apiaceae;Trachyspermum;Trachyspermum ammi;NA;NA;NA
EF374322.1	Eukaryota;Streptophyta;Magnoliopsida;Asterales;Asteraceae;Tragopogon;Tragopogon porrifolius;NA;NA;NA
EU392072.1	Eukaryota;Streptophyta;Magnoliopsida;Asterales;Asteraceae;Tragopogon;Tragopogon porrifolius;Tragopogon porrifolius subsp. australis;NA;NA
EU392079.1	Eukaryota;Streptophyta;Magnoliopsida;Asterales;Asteraceae;Tragopogon;Tragopogon porrifolius;Tragopogon porrifolius subsp. longirostris;NA;NA
NC_042895.1	Eukaryota;Streptophyta;Magnoliopsida;Myrtales;Lythraceae;Trapa;Trapa natans;NA;NA;NA
KU855596.1	Eukaryota;Streptophyta;Magnoliopsida;Rosales;Moraceae;Treculia;Treculia africana;NA;NA;NA
NC_072518.1	Eukaryota;Streptophyta;Magnoliopsida;Cucurbitales;Cucurbitaceae;Trichosanthes;Trichosanthes cucumerina;NA;NA;NA
NC_046884.1	Eukaryota;Streptophyta;Magnoliopsida;Cucurbitales;Cucurbitaceae;Trichosanthes;Trichosanthes pilosa;NA;NA;NA
DQ311723.1	Eukaryota;Streptophyta;Magnoliopsida;Fabales;Fabaceae;Trifolium;Trifolium alexandrinum;NA;NA;NA
HQ324065.1	Eukaryota;Streptophyta;Magnoliopsida;Fabales;Fabaceae;Trifolium;Trifolium pratense;NA;NA;NA
KU974031.1	Eukaryota;Streptophyta;Magnoliopsida;Fabales;Fabaceae;Trifolium;Trifolium pratense;NA;NA;NA
NC_047412.1	Eukaryota;Streptophyta;Magnoliopsida;Fabales;Fabaceae;Trifolium;Trifolium pratense;NA;NA;NA
PP944793.1	Eukaryota;Streptophyta;Magnoliopsida;Fabales;Fabaceae;Trifolium;Trifolium pratense;NA;NA;NA
AB546814.1	Eukaryota;Streptophyta;Magnoliopsida;Fabales;Fabaceae;Trifolium;Trifolium repens;NA;NA;NA
NC_024036.1	Eukaryota;Streptophyta;Magnoliopsida;Fabales;Fabaceae;Trifolium;Trifolium repens;NA;NA;NA
PV815197.1	Eukaryota;Streptophyta;Magnoliopsida;Fabales;Fabaceae;Trifolium;Trifolium repens;NA;NA;NA
NC_042857.1	Eukaryota;Streptophyta;Magnoliopsida;Fabales;Fabaceae;Trigonella;Trigonella foenum-graecum;NA;NA;NA
AY295297.1	Eukaryota;Streptophyta;Magnoliopsida;Sapindales;Rutaceae;Triphasia;Triphasia trifolia;NA;NA;NA
KY750540.1	Eukaryota;Streptophyta;Magnoliopsida;Poales;Poaceae;Triticum;Triticum aestivum;NA;NA;NA
NC_002762.1	Eukaryota;Streptophyta;Magnoliopsida;Poales;Poaceae;Triticum;Triticum aestivum;NA;NA;NA
DQ419999.1	Eukaryota;Streptophyta;Magnoliopsida;Poales;Poaceae;Triticum;Triticum dicoccoides;NA;NA;NA
EU013663.1	Eukaryota;Streptophyta;Magnoliopsida;Poales;Poaceae;Triticum;Triticum ispahanicum;NA;NA;NA
NC_025955.1	Eukaryota;Streptophyta;Magnoliopsida;Poales;Poaceae;Triticum;Triticum macha;NA;NA;NA
AB732943.1	Eukaryota;Streptophyta;Magnoliopsida;Poales;Poaceae;Triticum;Triticum macha;NA;Triticum macha var. subletschumicum;NA
NC_021760.1	Eukaryota;Streptophyta;Magnoliopsida;Poales;Poaceae;Triticum;Triticum monococcum;NA;NA;NA
AB732941.1	Eukaryota;Streptophyta;Magnoliopsida;Poales;Poaceae;Triticum;Triticum monococcum;Triticum monococcum subsp. aegilopoides;NA;NA
AB732944.1	Eukaryota;Streptophyta;Magnoliopsida;Poales;Poaceae;Triticum;Triticum monococcum;Triticum monococcum subsp. monococcum;NA;NA
JX456364.1	Eukaryota;Streptophyta;Magnoliopsida;Poales;Poaceae;Triticum;Triticum spelta;NA;NA;NA
AB732945.1	Eukaryota;Streptophyta;Magnoliopsida;Poales;Poaceae;Triticum;Triticum spelta;NA;Triticum spelta var. duhamelianum;NA
NC_024764.1	Eukaryota;Streptophyta;Magnoliopsida;Poales;Poaceae;Triticum;Triticum timopheevii;NA;NA;NA
DQ419998.1	Eukaryota;Streptophyta;Magnoliopsida;Poales;Poaceae;Triticum;Triticum timopheevii;Triticum timopheevii subsp. araraticum;NA;NA
NC_024814.1	Eukaryota;Streptophyta;Magnoliopsida;Poales;Poaceae;Triticum;Triticum turgidum;NA;NA;NA
JX456363.1	Eukaryota;Streptophyta;Magnoliopsida;Poales;Poaceae;Triticum;Triticum turgidum;Triticum turgidum subsp. dicoccum;NA;NA
AB732942.1	Eukaryota;Streptophyta;Magnoliopsida;Poales;Poaceae;Triticum;Triticum turgidum;Triticum turgidum subsp. durum;NA;NA
NC_021762.1	Eukaryota;Streptophyta;Magnoliopsida;Poales;Poaceae;Triticum;Triticum urartu;NA;NA;NA
AB732946.1	Eukaryota;Streptophyta;Magnoliopsida;Poales;Poaceae;Triticum;Triticum urartu;NA;Triticum urartu var. nigrum;NA
NC_066011.1	Eukaryota;Streptophyta;Magnoliopsida;Brassicales;Tropaeolaceae;Tropaeolum;Tropaeolum majus;NA;NA;NA
KU692130.1	Eukaryota;Streptophyta;Magnoliopsida;Asparagales;Amaryllidaceae;Tulbaghia;Tulbaghia violacea;NA;NA;NA
NC_057555.1	Eukaryota;Streptophyta;Magnoliopsida;Asparagales;Amaryllidaceae;Tulbaghia;Tulbaghia violacea;NA;NA;NA
KU692131.1	Eukaryota;Streptophyta;Magnoliopsida;Asparagales;Amaryllidaceae;Tulbaghia;Tulbaghia violacea;NA;Tulbaghia violacea var. obtusa;NA
KU692133.1	Eukaryota;Streptophyta;Magnoliopsida;Asparagales;Amaryllidaceae;Tulbaghia;Tulbaghia violacea;NA;Tulbaghia violacea var. violacea;NA
NC_067756.1	Eukaryota;Streptophyta;Magnoliopsida;Fabales;Fabaceae;Tylosema;Tylosema esculentum;NA;NA;NA
AM113701.1	Eukaryota;Streptophyta;Magnoliopsida;Poales;Typhaceae;Typha;Typha angustifolia;NA;NA;NA
JF319451.1	Eukaryota;Streptophyta;Magnoliopsida;Poales;Typhaceae;Typha;Typha angustifolia;NA;NA;NA
JX508603.1	Eukaryota;Streptophyta;Magnoliopsida;Poales;Typhaceae;Typha;Typha angustifolia;NA;NA;NA
EU924502.1	Eukaryota;Streptophyta;Magnoliopsida;Poales;Typhaceae;Typha;Typha domingensis;NA;NA;NA
GQ245632.1	Eukaryota;Streptophyta;Magnoliopsida;Poales;Typhaceae;Typha;Typha latifolia;NA;NA;NA
JF319485.1	Eukaryota;Streptophyta;Magnoliopsida;Poales;Typhaceae;Typha;Typha latifolia;NA;NA;NA
JX508606.1	Eukaryota;Streptophyta;Magnoliopsida;Poales;Typhaceae;Typha;Typha latifolia;NA;NA;NA
JX508607.1	Eukaryota;Streptophyta;Magnoliopsida;Poales;Typhaceae;Typha;Typha latifolia;NA;NA;NA
NC_013823.1	Eukaryota;Streptophyta;Magnoliopsida;Poales;Typhaceae;Typha;Typha latifolia;NA;NA;NA
JF319499.1	Eukaryota;Streptophyta;Magnoliopsida;Poales;Typhaceae;Typha;Typha orientalis;NA;NA;NA
NC_050678.1	Eukaryota;Streptophyta;Magnoliopsida;Poales;Typhaceae;Typha;Typha orientalis;NA;NA;NA
PP081839.1	Eukaryota;Streptophyta;Magnoliopsida;Poales;Typhaceae;Typha;Typha orientalis;NA;NA;NA
PP081875.1	Eukaryota;Streptophyta;Magnoliopsida;Malvales;Malvaceae;Urena;Urena lobata;NA;NA;NA
GU594571.1	Eukaryota;Streptophyta;Magnoliopsida;Poales;Poaceae;Urochloa;Urochloa deflexa;NA;NA;NA
KR738079.1	Eukaryota;Streptophyta;Magnoliopsida;Poales;Poaceae;Urochloa;Urochloa deflexa;NA;NA;NA
KR738080.1	Eukaryota;Streptophyta;Magnoliopsida;Poales;Poaceae;Urochloa;Urochloa deflexa;NA;NA;NA
AY208725.1	Eukaryota;Streptophyta;Magnoliopsida;Rosales;Urticaceae;Urtica;Urtica dioica;NA;NA;NA
GQ245633.1	Eukaryota;Streptophyta;Magnoliopsida;Rosales;Urticaceae;Urtica;Urtica dioica;NA;NA;NA
HQ324071.1	Eukaryota;Streptophyta;Magnoliopsida;Rosales;Urticaceae;Urtica;Urtica dioica;NA;NA;NA
KF971224.1	Eukaryota;Streptophyta;Magnoliopsida;Rosales;Urticaceae;Urtica;Urtica dioica;NA;NA;NA
NC_064948.1	Eukaryota;Streptophyta;Magnoliopsida;Rosales;Urticaceae;Urtica;Urtica dioica;NA;NA;NA
MH358323.1	Eukaryota;Streptophyta;Magnoliopsida;Rosales;Urticaceae;Urtica;Urtica dioica;Urtica dioica subsp. dioica;NA;NA
KF971244.1	Eukaryota;Streptophyta;Magnoliopsida;Rosales;Urticaceae;Urtica;Urtica dioica;Urtica dioica subsp. pubescens;NA;NA
KF559015.1	Eukaryota;Streptophyta;Magnoliopsida;Rosales;Urticaceae;Urtica;Urtica dioica;Urtica dioica subsp. sondenii;NA;NA
KF559011.1	Eukaryota;Streptophyta;Magnoliopsida;Rosales;Urticaceae;Urtica;Urtica dioica;Urtica dioica subsp. subinermis;NA;NA
KF559012.1	Eukaryota;Streptophyta;Magnoliopsida;Rosales;Urticaceae;Urtica;Urtica dioica;Urtica dioica subsp. subinermis;NA;NA
MH358324.1	Eukaryota;Streptophyta;Magnoliopsida;Rosales;Urticaceae;Urtica;Urtica dioica;Urtica dioica subsp. xingjiangensis;NA;NA
KF559009.1	Eukaryota;Streptophyta;Magnoliopsida;Rosales;Urticaceae;Urtica;Urtica dioica;Urtica dioica subsp. dioica;Urtica dioica var. angustifolia;NA
KF971242.1	Eukaryota;Streptophyta;Magnoliopsida;Rosales;Urticaceae;Urtica;Urtica dioica;Urtica dioica subsp. dioica;Urtica dioica var. capensis;NA
KF559039.1	Eukaryota;Streptophyta;Magnoliopsida;Rosales;Urticaceae;Urtica;Urtica dioica;Urtica dioica subsp. dioica;Urtica dioica var. dioica;NA
KF559040.1	Eukaryota;Streptophyta;Magnoliopsida;Rosales;Urticaceae;Urtica;Urtica dioica;Urtica dioica subsp. dioica;Urtica dioica var. dioica;NA
KF559061.1	Eukaryota;Streptophyta;Magnoliopsida;Rosales;Urticaceae;Urtica;Urtica dioica;Urtica dioica subsp. dioica;Urtica dioica var. elegans;NA
KF559041.1	Eukaryota;Streptophyta;Magnoliopsida;Rosales;Urticaceae;Urtica;Urtica dioica;Urtica dioica subsp. dioica;Urtica dioica var. hispida;NA
KF559008.1	Eukaryota;Streptophyta;Magnoliopsida;Rosales;Urticaceae;Urtica;Urtica dioica;Urtica dioica subsp. dioica;Urtica dioica var. sarmatica;NA
AY841741.1	Eukaryota;Streptophyta;Magnoliopsida;Magnoliales;Annonaceae;Uvaria;Uvaria chamae;NA;NA;NA
NC_068713.1	Eukaryota;Streptophyta;Magnoliopsida;Ericales;Ericaceae;Vaccinium;Vaccinium angustifolium;NA;NA;NA
NC_071868.1	Eukaryota;Streptophyta;Magnoliopsida;Ericales;Ericaceae;Vaccinium;Vaccinium ashei;NA;NA;NA
NC_068711.1	Eukaryota;Streptophyta;Magnoliopsida;Ericales;Ericaceae;Vaccinium;Vaccinium corymbosum;NA;NA;NA
NC_019616.1	Eukaryota;Streptophyta;Magnoliopsida;Ericales;Ericaceae;Vaccinium;Vaccinium macrocarpon;NA;NA;NA
GQ245637.1	Eukaryota;Streptophyta;Magnoliopsida;Ericales;Ericaceae;Vaccinium;Vaccinium myrtillus;NA;NA;NA
LT160664.1	Eukaryota;Streptophyta;Magnoliopsida;Ericales;Ericaceae;Vaccinium;Vaccinium myrtillus;NA;NA;NA
NC_068715.1	Eukaryota;Streptophyta;Magnoliopsida;Ericales;Ericaceae;Vaccinium;Vaccinium myrtillus;NA;NA;NA
LC864050.1	Eukaryota;Streptophyta;Magnoliopsida;Ericales;Ericaceae;Vaccinium;Vaccinium oxycoccos;NA;NA;NA
NC_081496.1	Eukaryota;Streptophyta;Magnoliopsida;Ericales;Ericaceae;Vaccinium;Vaccinium oxycoccos;NA;NA;NA
AF271698.1	Eukaryota;Streptophyta;Magnoliopsida;Ericales;Ericaceae;Vaccinium;Vaccinium pallidum;NA;NA;NA
LT606769.1	Eukaryota;Streptophyta;Magnoliopsida;Ericales;Ericaceae;Vaccinium;Vaccinium uliginosum;NA;NA;NA
DQ860641.1	Eukaryota;Streptophyta;Magnoliopsida;Ericales;Ericaceae;Vaccinium;Vaccinium vitis-idaea;NA;NA;NA
KX668048.1	Eukaryota;Streptophyta;Magnoliopsida;Ericales;Ericaceae;Vaccinium;Vaccinium vitis-idaea;NA;NA;NA
LC864089.1	Eukaryota;Streptophyta;Magnoliopsida;Ericales;Ericaceae;Vaccinium;Vaccinium vitis-idaea;NA;NA;NA
LT606033.1	Eukaryota;Streptophyta;Magnoliopsida;Ericales;Ericaceae;Vaccinium;Vaccinium vitis-idaea;NA;NA;NA
LT606034.1	Eukaryota;Streptophyta;Magnoliopsida;Ericales;Ericaceae;Vaccinium;Vaccinium vitis-idaea;NA;NA;NA
LT606250.1	Eukaryota;Streptophyta;Magnoliopsida;Ericales;Ericaceae;Vaccinium;Vaccinium vitis-idaea;NA;NA;NA
LT606251.1	Eukaryota;Streptophyta;Magnoliopsida;Ericales;Ericaceae;Vaccinium;Vaccinium vitis-idaea;NA;NA;NA
LT606320.1	Eukaryota;Streptophyta;Magnoliopsida;Ericales;Ericaceae;Vaccinium;Vaccinium vitis-idaea;NA;NA;NA
LT606349.1	Eukaryota;Streptophyta;Magnoliopsida;Ericales;Ericaceae;Vaccinium;Vaccinium vitis-idaea;NA;NA;NA
LT606360.1	Eukaryota;Streptophyta;Magnoliopsida;Ericales;Ericaceae;Vaccinium;Vaccinium vitis-idaea;NA;NA;NA
LT606361.1	Eukaryota;Streptophyta;Magnoliopsida;Ericales;Ericaceae;Vaccinium;Vaccinium vitis-idaea;NA;NA;NA
LT606385.1	Eukaryota;Streptophyta;Magnoliopsida;Ericales;Ericaceae;Vaccinium;Vaccinium vitis-idaea;NA;NA;NA
LT606435.1	Eukaryota;Streptophyta;Magnoliopsida;Ericales;Ericaceae;Vaccinium;Vaccinium vitis-idaea;NA;NA;NA
LT606454.1	Eukaryota;Streptophyta;Magnoliopsida;Ericales;Ericaceae;Vaccinium;Vaccinium vitis-idaea;NA;NA;NA
LT606477.1	Eukaryota;Streptophyta;Magnoliopsida;Ericales;Ericaceae;Vaccinium;Vaccinium vitis-idaea;NA;NA;NA
LT606773.1	Eukaryota;Streptophyta;Magnoliopsida;Ericales;Ericaceae;Vaccinium;Vaccinium vitis-idaea;NA;NA;NA
GQ245645.1	Eukaryota;Streptophyta;Magnoliopsida;Dipsacales;Caprifoliaceae;Valeriana;Valeriana excelsa;Valeriana excelsa subsp. sambucifolia;NA;NA
AF446984.1	Eukaryota;Streptophyta;Magnoliopsida;Dipsacales;Caprifoliaceae;Valerianella;Valerianella locusta;NA;NA;NA
GU168718.1	Eukaryota;Streptophyta;Magnoliopsida;Dipsacales;Caprifoliaceae;Valerianella;Valerianella locusta;NA;NA;NA
NC_065842.1	Eukaryota;Streptophyta;Magnoliopsida;Dipsacales;Caprifoliaceae;Valerianella;Valerianella locusta;NA;NA;NA
ON234175.1	Eukaryota;Streptophyta;Magnoliopsida;Dipsacales;Caprifoliaceae;Valerianella;Valerianella locusta;Valerianella locusta subsp. lusitanica;NA;NA
AF152654.1	Eukaryota;Streptophyta;Magnoliopsida;Gentianales;Rubiaceae;Vangueria;Vangueria madagascariensis;NA;NA;NA
AJ409457.1	Eukaryota;Streptophyta;Magnoliopsida;Asparagales;Orchidaceae;Vanilla;Vanilla planifolia;NA;NA;NA
NC_026778.1	Eukaryota;Streptophyta;Magnoliopsida;Asparagales;Orchidaceae;Vanilla;Vanilla planifolia;NA;NA;NA
EU498223.1	Eukaryota;Streptophyta;Magnoliopsida;Asparagales;Orchidaceae;Vanilla;Vanilla pompona;NA;NA;NA
FR851213.1	Eukaryota;Streptophyta;Magnoliopsida;Asparagales;Orchidaceae;Vanilla;Vanilla pompona;NA;NA;NA
NC_036809.1	Eukaryota;Streptophyta;Magnoliopsida;Asparagales;Orchidaceae;Vanilla;Vanilla pompona;NA;NA;NA
JX091865.1	Eukaryota;Streptophyta;Magnoliopsida;Brassicales;Caricaceae;Vasconcellea;Vasconcellea cundinamarcensis;NA;NA;NA
JX091857.1	Eukaryota;Streptophyta;Magnoliopsida;Brassicales;Caricaceae;Vasconcellea;Vasconcellea x heilbornii;NA;NA;NA
EU326103.1	Eukaryota;Streptophyta;Magnoliopsida;Lamiales;Plantaginaceae;Veronica;Veronica anagallis;NA;NA;NA
NC_082107.1	Eukaryota;Streptophyta;Magnoliopsida;Lamiales;Plantaginaceae;Veronica;Veronica anagallis-aquatica;NA;NA;NA
AB546808.1	Eukaryota;Streptophyta;Magnoliopsida;Fabales;Fabaceae;Vicia;Vicia ervilia;NA;NA;NA
JX505737.1	Eukaryota;Streptophyta;Magnoliopsida;Fabales;Fabaceae;Vicia;Vicia faba;NA;NA;NA
MZ334911.1	Eukaryota;Streptophyta;Magnoliopsida;Fabales;Fabaceae;Vicia;Vicia faba;NA;NA;NA
JN617167.1	Eukaryota;Streptophyta;Magnoliopsida;Fabales;Fabaceae;Vicia;Vicia faba;NA;Vicia faba var. major;NA
JN617168.1	Eukaryota;Streptophyta;Magnoliopsida;Fabales;Fabaceae;Vicia;Vicia faba;NA;Vicia faba var. minor;NA
AB304069.1	Eukaryota;Streptophyta;Magnoliopsida;Fabales;Fabaceae;Vigna;Vigna aconitifolia;NA;NA;NA
JX233507.1	Eukaryota;Streptophyta;Magnoliopsida;Fabales;Fabaceae;Vigna;Vigna angularis;NA;NA;NA
NC_021091.1	Eukaryota;Streptophyta;Magnoliopsida;Fabales;Fabaceae;Vigna;Vigna angularis;NA;NA;NA
AB304026.1	Eukaryota;Streptophyta;Magnoliopsida;Fabales;Fabaceae;Vigna;Vigna angularis;NA;Vigna angularis var. angularis;NA
AB304029.1	Eukaryota;Streptophyta;Magnoliopsida;Fabales;Fabaceae;Vigna;Vigna angularis;NA;Vigna angularis var. nipponensis;NA
NC_050260.1	Eukaryota;Streptophyta;Magnoliopsida;Fabales;Fabaceae;Vigna;Vigna mungo;NA;NA;NA
AB304066.1	Eukaryota;Streptophyta;Magnoliopsida;Fabales;Fabaceae;Vigna;Vigna mungo;NA;Vigna mungo var. mungo;NA
NC_013843.1	Eukaryota;Streptophyta;Magnoliopsida;Fabales;Fabaceae;Vigna;Vigna radiata;NA;NA;NA
AB304062.1	Eukaryota;Streptophyta;Magnoliopsida;Fabales;Fabaceae;Vigna;Vigna radiata;NA;Vigna radiata var. radiata;NA
AB304064.1	Eukaryota;Streptophyta;Magnoliopsida;Fabales;Fabaceae;Vigna;Vigna radiata;NA;Vigna radiata var. sublobata;NA
NC_057597.1	Eukaryota;Streptophyta;Magnoliopsida;Fabales;Fabaceae;Vigna;Vigna subterranea;NA;NA;NA
NC_062586.1	Eukaryota;Streptophyta;Magnoliopsida;Fabales;Fabaceae;Vigna;Vigna umbellata;NA;NA;NA
AB304074.1	Eukaryota;Streptophyta;Magnoliopsida;Fabales;Fabaceae;Vigna;Vigna unguiculata;NA;NA;NA
NC_018051.1	Eukaryota;Streptophyta;Magnoliopsida;Fabales;Fabaceae;Vigna;Vigna unguiculata;NA;NA;NA
OR997974.1	Eukaryota;Streptophyta;Magnoliopsida;Fabales;Fabaceae;Vigna;Vigna unguiculata;Vigna unguiculata subsp. cylindrica;NA;NA
JX233511.1	Eukaryota;Streptophyta;Magnoliopsida;Fabales;Fabaceae;Vigna;Vigna unguiculata;Vigna unguiculata subsp. sesquipedalis;NA;NA
JN617173.1	Eukaryota;Streptophyta;Magnoliopsida;Fabales;Fabaceae;Vigna;Vigna unguiculata;Vigna unguiculata subsp. unguiculata;NA;NA
NC_064686.1	Eukaryota;Streptophyta;Magnoliopsida;Malpighiales;Violaceae;Viola;Viola tricolor;NA;NA;NA
NC_057076.1	Eukaryota;Streptophyta;Magnoliopsida;Ericales;Sapotaceae;Vitellaria;Vitellaria paradoxa;NA;NA;NA
MK187249.1	Eukaryota;Streptophyta;Magnoliopsida;Lamiales;Lamiaceae;Vitex;Vitex doniana;NA;NA;NA
NC_031383.1	Eukaryota;Streptophyta;Magnoliopsida;Vitales;Vitaceae;Vitis;Vitis amurensis;NA;NA;NA
AB235081.1	Eukaryota;Streptophyta;Magnoliopsida;Vitales;Vitaceae;Vitis;Vitis rotundifolia;NA;NA;NA
HM586073.1	Eukaryota;Streptophyta;Magnoliopsida;Vitales;Vitaceae;Vitis;Vitis rotundifolia;NA;NA;NA
NC_023790.1	Eukaryota;Streptophyta;Magnoliopsida;Vitales;Vitaceae;Vitis;Vitis rotundifolia;NA;NA;NA
AF300295.1	Eukaryota;Streptophyta;Magnoliopsida;Vitales;Vitaceae;Vitis;Vitis vinifera;NA;NA;NA
KJ722614.1	Eukaryota;Streptophyta;Magnoliopsida;Vitales;Vitaceae;Vitis;Vitis vinifera;NA;NA;NA
KJ722633.1	Eukaryota;Streptophyta;Magnoliopsida;Vitales;Vitaceae;Vitis;Vitis vinifera;NA;NA;NA
GU815371.1	Eukaryota;Streptophyta;Magnoliopsida;Vitales;Vitaceae;Vitis;Vitis vinifera;Vitis vinifera subsp. caucasica;NA;NA
GU815393.1	Eukaryota;Streptophyta;Magnoliopsida;Vitales;Vitaceae;Vitis;Vitis vinifera;Vitis vinifera subsp. sylvestris;NA;NA
NC_059701.1	Eukaryota;Streptophyta;Magnoliopsida;Vitales;Vitaceae;Vitis;Vitis vinifera x Vitis labrusca;NA;NA;NA
KU853214.1	Eukaryota;Streptophyta;Magnoliopsida;Gentianales;Apocynaceae;Willughbeia;Willughbeia coriacea;NA;NA;NA
NC_072708.1	Eukaryota;Streptophyta;Magnoliopsida;Alismatales;Araceae;Wolffia;Wolffia arrhiza;NA;NA;NA
NC_036992.1	Eukaryota;Streptophyta;Magnoliopsida;Zingiberales;Zingiberaceae;Wurfbainia;Wurfbainia compacta;NA;NA;NA
KY689003.1	Eukaryota;Streptophyta;Magnoliopsida;Asterales;Asteraceae;Xanthium;Xanthium strumarium;NA;NA;NA
NC_072298.1	Eukaryota;Streptophyta;Magnoliopsida;Asterales;Asteraceae;Xanthium;Xanthium strumarium;NA;NA;NA
OR892238.1	Eukaryota;Streptophyta;Magnoliopsida;Asterales;Asteraceae;Xanthium;Xanthium strumarium;NA;NA;NA
NC_051873.1	Eukaryota;Streptophyta;Magnoliopsida;Alismatales;Araceae;Xanthosoma;Xanthosoma helleborifolium;NA;NA;NA
AY249020.1	Eukaryota;Streptophyta;Magnoliopsida;Alismatales;Araceae;Xanthosoma;Xanthosoma sagittifolium;NA;NA;NA
AY054709.1	Eukaryota;Streptophyta;Magnoliopsida;Alismatales;Araceae;Xanthosoma;Xanthosoma sp. Barabe 107;NA;NA;NA
EU193395.1	Eukaryota;Streptophyta;Magnoliopsida;Alismatales;Araceae;Xanthosoma;Xanthosoma violaceum;NA;NA;NA
MN207454.1	Eukaryota;Streptophyta;Magnoliopsida;Magnoliales;Annonaceae;Xylopia;Xylopia africana;NA;NA;NA
NC_032712.1	Eukaryota;Streptophyta;Magnoliopsida;Asparagales;Asparagaceae;Yucca;Yucca filamentosa;NA;NA;NA
EU092581.1	Eukaryota;Streptophyta;Magnoliopsida;Asparagales;Asparagaceae;Yucca;Yucca gigantea;NA;NA;NA
GQ273615.1	Eukaryota;Streptophyta;Cycadopsida;Cycadales;Zamiaceae;Zamia;Zamia integrifolia;NA;NA;NA
DQ226008.1	Eukaryota;Streptophyta;Magnoliopsida;Sapindales;Rutaceae;Zanthoxylum;Zanthoxylum bungeanum;NA;NA;NA
NC_031386.1	Eukaryota;Streptophyta;Magnoliopsida;Sapindales;Rutaceae;Zanthoxylum;Zanthoxylum bungeanum;NA;NA;NA
DQ226003.1	Eukaryota;Streptophyta;Magnoliopsida;Sapindales;Rutaceae;Zanthoxylum;Zanthoxylum simulans;NA;NA;NA
DQ226005.1	Eukaryota;Streptophyta;Magnoliopsida;Sapindales;Rutaceae;Zanthoxylum;Zanthoxylum simulans;NA;NA;NA
EF489248.1	Eukaryota;Streptophyta;Magnoliopsida;Sapindales;Rutaceae;Zanthoxylum;Zanthoxylum simulans;NA;NA;NA
NC_037482.1	Eukaryota;Streptophyta;Magnoliopsida;Sapindales;Rutaceae;Zanthoxylum;Zanthoxylum simulans;NA;NA;NA
NC_001666.2	Eukaryota;Streptophyta;Magnoliopsida;Poales;Poaceae;Zea;Zea mays;NA;NA;NA
NC_057615.1	Eukaryota;Streptophyta;Magnoliopsida;Zingiberales;Zingiberaceae;Zingiber;Zingiber mioga;NA;NA;NA
NC_053656.1	Eukaryota;Streptophyta;Magnoliopsida;Zingiberales;Zingiberaceae;Zingiber;Zingiber montanum;NA;NA;NA
NC_044775.1	Eukaryota;Streptophyta;Magnoliopsida;Zingiberales;Zingiberaceae;Zingiber;Zingiber officinale;NA;NA;NA
NC_020363.1	Eukaryota;Streptophyta;Magnoliopsida;Zingiberales;Zingiberaceae;Zingiber;Zingiber spectabile;NA;NA;NA
KY412469.1	Eukaryota;Streptophyta;Magnoliopsida;Zingiberales;Zingiberaceae;Zingiber;Zingiber zerumbet;NA;NA;NA
NC_049006.1	Eukaryota;Streptophyta;Magnoliopsida;Zingiberales;Zingiberaceae;Zingiber;Zingiber zerumbet;NA;NA;NA
NC_026967.1	Eukaryota;Streptophyta;Magnoliopsida;Poales;Poaceae;Zizania;Zizania aquatica;NA;NA;NA
NC_029401.1	Eukaryota;Streptophyta;Magnoliopsida;Poales;Poaceae;Zizania;Zizania latifolia;NA;NA;NA
NC_066144.1	Eukaryota;Streptophyta;Magnoliopsida;Poales;Poaceae;Zizania;Zizania palustris;NA;NA;NA
KR083150.1	Eukaryota;Streptophyta;Magnoliopsida;Rosales;Rhamnaceae;Ziziphus;Ziziphus jujuba;NA;NA;NA
NC_030299.1	Eukaryota;Streptophyta;Magnoliopsida;Rosales;Rhamnaceae;Ziziphus;Ziziphus jujuba;NA;NA;NA
NC_037151.1	Eukaryota;Streptophyta;Magnoliopsida;Rosales;Rhamnaceae;Ziziphus;Ziziphus mauritiana;NA;NA;NA
PP934646.1	Eukaryota;Streptophyta;Magnoliopsida;Rosales;Rhamnaceae;Ziziphus;Ziziphus mauritiana;NA;NA;NA
MN871703.1	Eukaryota;Streptophyta;Magnoliopsida;Poales;Poaceae;Cenchrus;Cenchrus americanus;[Pennisetum] glaucum subsp. monodii;NA;NA
synthetic_trnL_ASV	synthetic trnL ASV;synthetic trnL ASV;synthetic trnL ASV;synthetic trnL ASV;synthetic trnL ASV;synthetic trnL ASV;synthetic trnL ASV;NA;NA;NA
